user_id,variant,added_to_cart,data_type,removed_from_cart,completed_purchase,page_error,revenue
control_0,control,0,simulated,0,0,0,0.0
control_1,control,0,simulated,0,0,0,0.0
control_2,control,0,simulated,0,0,0,0.0
control_3,control,0,simulated,0,0,0,0.0
control_4,control,0,simulated,0,0,0,0.0
control_5,control,1,simulated,0,0,0,0.0
control_6,control,1,simulated,0,0,0,0.0
control_7,control,0,simulated,0,0,0,0.0
control_8,control,0,simulated,0,0,0,0.0
control_9,control,0,simulated,0,0,0,0.0
control_10,control,1,simulated,0,0,0,0.0
control_11,control,1,simulated,0,0,0,0.0
control_12,control,0,simulated,0,0,0,0.0
control_13,control,0,simulated,0,0,0,0.0
control_14,control,0,simulated,0,0,0,0.0
control_15,control,1,simulated,0,0,0,0.0
control_16,control,0,simulated,0,0,0,0.0
control_17,control,0,simulated,0,0,0,0.0
control_18,control,0,simulated,0,0,0,0.0
control_19,control,0,simulated,0,0,0,0.0
control_20,control,0,simulated,0,0,0,0.0
control_21,control,0,simulated,0,0,0,0.0
control_22,control,0,simulated,0,0,0,0.0
control_23,control,0,simulated,0,0,0,0.0
control_24,control,0,simulated,0,0,0,0.0
control_25,control,0,simulated,0,0,0,0.0
control_26,control,0,simulated,0,0,0,0.0
control_27,control,0,simulated,0,0,0,0.0
control_28,control,0,simulated,0,0,0,0.0
control_29,control,0,simulated,0,0,0,0.0
control_30,control,0,simulated,0,0,0,0.0
control_31,control,1,simulated,0,0,0,0.0
control_32,control,1,simulated,0,0,0,0.0
control_33,control,0,simulated,0,0,0,0.0
control_34,control,0,simulated,0,0,0,0.0
control_35,control,1,simulated,0,0,0,0.0
control_36,control,0,simulated,0,0,0,0.0
control_37,control,0,simulated,0,0,0,0.0
control_38,control,1,simulated,0,0,0,0.0
control_39,control,0,simulated,0,0,0,0.0
control_40,control,0,simulated,0,0,0,0.0
control_41,control,0,simulated,0,0,0,0.0
control_42,control,0,simulated,0,0,0,0.0
control_43,control,0,simulated,0,0,0,0.0
control_44,control,0,simulated,0,0,0,0.0
control_45,control,0,simulated,0,0,0,0.0
control_46,control,0,simulated,0,0,0,0.0
control_47,control,0,simulated,0,0,0,0.0
control_48,control,0,simulated,0,0,0,0.0
control_49,control,0,simulated,0,0,0,0.0
control_50,control,0,simulated,0,0,0,0.0
control_51,control,0,simulated,0,0,0,0.0
control_52,control,0,simulated,0,0,0,0.0
control_53,control,0,simulated,0,0,0,0.0
control_54,control,0,simulated,0,0,0,0.0
control_55,control,0,simulated,0,0,0,0.0
control_56,control,0,simulated,0,0,0,0.0
control_57,control,0,simulated,0,0,0,0.0
control_58,control,0,simulated,0,0,0,0.0
control_59,control,1,simulated,0,0,0,0.0
control_60,control,0,simulated,0,0,0,0.0
control_61,control,0,simulated,0,0,0,0.0
control_62,control,0,simulated,0,0,0,0.0
control_63,control,0,simulated,0,0,0,0.0
control_64,control,1,simulated,0,0,0,0.0
control_65,control,1,simulated,0,0,0,0.0
control_66,control,0,simulated,0,0,0,0.0
control_67,control,0,simulated,0,0,0,0.0
control_68,control,0,simulated,0,0,0,0.0
control_69,control,0,simulated,0,0,0,0.0
control_70,control,0,simulated,0,0,0,0.0
control_71,control,0,simulated,0,0,0,0.0
control_72,control,1,simulated,0,0,0,0.0
control_73,control,1,simulated,0,0,0,0.0
control_74,control,1,simulated,1,0,0,0.0
control_75,control,0,simulated,0,0,0,0.0
control_76,control,0,simulated,0,0,0,0.0
control_77,control,1,simulated,0,0,0,0.0
control_78,control,0,simulated,0,0,0,0.0
control_79,control,0,simulated,0,0,0,0.0
control_80,control,0,simulated,0,0,0,0.0
control_81,control,0,simulated,0,0,0,0.0
control_82,control,0,simulated,0,0,0,0.0
control_83,control,0,simulated,0,0,0,0.0
control_84,control,0,simulated,0,0,0,0.0
control_85,control,0,simulated,0,0,0,0.0
control_86,control,0,simulated,0,0,0,0.0
control_87,control,0,simulated,0,0,0,0.0
control_88,control,0,simulated,0,0,0,0.0
control_89,control,1,simulated,0,0,0,0.0
control_90,control,1,simulated,0,0,0,0.0
control_91,control,0,simulated,0,0,0,0.0
control_92,control,1,simulated,0,0,0,0.0
control_93,control,1,simulated,0,0,0,0.0
control_94,control,0,simulated,0,0,0,0.0
control_95,control,0,simulated,0,0,0,0.0
control_96,control,0,simulated,0,0,0,0.0
control_97,control,1,simulated,0,0,0,0.0
control_98,control,0,simulated,0,0,0,0.0
control_99,control,0,simulated,0,0,0,0.0
control_100,control,1,simulated,0,0,0,0.0
control_101,control,0,simulated,0,0,0,0.0
control_102,control,0,simulated,0,0,0,0.0
control_103,control,0,simulated,0,0,0,0.0
control_104,control,0,simulated,0,0,0,0.0
control_105,control,0,simulated,0,0,1,0.0
control_106,control,0,simulated,0,0,0,0.0
control_107,control,1,simulated,0,0,0,0.0
control_108,control,0,simulated,0,0,0,0.0
control_109,control,0,simulated,0,0,0,0.0
control_110,control,0,simulated,0,0,0,0.0
control_111,control,0,simulated,0,0,0,0.0
control_112,control,0,simulated,0,0,0,0.0
control_113,control,0,simulated,0,0,0,0.0
control_114,control,0,simulated,0,0,0,0.0
control_115,control,0,simulated,0,0,0,0.0
control_116,control,0,simulated,0,0,0,0.0
control_117,control,0,simulated,0,0,0,0.0
control_118,control,0,simulated,0,0,0,0.0
control_119,control,0,simulated,0,0,0,0.0
control_120,control,0,simulated,0,0,0,0.0
control_121,control,1,simulated,1,0,0,0.0
control_122,control,0,simulated,0,0,0,0.0
control_123,control,0,simulated,0,0,0,0.0
control_124,control,0,simulated,0,0,0,0.0
control_125,control,0,simulated,0,0,0,0.0
control_126,control,0,simulated,0,0,0,0.0
control_127,control,1,simulated,0,0,0,0.0
control_128,control,0,simulated,0,0,0,0.0
control_129,control,0,simulated,0,0,0,0.0
control_130,control,1,simulated,0,0,0,0.0
control_131,control,0,simulated,0,0,0,0.0
control_132,control,0,simulated,0,0,0,0.0
control_133,control,1,simulated,0,0,0,0.0
control_134,control,0,simulated,0,0,0,0.0
control_135,control,0,simulated,0,0,0,0.0
control_136,control,0,simulated,0,0,0,0.0
control_137,control,1,simulated,0,0,0,0.0
control_138,control,0,simulated,0,0,0,0.0
control_139,control,0,simulated,0,0,0,0.0
control_140,control,0,simulated,0,0,0,0.0
control_141,control,0,simulated,0,0,0,0.0
control_142,control,0,simulated,0,0,0,0.0
control_143,control,0,simulated,0,0,0,0.0
control_144,control,1,simulated,1,0,0,0.0
control_145,control,0,simulated,0,0,0,0.0
control_146,control,0,simulated,0,0,0,0.0
control_147,control,0,simulated,0,0,0,0.0
control_148,control,0,simulated,0,0,0,0.0
control_149,control,0,simulated,0,0,0,0.0
control_150,control,1,simulated,0,0,0,0.0
control_151,control,0,simulated,0,0,0,0.0
control_152,control,0,simulated,0,0,0,0.0
control_153,control,0,simulated,0,0,0,0.0
control_154,control,0,simulated,0,0,0,0.0
control_155,control,0,simulated,0,0,0,0.0
control_156,control,1,simulated,0,0,0,0.0
control_157,control,0,simulated,0,0,1,0.0
control_158,control,0,simulated,0,0,0,0.0
control_159,control,0,simulated,0,0,0,0.0
control_160,control,0,simulated,0,0,0,0.0
control_161,control,0,simulated,0,0,0,0.0
control_162,control,0,simulated,0,0,0,0.0
control_163,control,1,simulated,0,0,0,0.0
control_164,control,0,simulated,0,0,0,0.0
control_165,control,0,simulated,0,0,0,0.0
control_166,control,1,simulated,0,0,0,0.0
control_167,control,0,simulated,0,0,0,0.0
control_168,control,0,simulated,0,0,0,0.0
control_169,control,0,simulated,0,0,0,0.0
control_170,control,0,simulated,0,0,0,0.0
control_171,control,0,simulated,0,0,0,0.0
control_172,control,0,simulated,0,0,0,0.0
control_173,control,1,simulated,0,0,0,0.0
control_174,control,1,simulated,1,0,0,0.0
control_175,control,0,simulated,0,0,0,0.0
control_176,control,1,simulated,0,0,0,0.0
control_177,control,0,simulated,0,0,0,0.0
control_178,control,1,simulated,0,0,0,0.0
control_179,control,0,simulated,0,0,0,0.0
control_180,control,0,simulated,0,0,0,0.0
control_181,control,0,simulated,0,0,0,0.0
control_182,control,1,simulated,0,0,0,0.0
control_183,control,1,simulated,0,0,0,0.0
control_184,control,0,simulated,0,0,0,0.0
control_185,control,0,simulated,0,0,0,0.0
control_186,control,0,simulated,0,0,0,0.0
control_187,control,0,simulated,0,0,0,0.0
control_188,control,0,simulated,0,0,0,0.0
control_189,control,0,simulated,0,0,0,0.0
control_190,control,0,simulated,0,0,0,0.0
control_191,control,0,simulated,0,0,0,0.0
control_192,control,0,simulated,0,0,0,0.0
control_193,control,0,simulated,0,0,0,0.0
control_194,control,0,simulated,0,0,0,0.0
control_195,control,0,simulated,0,0,0,0.0
control_196,control,1,simulated,0,0,0,0.0
control_197,control,0,simulated,0,0,0,0.0
control_198,control,0,simulated,0,0,0,0.0
control_199,control,0,simulated,0,0,0,0.0
control_200,control,1,simulated,0,0,0,0.0
control_201,control,0,simulated,0,0,0,0.0
control_202,control,0,simulated,0,0,0,0.0
control_203,control,0,simulated,0,0,0,0.0
control_204,control,1,simulated,0,0,0,0.0
control_205,control,0,simulated,0,0,0,0.0
control_206,control,0,simulated,0,0,0,0.0
control_207,control,0,simulated,0,0,0,0.0
control_208,control,1,simulated,0,0,0,0.0
control_209,control,1,simulated,0,0,0,0.0
control_210,control,0,simulated,0,0,0,0.0
control_211,control,0,simulated,0,0,0,0.0
control_212,control,0,simulated,0,0,0,0.0
control_213,control,0,simulated,0,0,0,0.0
control_214,control,0,simulated,0,0,0,0.0
control_215,control,0,simulated,0,0,0,0.0
control_216,control,0,simulated,0,0,0,0.0
control_217,control,1,simulated,0,0,0,0.0
control_218,control,0,simulated,0,0,0,0.0
control_219,control,0,simulated,0,0,0,0.0
control_220,control,0,simulated,0,0,0,0.0
control_221,control,0,simulated,0,0,0,0.0
control_222,control,0,simulated,0,0,0,0.0
control_223,control,0,simulated,0,0,0,0.0
control_224,control,0,simulated,0,0,0,0.0
control_225,control,0,simulated,0,0,0,0.0
control_226,control,0,simulated,0,0,1,0.0
control_227,control,1,simulated,0,0,0,0.0
control_228,control,0,simulated,0,0,0,0.0
control_229,control,1,simulated,1,0,0,0.0
control_230,control,0,simulated,0,0,0,0.0
control_231,control,0,simulated,0,0,0,0.0
control_232,control,1,simulated,0,0,0,0.0
control_233,control,0,simulated,0,0,0,0.0
control_234,control,0,simulated,0,0,0,0.0
control_235,control,0,simulated,0,0,0,0.0
control_236,control,0,simulated,0,0,0,0.0
control_237,control,0,simulated,0,0,0,0.0
control_238,control,0,simulated,0,0,0,0.0
control_239,control,0,simulated,0,0,0,0.0
control_240,control,1,simulated,0,0,0,0.0
control_241,control,1,simulated,0,0,0,0.0
control_242,control,1,simulated,0,0,0,0.0
control_243,control,0,simulated,0,0,0,0.0
control_244,control,0,simulated,0,0,0,0.0
control_245,control,0,simulated,0,0,0,0.0
control_246,control,0,simulated,0,0,0,0.0
control_247,control,0,simulated,0,0,0,0.0
control_248,control,0,simulated,0,0,0,0.0
control_249,control,0,simulated,0,0,0,0.0
control_250,control,1,simulated,0,0,0,0.0
control_251,control,0,simulated,0,0,0,0.0
control_252,control,0,simulated,0,0,0,0.0
control_253,control,1,simulated,0,0,0,0.0
control_254,control,0,simulated,0,0,0,0.0
control_255,control,0,simulated,0,0,0,0.0
control_256,control,0,simulated,0,0,0,0.0
control_257,control,1,simulated,0,0,0,0.0
control_258,control,1,simulated,0,0,0,0.0
control_259,control,0,simulated,0,0,0,0.0
control_260,control,1,simulated,0,0,0,0.0
control_261,control,0,simulated,0,0,0,0.0
control_262,control,0,simulated,0,0,0,0.0
control_263,control,1,simulated,0,0,0,0.0
control_264,control,0,simulated,0,0,0,0.0
control_265,control,0,simulated,0,0,0,0.0
control_266,control,0,simulated,0,0,0,0.0
control_267,control,0,simulated,0,0,0,0.0
control_268,control,1,simulated,1,0,0,0.0
control_269,control,0,simulated,0,0,0,0.0
control_270,control,0,simulated,0,0,0,0.0
control_271,control,1,simulated,0,0,0,0.0
control_272,control,1,simulated,0,0,0,0.0
control_273,control,0,simulated,0,0,0,0.0
control_274,control,0,simulated,0,0,1,0.0
control_275,control,0,simulated,0,0,0,0.0
control_276,control,0,simulated,0,0,0,0.0
control_277,control,0,simulated,0,0,0,0.0
control_278,control,0,simulated,0,0,0,0.0
control_279,control,0,simulated,0,0,0,0.0
control_280,control,0,simulated,0,0,0,0.0
control_281,control,0,simulated,0,0,0,0.0
control_282,control,0,simulated,0,0,0,0.0
control_283,control,0,simulated,0,0,0,0.0
control_284,control,1,simulated,0,0,0,0.0
control_285,control,1,simulated,0,0,0,0.0
control_286,control,0,simulated,0,0,0,0.0
control_287,control,1,simulated,0,0,0,0.0
control_288,control,0,simulated,0,0,0,0.0
control_289,control,1,simulated,0,0,0,0.0
control_290,control,0,simulated,0,0,0,0.0
control_291,control,0,simulated,0,0,0,0.0
control_292,control,1,simulated,0,0,0,0.0
control_293,control,0,simulated,0,0,0,0.0
control_294,control,0,simulated,0,0,0,0.0
control_295,control,0,simulated,0,0,0,0.0
control_296,control,0,simulated,0,0,0,0.0
control_297,control,0,simulated,0,0,0,0.0
control_298,control,0,simulated,0,0,0,0.0
control_299,control,0,simulated,0,0,0,0.0
control_300,control,0,simulated,0,0,0,0.0
control_301,control,0,simulated,0,0,0,0.0
control_302,control,0,simulated,0,0,0,0.0
control_303,control,0,simulated,0,0,0,0.0
control_304,control,0,simulated,0,0,0,0.0
control_305,control,0,simulated,0,0,0,0.0
control_306,control,0,simulated,0,0,0,0.0
control_307,control,0,simulated,0,0,0,0.0
control_308,control,0,simulated,0,0,0,0.0
control_309,control,0,simulated,0,0,0,0.0
control_310,control,0,simulated,0,0,0,0.0
control_311,control,1,simulated,0,0,0,0.0
control_312,control,0,simulated,0,0,0,0.0
control_313,control,1,simulated,0,0,0,0.0
control_314,control,1,simulated,0,0,0,0.0
control_315,control,0,simulated,0,0,0,0.0
control_316,control,0,simulated,0,0,0,0.0
control_317,control,0,simulated,0,0,0,0.0
control_318,control,0,simulated,0,0,0,0.0
control_319,control,0,simulated,0,0,0,0.0
control_320,control,1,simulated,0,0,0,0.0
control_321,control,1,simulated,0,0,0,0.0
control_322,control,0,simulated,0,0,0,0.0
control_323,control,0,simulated,0,0,0,0.0
control_324,control,0,simulated,0,0,0,0.0
control_325,control,0,simulated,0,0,0,0.0
control_326,control,0,simulated,0,0,0,0.0
control_327,control,0,simulated,0,0,0,0.0
control_328,control,1,simulated,0,0,0,0.0
control_329,control,1,simulated,0,0,0,0.0
control_330,control,0,simulated,0,0,0,0.0
control_331,control,1,simulated,0,0,0,0.0
control_332,control,0,simulated,0,0,0,0.0
control_333,control,0,simulated,0,0,0,0.0
control_334,control,0,simulated,0,0,0,0.0
control_335,control,0,simulated,0,0,0,0.0
control_336,control,1,simulated,0,0,1,0.0
control_337,control,0,simulated,0,0,0,0.0
control_338,control,1,simulated,0,0,0,0.0
control_339,control,1,simulated,0,0,0,0.0
control_340,control,1,simulated,0,0,0,0.0
control_341,control,1,simulated,0,1,0,23.15
control_342,control,0,simulated,0,0,0,0.0
control_343,control,0,simulated,0,0,0,0.0
control_344,control,0,simulated,0,0,0,0.0
control_345,control,0,simulated,0,0,0,0.0
control_346,control,0,simulated,0,0,0,0.0
control_347,control,0,simulated,0,0,0,0.0
control_348,control,0,simulated,0,0,0,0.0
control_349,control,1,simulated,0,0,0,0.0
control_350,control,0,simulated,0,0,0,0.0
control_351,control,0,simulated,0,0,0,0.0
control_352,control,0,simulated,0,0,0,0.0
control_353,control,0,simulated,0,0,0,0.0
control_354,control,0,simulated,0,0,0,0.0
control_355,control,0,simulated,0,0,0,0.0
control_356,control,0,simulated,0,0,0,0.0
control_357,control,0,simulated,0,0,0,0.0
control_358,control,0,simulated,0,0,0,0.0
control_359,control,0,simulated,0,0,0,0.0
control_360,control,0,simulated,0,0,0,0.0
control_361,control,0,simulated,0,0,0,0.0
control_362,control,1,simulated,0,0,1,0.0
control_363,control,1,simulated,0,0,0,0.0
control_364,control,1,simulated,0,0,0,0.0
control_365,control,0,simulated,0,0,0,0.0
control_366,control,1,simulated,0,0,0,0.0
control_367,control,0,simulated,0,0,0,0.0
control_368,control,1,simulated,0,0,0,0.0
control_369,control,0,simulated,0,0,0,0.0
control_370,control,0,simulated,0,0,0,0.0
control_371,control,0,simulated,0,0,0,0.0
control_372,control,1,simulated,0,0,0,0.0
control_373,control,0,simulated,0,0,0,0.0
control_374,control,1,simulated,1,0,0,0.0
control_375,control,0,simulated,0,0,0,0.0
control_376,control,1,simulated,0,0,0,0.0
control_377,control,0,simulated,0,0,0,0.0
control_378,control,0,simulated,0,0,0,0.0
control_379,control,0,simulated,0,0,0,0.0
control_380,control,0,simulated,0,0,0,0.0
control_381,control,0,simulated,0,0,0,0.0
control_382,control,0,simulated,0,0,0,0.0
control_383,control,0,simulated,0,0,0,0.0
control_384,control,0,simulated,0,0,0,0.0
control_385,control,0,simulated,0,0,0,0.0
control_386,control,0,simulated,0,0,0,0.0
control_387,control,1,simulated,0,0,0,0.0
control_388,control,0,simulated,0,0,0,0.0
control_389,control,0,simulated,0,0,0,0.0
control_390,control,0,simulated,0,0,0,0.0
control_391,control,0,simulated,0,0,0,0.0
control_392,control,0,simulated,0,0,0,0.0
control_393,control,0,simulated,0,0,0,0.0
control_394,control,0,simulated,0,0,0,0.0
control_395,control,0,simulated,0,0,0,0.0
control_396,control,0,simulated,0,0,0,0.0
control_397,control,1,simulated,0,0,0,0.0
control_398,control,0,simulated,0,0,0,0.0
control_399,control,0,simulated,0,0,0,0.0
control_400,control,0,simulated,0,0,0,0.0
control_401,control,0,simulated,0,0,0,0.0
control_402,control,0,simulated,0,0,0,0.0
control_403,control,0,simulated,0,0,0,0.0
control_404,control,0,simulated,0,0,0,0.0
control_405,control,0,simulated,0,0,0,0.0
control_406,control,0,simulated,0,0,0,0.0
control_407,control,0,simulated,0,0,0,0.0
control_408,control,0,simulated,0,0,0,0.0
control_409,control,0,simulated,0,0,0,0.0
control_410,control,0,simulated,0,0,0,0.0
control_411,control,1,simulated,0,0,0,0.0
control_412,control,1,simulated,0,0,0,0.0
control_413,control,0,simulated,0,0,0,0.0
control_414,control,0,simulated,0,0,0,0.0
control_415,control,0,simulated,0,0,0,0.0
control_416,control,0,simulated,0,0,0,0.0
control_417,control,0,simulated,0,0,0,0.0
control_418,control,0,simulated,0,0,0,0.0
control_419,control,0,simulated,0,0,0,0.0
control_420,control,0,simulated,0,0,0,0.0
control_421,control,0,simulated,0,0,0,0.0
control_422,control,0,simulated,0,0,0,0.0
control_423,control,1,simulated,0,0,0,0.0
control_424,control,0,simulated,0,0,0,0.0
control_425,control,0,simulated,0,0,0,0.0
control_426,control,0,simulated,0,0,0,0.0
control_427,control,0,simulated,0,0,0,0.0
control_428,control,1,simulated,0,0,0,0.0
control_429,control,1,simulated,0,0,0,0.0
control_430,control,0,simulated,0,0,0,0.0
control_431,control,0,simulated,0,0,0,0.0
control_432,control,0,simulated,0,0,0,0.0
control_433,control,1,simulated,0,0,0,0.0
control_434,control,0,simulated,0,0,0,0.0
control_435,control,0,simulated,0,0,0,0.0
control_436,control,1,simulated,0,0,0,0.0
control_437,control,0,simulated,0,0,0,0.0
control_438,control,0,simulated,0,0,0,0.0
control_439,control,0,simulated,0,0,0,0.0
control_440,control,0,simulated,0,0,0,0.0
control_441,control,0,simulated,0,0,0,0.0
control_442,control,1,simulated,1,0,0,0.0
control_443,control,0,simulated,0,0,0,0.0
control_444,control,0,simulated,0,0,0,0.0
control_445,control,0,simulated,0,0,0,0.0
control_446,control,0,simulated,0,0,0,0.0
control_447,control,0,simulated,0,0,0,0.0
control_448,control,0,simulated,0,0,0,0.0
control_449,control,0,simulated,0,0,0,0.0
control_450,control,1,simulated,0,0,0,0.0
control_451,control,0,simulated,0,0,0,0.0
control_452,control,0,simulated,0,0,0,0.0
control_453,control,0,simulated,0,0,0,0.0
control_454,control,0,simulated,0,0,0,0.0
control_455,control,0,simulated,0,0,0,0.0
control_456,control,1,simulated,0,0,0,0.0
control_457,control,0,simulated,0,0,0,0.0
control_458,control,0,simulated,0,0,0,0.0
control_459,control,0,simulated,0,0,0,0.0
control_460,control,1,simulated,0,0,0,0.0
control_461,control,0,simulated,0,0,0,0.0
control_462,control,1,simulated,0,0,0,0.0
control_463,control,0,simulated,0,0,0,0.0
control_464,control,0,simulated,0,0,0,0.0
control_465,control,0,simulated,0,0,0,0.0
control_466,control,0,simulated,0,0,0,0.0
control_467,control,0,simulated,0,0,0,0.0
control_468,control,0,simulated,0,0,0,0.0
control_469,control,0,simulated,0,0,0,0.0
control_470,control,0,simulated,0,0,1,0.0
control_471,control,0,simulated,0,0,0,0.0
control_472,control,0,simulated,0,0,0,0.0
control_473,control,1,simulated,0,0,0,0.0
control_474,control,0,simulated,0,0,0,0.0
control_475,control,1,simulated,0,0,0,0.0
control_476,control,1,simulated,0,0,0,0.0
control_477,control,1,simulated,0,0,0,0.0
control_478,control,0,simulated,0,0,0,0.0
control_479,control,1,simulated,0,0,1,0.0
control_480,control,0,simulated,0,0,0,0.0
control_481,control,0,simulated,0,0,0,0.0
control_482,control,0,simulated,0,0,0,0.0
control_483,control,0,simulated,0,0,0,0.0
control_484,control,0,simulated,0,0,0,0.0
control_485,control,1,simulated,0,0,0,0.0
control_486,control,0,simulated,0,0,0,0.0
control_487,control,0,simulated,0,0,0,0.0
control_488,control,1,simulated,0,0,0,0.0
control_489,control,0,simulated,0,0,0,0.0
control_490,control,0,simulated,0,0,0,0.0
control_491,control,0,simulated,0,0,0,0.0
control_492,control,0,simulated,0,0,0,0.0
control_493,control,0,simulated,0,0,0,0.0
control_494,control,1,simulated,0,0,0,0.0
control_495,control,1,simulated,0,0,0,0.0
control_496,control,0,simulated,0,0,0,0.0
control_497,control,0,simulated,0,0,0,0.0
control_498,control,0,simulated,0,0,0,0.0
control_499,control,0,simulated,0,0,0,0.0
control_500,control,1,simulated,0,0,0,0.0
control_501,control,0,simulated,0,0,0,0.0
control_502,control,1,simulated,0,0,0,0.0
control_503,control,0,simulated,0,0,0,0.0
control_504,control,0,simulated,0,0,0,0.0
control_505,control,0,simulated,0,0,0,0.0
control_506,control,0,simulated,0,0,0,0.0
control_507,control,0,simulated,0,0,0,0.0
control_508,control,0,simulated,0,0,0,0.0
control_509,control,1,simulated,0,0,0,0.0
control_510,control,0,simulated,0,0,0,0.0
control_511,control,0,simulated,0,0,0,0.0
control_512,control,1,simulated,0,0,0,0.0
control_513,control,0,simulated,0,0,0,0.0
control_514,control,0,simulated,0,0,0,0.0
control_515,control,1,simulated,0,0,0,0.0
control_516,control,0,simulated,0,0,0,0.0
control_517,control,0,simulated,0,0,0,0.0
control_518,control,0,simulated,0,0,0,0.0
control_519,control,0,simulated,0,0,0,0.0
control_520,control,0,simulated,0,0,0,0.0
control_521,control,1,simulated,0,0,0,0.0
control_522,control,1,simulated,0,0,0,0.0
control_523,control,0,simulated,0,0,0,0.0
control_524,control,0,simulated,0,0,0,0.0
control_525,control,0,simulated,0,0,0,0.0
control_526,control,1,simulated,0,0,0,0.0
control_527,control,1,simulated,0,0,0,0.0
control_528,control,0,simulated,0,0,0,0.0
control_529,control,1,simulated,0,0,0,0.0
control_530,control,0,simulated,0,0,0,0.0
control_531,control,1,simulated,0,0,0,0.0
control_532,control,0,simulated,0,0,0,0.0
control_533,control,1,simulated,0,0,0,0.0
control_534,control,0,simulated,0,0,0,0.0
control_535,control,0,simulated,0,0,0,0.0
control_536,control,0,simulated,0,0,0,0.0
control_537,control,0,simulated,0,0,0,0.0
control_538,control,0,simulated,0,0,0,0.0
control_539,control,0,simulated,0,0,0,0.0
control_540,control,0,simulated,0,0,0,0.0
control_541,control,1,simulated,1,0,0,0.0
control_542,control,0,simulated,0,0,0,0.0
control_543,control,0,simulated,0,0,0,0.0
control_544,control,0,simulated,0,0,0,0.0
control_545,control,0,simulated,0,0,0,0.0
control_546,control,0,simulated,0,0,0,0.0
control_547,control,0,simulated,0,0,0,0.0
control_548,control,0,simulated,0,0,0,0.0
control_549,control,1,simulated,0,0,0,0.0
control_550,control,1,simulated,1,0,0,0.0
control_551,control,0,simulated,0,0,0,0.0
control_552,control,0,simulated,0,0,0,0.0
control_553,control,1,simulated,0,0,0,0.0
control_554,control,0,simulated,0,0,0,0.0
control_555,control,1,simulated,0,0,0,0.0
control_556,control,0,simulated,0,0,0,0.0
control_557,control,0,simulated,0,0,0,0.0
control_558,control,0,simulated,0,0,0,0.0
control_559,control,0,simulated,0,0,0,0.0
control_560,control,1,simulated,0,0,0,0.0
control_561,control,0,simulated,0,0,0,0.0
control_562,control,0,simulated,0,0,0,0.0
control_563,control,0,simulated,0,0,0,0.0
control_564,control,0,simulated,0,0,0,0.0
control_565,control,0,simulated,0,0,0,0.0
control_566,control,1,simulated,0,0,0,0.0
control_567,control,0,simulated,0,0,0,0.0
control_568,control,0,simulated,0,0,0,0.0
control_569,control,1,simulated,0,0,0,0.0
control_570,control,0,simulated,0,0,0,0.0
control_571,control,1,simulated,1,0,0,0.0
control_572,control,0,simulated,0,0,0,0.0
control_573,control,0,simulated,0,0,0,0.0
control_574,control,0,simulated,0,0,0,0.0
control_575,control,0,simulated,0,0,0,0.0
control_576,control,0,simulated,0,0,0,0.0
control_577,control,0,simulated,0,0,0,0.0
control_578,control,0,simulated,0,0,0,0.0
control_579,control,0,simulated,0,0,0,0.0
control_580,control,0,simulated,0,0,0,0.0
control_581,control,0,simulated,0,0,0,0.0
control_582,control,0,simulated,0,0,0,0.0
control_583,control,0,simulated,0,0,0,0.0
control_584,control,0,simulated,0,0,0,0.0
control_585,control,0,simulated,0,0,0,0.0
control_586,control,0,simulated,0,0,0,0.0
control_587,control,1,simulated,0,0,0,0.0
control_588,control,0,simulated,0,0,0,0.0
control_589,control,0,simulated,0,0,0,0.0
control_590,control,0,simulated,0,0,0,0.0
control_591,control,0,simulated,0,0,0,0.0
control_592,control,1,simulated,0,0,0,0.0
control_593,control,0,simulated,0,0,0,0.0
control_594,control,0,simulated,0,0,0,0.0
control_595,control,0,simulated,0,0,0,0.0
control_596,control,1,simulated,0,0,0,0.0
control_597,control,0,simulated,0,0,0,0.0
control_598,control,1,simulated,0,0,0,0.0
control_599,control,0,simulated,0,0,0,0.0
control_600,control,0,simulated,0,0,0,0.0
control_601,control,0,simulated,0,0,0,0.0
control_602,control,0,simulated,0,0,0,0.0
control_603,control,0,simulated,0,0,0,0.0
control_604,control,1,simulated,1,0,0,0.0
control_605,control,0,simulated,0,0,0,0.0
control_606,control,1,simulated,0,0,0,0.0
control_607,control,0,simulated,0,0,0,0.0
control_608,control,0,simulated,0,0,0,0.0
control_609,control,0,simulated,0,0,0,0.0
control_610,control,1,simulated,0,0,0,0.0
control_611,control,0,simulated,0,0,0,0.0
control_612,control,1,simulated,0,0,0,0.0
control_613,control,0,simulated,0,0,0,0.0
control_614,control,1,simulated,0,0,0,0.0
control_615,control,0,simulated,0,0,0,0.0
control_616,control,0,simulated,0,0,0,0.0
control_617,control,1,simulated,1,0,0,0.0
control_618,control,0,simulated,0,0,0,0.0
control_619,control,0,simulated,0,0,0,0.0
control_620,control,0,simulated,0,0,0,0.0
control_621,control,1,simulated,0,0,0,0.0
control_622,control,1,simulated,0,0,0,0.0
control_623,control,0,simulated,0,0,0,0.0
control_624,control,0,simulated,0,0,0,0.0
control_625,control,0,simulated,0,0,0,0.0
control_626,control,0,simulated,0,0,0,0.0
control_627,control,0,simulated,0,0,0,0.0
control_628,control,1,simulated,0,0,0,0.0
control_629,control,0,simulated,0,0,0,0.0
control_630,control,0,simulated,0,0,0,0.0
control_631,control,0,simulated,0,0,0,0.0
control_632,control,1,simulated,0,0,0,0.0
control_633,control,0,simulated,0,0,0,0.0
control_634,control,1,simulated,0,0,0,0.0
control_635,control,1,simulated,1,0,0,0.0
control_636,control,0,simulated,0,0,0,0.0
control_637,control,0,simulated,0,0,0,0.0
control_638,control,0,simulated,0,0,0,0.0
control_639,control,0,simulated,0,0,0,0.0
control_640,control,1,simulated,0,0,0,0.0
control_641,control,0,simulated,0,0,0,0.0
control_642,control,0,simulated,0,0,0,0.0
control_643,control,0,simulated,0,0,0,0.0
control_644,control,0,simulated,0,0,0,0.0
control_645,control,0,simulated,0,0,0,0.0
control_646,control,1,simulated,0,0,0,0.0
control_647,control,0,simulated,0,0,0,0.0
control_648,control,1,simulated,0,0,0,0.0
control_649,control,0,simulated,0,0,0,0.0
control_650,control,1,simulated,0,0,0,0.0
control_651,control,1,simulated,1,0,0,0.0
control_652,control,0,simulated,0,0,0,0.0
control_653,control,0,simulated,0,0,0,0.0
control_654,control,1,simulated,0,0,0,0.0
control_655,control,0,simulated,0,0,0,0.0
control_656,control,1,simulated,0,0,0,0.0
control_657,control,1,simulated,0,0,0,0.0
control_658,control,1,simulated,0,0,0,0.0
control_659,control,1,simulated,0,0,0,0.0
control_660,control,0,simulated,0,0,0,0.0
control_661,control,0,simulated,0,0,0,0.0
control_662,control,0,simulated,0,0,0,0.0
control_663,control,0,simulated,0,0,0,0.0
control_664,control,1,simulated,0,0,0,0.0
control_665,control,0,simulated,0,0,0,0.0
control_666,control,0,simulated,0,0,0,0.0
control_667,control,1,simulated,0,0,0,0.0
control_668,control,1,simulated,0,0,0,0.0
control_669,control,0,simulated,0,0,0,0.0
control_670,control,1,simulated,0,0,0,0.0
control_671,control,1,simulated,0,0,0,0.0
control_672,control,1,simulated,0,0,0,0.0
control_673,control,0,simulated,0,0,0,0.0
control_674,control,0,simulated,0,0,0,0.0
control_675,control,0,simulated,0,0,0,0.0
control_676,control,0,simulated,0,0,0,0.0
control_677,control,0,simulated,0,0,0,0.0
control_678,control,0,simulated,0,0,0,0.0
control_679,control,0,simulated,0,0,0,0.0
control_680,control,0,simulated,0,0,0,0.0
control_681,control,0,simulated,0,0,0,0.0
control_682,control,1,simulated,0,0,0,0.0
control_683,control,0,simulated,0,0,0,0.0
control_684,control,0,simulated,0,0,0,0.0
control_685,control,1,simulated,0,0,0,0.0
control_686,control,1,simulated,0,0,0,0.0
control_687,control,0,simulated,0,0,0,0.0
control_688,control,0,simulated,0,0,0,0.0
control_689,control,1,simulated,0,0,0,0.0
control_690,control,0,simulated,0,0,0,0.0
control_691,control,0,simulated,0,0,0,0.0
control_692,control,1,simulated,0,0,0,0.0
control_693,control,0,simulated,0,0,0,0.0
control_694,control,0,simulated,0,0,0,0.0
control_695,control,1,simulated,1,0,0,0.0
control_696,control,0,simulated,0,0,0,0.0
control_697,control,0,simulated,0,0,0,0.0
control_698,control,0,simulated,0,0,0,0.0
control_699,control,0,simulated,0,0,0,0.0
control_700,control,0,simulated,0,0,0,0.0
control_701,control,0,simulated,0,0,0,0.0
control_702,control,1,simulated,0,0,0,0.0
control_703,control,0,simulated,0,0,0,0.0
control_704,control,0,simulated,0,0,0,0.0
control_705,control,0,simulated,0,0,0,0.0
control_706,control,0,simulated,0,0,0,0.0
control_707,control,0,simulated,0,0,0,0.0
control_708,control,0,simulated,0,0,0,0.0
control_709,control,0,simulated,0,0,0,0.0
control_710,control,0,simulated,0,0,0,0.0
control_711,control,1,simulated,0,0,0,0.0
control_712,control,0,simulated,0,0,0,0.0
control_713,control,1,simulated,0,0,0,0.0
control_714,control,0,simulated,0,0,0,0.0
control_715,control,0,simulated,0,0,0,0.0
control_716,control,1,simulated,0,0,0,0.0
control_717,control,0,simulated,0,0,0,0.0
control_718,control,0,simulated,0,0,0,0.0
control_719,control,0,simulated,0,0,0,0.0
control_720,control,1,simulated,0,0,0,0.0
control_721,control,0,simulated,0,0,0,0.0
control_722,control,1,simulated,0,0,0,0.0
control_723,control,1,simulated,0,0,0,0.0
control_724,control,0,simulated,0,0,0,0.0
control_725,control,1,simulated,0,0,0,0.0
control_726,control,1,simulated,0,0,0,0.0
control_727,control,0,simulated,0,0,0,0.0
control_728,control,0,simulated,0,0,0,0.0
control_729,control,0,simulated,0,0,0,0.0
control_730,control,0,simulated,0,0,0,0.0
control_731,control,0,simulated,0,0,0,0.0
control_732,control,0,simulated,0,0,0,0.0
control_733,control,0,simulated,0,0,0,0.0
control_734,control,0,simulated,0,0,0,0.0
control_735,control,0,simulated,0,0,0,0.0
control_736,control,0,simulated,0,0,0,0.0
control_737,control,0,simulated,0,0,0,0.0
control_738,control,1,simulated,0,0,0,0.0
control_739,control,0,simulated,0,0,0,0.0
control_740,control,1,simulated,0,0,0,0.0
control_741,control,0,simulated,0,0,0,0.0
control_742,control,0,simulated,0,0,0,0.0
control_743,control,0,simulated,0,0,0,0.0
control_744,control,0,simulated,0,0,0,0.0
control_745,control,0,simulated,0,0,0,0.0
control_746,control,1,simulated,1,0,0,0.0
control_747,control,0,simulated,0,0,0,0.0
control_748,control,0,simulated,0,0,0,0.0
control_749,control,1,simulated,0,0,0,0.0
control_750,control,0,simulated,0,0,0,0.0
control_751,control,0,simulated,0,0,0,0.0
control_752,control,1,simulated,0,0,0,0.0
control_753,control,0,simulated,0,0,0,0.0
control_754,control,0,simulated,0,0,0,0.0
control_755,control,0,simulated,0,0,0,0.0
control_756,control,1,simulated,0,0,0,0.0
control_757,control,1,simulated,0,0,0,0.0
control_758,control,1,simulated,0,0,0,0.0
control_759,control,0,simulated,0,0,0,0.0
control_760,control,1,simulated,0,0,0,0.0
control_761,control,1,simulated,0,0,0,0.0
control_762,control,0,simulated,0,0,0,0.0
control_763,control,0,simulated,0,0,0,0.0
control_764,control,1,simulated,0,0,0,0.0
control_765,control,0,simulated,0,0,0,0.0
control_766,control,0,simulated,0,0,0,0.0
control_767,control,1,simulated,1,0,0,0.0
control_768,control,0,simulated,0,0,0,0.0
control_769,control,0,simulated,0,0,0,0.0
control_770,control,1,simulated,0,0,0,0.0
control_771,control,0,simulated,0,0,0,0.0
control_772,control,0,simulated,0,0,0,0.0
control_773,control,0,simulated,0,0,0,0.0
control_774,control,0,simulated,0,0,0,0.0
control_775,control,0,simulated,0,0,0,0.0
control_776,control,0,simulated,0,0,0,0.0
control_777,control,0,simulated,0,0,0,0.0
control_778,control,0,simulated,0,0,0,0.0
control_779,control,1,simulated,0,0,1,0.0
control_780,control,0,simulated,0,0,0,0.0
control_781,control,0,simulated,0,0,0,0.0
control_782,control,1,simulated,0,0,0,0.0
control_783,control,0,simulated,0,0,0,0.0
control_784,control,0,simulated,0,0,0,0.0
control_785,control,1,simulated,0,0,0,0.0
control_786,control,1,simulated,0,0,0,0.0
control_787,control,1,simulated,0,0,0,0.0
control_788,control,0,simulated,0,0,0,0.0
control_789,control,0,simulated,0,0,0,0.0
control_790,control,0,simulated,0,0,0,0.0
control_791,control,0,simulated,0,0,0,0.0
control_792,control,0,simulated,0,0,0,0.0
control_793,control,0,simulated,0,0,1,0.0
control_794,control,1,simulated,0,0,0,0.0
control_795,control,0,simulated,0,0,0,0.0
control_796,control,0,simulated,0,0,0,0.0
control_797,control,1,simulated,0,0,0,0.0
control_798,control,0,simulated,0,0,0,0.0
control_799,control,0,simulated,0,0,0,0.0
control_800,control,1,simulated,0,0,0,0.0
control_801,control,0,simulated,0,0,0,0.0
control_802,control,1,simulated,0,0,0,0.0
control_803,control,0,simulated,0,0,0,0.0
control_804,control,0,simulated,0,0,0,0.0
control_805,control,0,simulated,0,0,0,0.0
control_806,control,0,simulated,0,0,0,0.0
control_807,control,1,simulated,0,0,0,0.0
control_808,control,1,simulated,0,0,0,0.0
control_809,control,1,simulated,0,0,0,0.0
control_810,control,0,simulated,0,0,0,0.0
control_811,control,1,simulated,0,0,0,0.0
control_812,control,1,simulated,0,0,0,0.0
control_813,control,0,simulated,0,0,0,0.0
control_814,control,0,simulated,0,0,0,0.0
control_815,control,0,simulated,0,0,0,0.0
control_816,control,1,simulated,0,0,0,0.0
control_817,control,1,simulated,0,0,0,0.0
control_818,control,0,simulated,0,0,0,0.0
control_819,control,1,simulated,0,0,0,0.0
control_820,control,0,simulated,0,0,0,0.0
control_821,control,0,simulated,0,0,0,0.0
control_822,control,0,simulated,0,0,0,0.0
control_823,control,0,simulated,0,0,0,0.0
control_824,control,0,simulated,0,0,0,0.0
control_825,control,0,simulated,0,0,0,0.0
control_826,control,0,simulated,0,0,0,0.0
control_827,control,0,simulated,0,0,0,0.0
control_828,control,1,simulated,0,0,0,0.0
control_829,control,0,simulated,0,0,0,0.0
control_830,control,1,simulated,0,0,0,0.0
control_831,control,0,simulated,0,0,0,0.0
control_832,control,0,simulated,0,0,0,0.0
control_833,control,0,simulated,0,0,0,0.0
control_834,control,0,simulated,0,0,0,0.0
control_835,control,0,simulated,0,0,0,0.0
control_836,control,1,simulated,1,0,0,0.0
control_837,control,0,simulated,0,0,0,0.0
control_838,control,0,simulated,0,0,0,0.0
control_839,control,0,simulated,0,0,0,0.0
control_840,control,0,simulated,0,0,0,0.0
control_841,control,0,simulated,0,0,0,0.0
control_842,control,0,simulated,0,0,0,0.0
control_843,control,0,simulated,0,0,0,0.0
control_844,control,0,simulated,0,0,0,0.0
control_845,control,1,simulated,0,0,0,0.0
control_846,control,0,simulated,0,0,0,0.0
control_847,control,0,simulated,0,0,0,0.0
control_848,control,1,simulated,0,0,0,0.0
control_849,control,0,simulated,0,0,0,0.0
control_850,control,0,simulated,0,0,0,0.0
control_851,control,1,simulated,0,0,0,0.0
control_852,control,0,simulated,0,0,0,0.0
control_853,control,0,simulated,0,0,0,0.0
control_854,control,0,simulated,0,0,0,0.0
control_855,control,0,simulated,0,0,0,0.0
control_856,control,1,simulated,0,0,0,0.0
control_857,control,0,simulated,0,0,0,0.0
control_858,control,0,simulated,0,0,0,0.0
control_859,control,0,simulated,0,0,0,0.0
control_860,control,0,simulated,0,0,0,0.0
control_861,control,0,simulated,0,0,0,0.0
control_862,control,0,simulated,0,0,0,0.0
control_863,control,0,simulated,0,0,0,0.0
control_864,control,0,simulated,0,0,0,0.0
control_865,control,0,simulated,0,0,0,0.0
control_866,control,1,simulated,0,0,0,0.0
control_867,control,0,simulated,0,0,0,0.0
control_868,control,0,simulated,0,0,0,0.0
control_869,control,0,simulated,0,0,0,0.0
control_870,control,1,simulated,0,0,0,0.0
control_871,control,0,simulated,0,0,0,0.0
control_872,control,0,simulated,0,0,0,0.0
control_873,control,0,simulated,0,0,0,0.0
control_874,control,0,simulated,0,0,0,0.0
control_875,control,0,simulated,0,0,0,0.0
control_876,control,0,simulated,0,0,0,0.0
control_877,control,0,simulated,0,0,0,0.0
control_878,control,0,simulated,0,0,0,0.0
control_879,control,0,simulated,0,0,0,0.0
control_880,control,0,simulated,0,0,0,0.0
control_881,control,0,simulated,0,0,0,0.0
control_882,control,1,simulated,0,0,0,0.0
control_883,control,1,simulated,0,0,0,0.0
control_884,control,0,simulated,0,0,0,0.0
control_885,control,0,simulated,0,0,0,0.0
control_886,control,0,simulated,0,0,0,0.0
control_887,control,0,simulated,0,0,0,0.0
control_888,control,0,simulated,0,0,0,0.0
control_889,control,0,simulated,0,0,0,0.0
control_890,control,0,simulated,0,0,0,0.0
control_891,control,0,simulated,0,0,0,0.0
control_892,control,0,simulated,0,0,0,0.0
control_893,control,1,simulated,0,0,0,0.0
control_894,control,0,simulated,0,0,0,0.0
control_895,control,1,simulated,0,0,0,0.0
control_896,control,1,simulated,0,0,0,0.0
control_897,control,0,simulated,0,0,0,0.0
control_898,control,0,simulated,0,0,0,0.0
control_899,control,0,simulated,0,0,0,0.0
control_900,control,0,simulated,0,0,0,0.0
control_901,control,1,simulated,0,0,0,0.0
control_902,control,0,simulated,0,0,0,0.0
control_903,control,0,simulated,0,0,0,0.0
control_904,control,0,simulated,0,0,0,0.0
control_905,control,1,simulated,0,1,0,31.78
control_906,control,0,simulated,0,0,0,0.0
control_907,control,1,simulated,0,0,0,0.0
control_908,control,0,simulated,0,0,0,0.0
control_909,control,1,simulated,0,0,0,0.0
control_910,control,0,simulated,0,0,0,0.0
control_911,control,0,simulated,0,0,0,0.0
control_912,control,1,simulated,0,0,0,0.0
control_913,control,0,simulated,0,0,0,0.0
control_914,control,0,simulated,0,0,0,0.0
control_915,control,0,simulated,0,0,0,0.0
control_916,control,0,simulated,0,0,0,0.0
control_917,control,1,simulated,0,0,0,0.0
control_918,control,0,simulated,0,0,0,0.0
control_919,control,1,simulated,0,0,0,0.0
control_920,control,0,simulated,0,0,0,0.0
control_921,control,0,simulated,0,0,0,0.0
control_922,control,1,simulated,1,0,0,0.0
control_923,control,1,simulated,1,0,0,0.0
control_924,control,0,simulated,0,0,0,0.0
control_925,control,0,simulated,0,0,0,0.0
control_926,control,0,simulated,0,0,0,0.0
control_927,control,0,simulated,0,0,0,0.0
control_928,control,0,simulated,0,0,0,0.0
control_929,control,0,simulated,0,0,0,0.0
control_930,control,0,simulated,0,0,0,0.0
control_931,control,0,simulated,0,0,0,0.0
control_932,control,0,simulated,0,0,0,0.0
control_933,control,1,simulated,0,0,0,0.0
control_934,control,0,simulated,0,0,0,0.0
control_935,control,0,simulated,0,0,0,0.0
control_936,control,0,simulated,0,0,0,0.0
control_937,control,0,simulated,0,0,0,0.0
control_938,control,0,simulated,0,0,0,0.0
control_939,control,0,simulated,0,0,0,0.0
control_940,control,0,simulated,0,0,0,0.0
control_941,control,1,simulated,0,0,0,0.0
control_942,control,0,simulated,0,0,0,0.0
control_943,control,0,simulated,0,0,0,0.0
control_944,control,0,simulated,0,0,0,0.0
control_945,control,0,simulated,0,0,0,0.0
control_946,control,0,simulated,0,0,0,0.0
control_947,control,0,simulated,0,0,0,0.0
control_948,control,1,simulated,0,0,0,0.0
control_949,control,0,simulated,0,0,0,0.0
control_950,control,0,simulated,0,0,0,0.0
control_951,control,0,simulated,0,0,0,0.0
control_952,control,0,simulated,0,0,0,0.0
control_953,control,0,simulated,0,0,0,0.0
control_954,control,0,simulated,0,0,0,0.0
control_955,control,0,simulated,0,0,0,0.0
control_956,control,0,simulated,0,0,0,0.0
control_957,control,1,simulated,0,0,0,0.0
control_958,control,0,simulated,0,0,0,0.0
control_959,control,0,simulated,0,0,0,0.0
control_960,control,0,simulated,0,0,0,0.0
control_961,control,0,simulated,0,0,0,0.0
control_962,control,0,simulated,0,0,0,0.0
control_963,control,0,simulated,0,0,0,0.0
control_964,control,1,simulated,0,0,0,0.0
control_965,control,0,simulated,0,0,0,0.0
control_966,control,0,simulated,0,0,0,0.0
control_967,control,0,simulated,0,0,0,0.0
control_968,control,1,simulated,0,0,0,0.0
control_969,control,0,simulated,0,0,0,0.0
control_970,control,0,simulated,0,0,0,0.0
control_971,control,1,simulated,0,0,0,0.0
control_972,control,1,simulated,0,0,0,0.0
control_973,control,0,simulated,0,0,0,0.0
control_974,control,0,simulated,0,0,0,0.0
control_975,control,0,simulated,0,0,0,0.0
control_976,control,1,simulated,0,0,0,0.0
control_977,control,0,simulated,0,0,0,0.0
control_978,control,0,simulated,0,0,0,0.0
control_979,control,0,simulated,0,0,0,0.0
control_980,control,1,simulated,0,0,0,0.0
control_981,control,0,simulated,0,0,0,0.0
control_982,control,0,simulated,0,0,0,0.0
control_983,control,0,simulated,0,0,0,0.0
control_984,control,0,simulated,0,0,0,0.0
control_985,control,1,simulated,0,0,0,0.0
control_986,control,0,simulated,0,0,0,0.0
control_987,control,1,simulated,0,0,0,0.0
control_988,control,1,simulated,0,0,0,0.0
control_989,control,0,simulated,0,0,0,0.0
control_990,control,0,simulated,0,0,0,0.0
control_991,control,1,simulated,0,0,1,0.0
control_992,control,1,simulated,0,0,0,0.0
control_993,control,0,simulated,0,0,0,0.0
control_994,control,0,simulated,0,0,0,0.0
control_995,control,0,simulated,0,0,0,0.0
control_996,control,1,simulated,0,0,0,0.0
control_997,control,0,simulated,0,0,0,0.0
control_998,control,0,simulated,0,0,0,0.0
control_999,control,0,simulated,0,0,0,0.0
control_1000,control,1,simulated,0,1,0,26.51
control_1001,control,0,simulated,0,0,0,0.0
control_1002,control,0,simulated,0,0,0,0.0
control_1003,control,0,simulated,0,0,0,0.0
control_1004,control,0,simulated,0,0,0,0.0
control_1005,control,0,simulated,0,0,0,0.0
control_1006,control,1,simulated,0,0,0,0.0
control_1007,control,0,simulated,0,0,0,0.0
control_1008,control,1,simulated,0,0,0,0.0
control_1009,control,0,simulated,0,0,0,0.0
control_1010,control,0,simulated,0,0,0,0.0
control_1011,control,0,simulated,0,0,0,0.0
control_1012,control,0,simulated,0,0,0,0.0
control_1013,control,1,simulated,0,0,0,0.0
control_1014,control,0,simulated,0,0,0,0.0
control_1015,control,0,simulated,0,0,0,0.0
control_1016,control,0,simulated,0,0,0,0.0
control_1017,control,0,simulated,0,0,0,0.0
control_1018,control,0,simulated,0,0,0,0.0
control_1019,control,1,simulated,0,0,0,0.0
control_1020,control,0,simulated,0,0,0,0.0
control_1021,control,1,simulated,0,0,0,0.0
control_1022,control,0,simulated,0,0,0,0.0
control_1023,control,0,simulated,0,0,0,0.0
control_1024,control,0,simulated,0,0,0,0.0
control_1025,control,0,simulated,0,0,0,0.0
control_1026,control,0,simulated,0,0,0,0.0
control_1027,control,0,simulated,0,0,0,0.0
control_1028,control,1,simulated,0,0,0,0.0
control_1029,control,0,simulated,0,0,0,0.0
control_1030,control,0,simulated,0,0,0,0.0
control_1031,control,0,simulated,0,0,0,0.0
control_1032,control,0,simulated,0,0,0,0.0
control_1033,control,0,simulated,0,0,0,0.0
control_1034,control,1,simulated,0,0,0,0.0
control_1035,control,1,simulated,0,0,0,0.0
control_1036,control,0,simulated,0,0,0,0.0
control_1037,control,0,simulated,0,0,0,0.0
control_1038,control,0,simulated,0,0,0,0.0
control_1039,control,0,simulated,0,0,0,0.0
control_1040,control,1,simulated,0,0,0,0.0
control_1041,control,0,simulated,0,0,0,0.0
control_1042,control,0,simulated,0,0,0,0.0
control_1043,control,0,simulated,0,0,0,0.0
control_1044,control,1,simulated,0,0,0,0.0
control_1045,control,0,simulated,0,0,0,0.0
control_1046,control,0,simulated,0,0,0,0.0
control_1047,control,0,simulated,0,0,0,0.0
control_1048,control,1,simulated,0,0,0,0.0
control_1049,control,1,simulated,0,0,0,0.0
control_1050,control,0,simulated,0,0,0,0.0
control_1051,control,0,simulated,0,0,0,0.0
control_1052,control,1,simulated,1,0,0,0.0
control_1053,control,0,simulated,0,0,0,0.0
control_1054,control,0,simulated,0,0,0,0.0
control_1055,control,0,simulated,0,0,0,0.0
control_1056,control,0,simulated,0,0,0,0.0
control_1057,control,0,simulated,0,0,0,0.0
control_1058,control,0,simulated,0,0,0,0.0
control_1059,control,0,simulated,0,0,0,0.0
control_1060,control,1,simulated,0,1,0,16.21
control_1061,control,1,simulated,0,0,0,0.0
control_1062,control,0,simulated,0,0,0,0.0
control_1063,control,1,simulated,0,0,0,0.0
control_1064,control,0,simulated,0,0,0,0.0
control_1065,control,1,simulated,0,0,0,0.0
control_1066,control,0,simulated,0,0,0,0.0
control_1067,control,0,simulated,0,0,0,0.0
control_1068,control,0,simulated,0,0,0,0.0
control_1069,control,0,simulated,0,0,0,0.0
control_1070,control,0,simulated,0,0,0,0.0
control_1071,control,1,simulated,0,0,0,0.0
control_1072,control,0,simulated,0,0,0,0.0
control_1073,control,1,simulated,0,0,0,0.0
control_1074,control,0,simulated,0,0,0,0.0
control_1075,control,0,simulated,0,0,0,0.0
control_1076,control,0,simulated,0,0,0,0.0
control_1077,control,0,simulated,0,0,0,0.0
control_1078,control,0,simulated,0,0,0,0.0
control_1079,control,0,simulated,0,0,0,0.0
control_1080,control,1,simulated,0,0,0,0.0
control_1081,control,0,simulated,0,0,0,0.0
control_1082,control,0,simulated,0,0,0,0.0
control_1083,control,0,simulated,0,0,0,0.0
control_1084,control,0,simulated,0,0,0,0.0
control_1085,control,0,simulated,0,0,0,0.0
control_1086,control,0,simulated,0,0,0,0.0
control_1087,control,0,simulated,0,0,0,0.0
control_1088,control,0,simulated,0,0,0,0.0
control_1089,control,0,simulated,0,0,0,0.0
control_1090,control,1,simulated,1,0,0,0.0
control_1091,control,0,simulated,0,0,0,0.0
control_1092,control,0,simulated,0,0,0,0.0
control_1093,control,0,simulated,0,0,0,0.0
control_1094,control,0,simulated,0,0,0,0.0
control_1095,control,0,simulated,0,0,0,0.0
control_1096,control,1,simulated,0,0,0,0.0
control_1097,control,0,simulated,0,0,0,0.0
control_1098,control,1,simulated,1,0,0,0.0
control_1099,control,0,simulated,0,0,0,0.0
control_1100,control,0,simulated,0,0,0,0.0
control_1101,control,0,simulated,0,0,0,0.0
control_1102,control,0,simulated,0,0,0,0.0
control_1103,control,1,simulated,0,1,0,29.33
control_1104,control,0,simulated,0,0,0,0.0
control_1105,control,0,simulated,0,0,0,0.0
control_1106,control,0,simulated,0,0,0,0.0
control_1107,control,0,simulated,0,0,0,0.0
control_1108,control,0,simulated,0,0,0,0.0
control_1109,control,0,simulated,0,0,0,0.0
control_1110,control,1,simulated,0,0,0,0.0
control_1111,control,1,simulated,0,0,0,0.0
control_1112,control,0,simulated,0,0,0,0.0
control_1113,control,0,simulated,0,0,0,0.0
control_1114,control,0,simulated,0,0,0,0.0
control_1115,control,0,simulated,0,0,0,0.0
control_1116,control,0,simulated,0,0,0,0.0
control_1117,control,0,simulated,0,0,0,0.0
control_1118,control,0,simulated,0,0,0,0.0
control_1119,control,0,simulated,0,0,0,0.0
control_1120,control,0,simulated,0,0,0,0.0
control_1121,control,0,simulated,0,0,0,0.0
control_1122,control,1,simulated,0,0,0,0.0
control_1123,control,0,simulated,0,0,0,0.0
control_1124,control,0,simulated,0,0,0,0.0
control_1125,control,0,simulated,0,0,0,0.0
control_1126,control,0,simulated,0,0,0,0.0
control_1127,control,1,simulated,1,0,0,0.0
control_1128,control,0,simulated,0,0,0,0.0
control_1129,control,0,simulated,0,0,0,0.0
control_1130,control,1,simulated,0,0,0,0.0
control_1131,control,1,simulated,0,0,0,0.0
control_1132,control,0,simulated,0,0,0,0.0
control_1133,control,1,simulated,0,0,0,0.0
control_1134,control,1,simulated,0,0,0,0.0
control_1135,control,0,simulated,0,0,0,0.0
control_1136,control,0,simulated,0,0,0,0.0
control_1137,control,0,simulated,0,0,0,0.0
control_1138,control,0,simulated,0,0,0,0.0
control_1139,control,0,simulated,0,0,0,0.0
control_1140,control,0,simulated,0,0,0,0.0
control_1141,control,1,simulated,0,1,0,20.79
control_1142,control,1,simulated,0,0,0,0.0
control_1143,control,0,simulated,0,0,0,0.0
control_1144,control,0,simulated,0,0,0,0.0
control_1145,control,0,simulated,0,0,0,0.0
control_1146,control,0,simulated,0,0,0,0.0
control_1147,control,0,simulated,0,0,0,0.0
control_1148,control,0,simulated,0,0,0,0.0
control_1149,control,0,simulated,0,0,0,0.0
control_1150,control,0,simulated,0,0,0,0.0
control_1151,control,0,simulated,0,0,0,0.0
control_1152,control,0,simulated,0,0,0,0.0
control_1153,control,1,simulated,0,0,0,0.0
control_1154,control,0,simulated,0,0,0,0.0
control_1155,control,0,simulated,0,0,0,0.0
control_1156,control,0,simulated,0,0,0,0.0
control_1157,control,0,simulated,0,0,0,0.0
control_1158,control,0,simulated,0,0,0,0.0
control_1159,control,0,simulated,0,0,0,0.0
control_1160,control,0,simulated,0,0,0,0.0
control_1161,control,0,simulated,0,0,0,0.0
control_1162,control,0,simulated,0,0,0,0.0
control_1163,control,0,simulated,0,0,0,0.0
control_1164,control,0,simulated,0,0,0,0.0
control_1165,control,1,simulated,0,0,0,0.0
control_1166,control,0,simulated,0,0,0,0.0
control_1167,control,1,simulated,0,0,0,0.0
control_1168,control,0,simulated,0,0,0,0.0
control_1169,control,0,simulated,0,0,0,0.0
control_1170,control,0,simulated,0,0,0,0.0
control_1171,control,0,simulated,0,0,0,0.0
control_1172,control,1,simulated,0,0,0,0.0
control_1173,control,0,simulated,0,0,0,0.0
control_1174,control,0,simulated,0,0,0,0.0
control_1175,control,0,simulated,0,0,0,0.0
control_1176,control,1,simulated,0,0,0,0.0
control_1177,control,0,simulated,0,0,0,0.0
control_1178,control,0,simulated,0,0,0,0.0
control_1179,control,0,simulated,0,0,0,0.0
control_1180,control,0,simulated,0,0,0,0.0
control_1181,control,0,simulated,0,0,0,0.0
control_1182,control,0,simulated,0,0,0,0.0
control_1183,control,0,simulated,0,0,0,0.0
control_1184,control,0,simulated,0,0,0,0.0
control_1185,control,0,simulated,0,0,0,0.0
control_1186,control,1,simulated,0,0,0,0.0
control_1187,control,0,simulated,0,0,0,0.0
control_1188,control,0,simulated,0,0,0,0.0
control_1189,control,0,simulated,0,0,0,0.0
control_1190,control,0,simulated,0,0,0,0.0
control_1191,control,0,simulated,0,0,0,0.0
control_1192,control,0,simulated,0,0,0,0.0
control_1193,control,0,simulated,0,0,0,0.0
control_1194,control,0,simulated,0,0,0,0.0
control_1195,control,1,simulated,0,0,0,0.0
control_1196,control,0,simulated,0,0,0,0.0
control_1197,control,0,simulated,0,0,0,0.0
control_1198,control,0,simulated,0,0,0,0.0
control_1199,control,0,simulated,0,0,0,0.0
control_1200,control,0,simulated,0,0,0,0.0
control_1201,control,0,simulated,0,0,0,0.0
control_1202,control,1,simulated,0,0,0,0.0
control_1203,control,0,simulated,0,0,0,0.0
control_1204,control,0,simulated,0,0,0,0.0
control_1205,control,0,simulated,0,0,0,0.0
control_1206,control,0,simulated,0,0,0,0.0
control_1207,control,0,simulated,0,0,0,0.0
control_1208,control,0,simulated,0,0,0,0.0
control_1209,control,0,simulated,0,0,0,0.0
control_1210,control,1,simulated,0,0,0,0.0
control_1211,control,1,simulated,0,0,0,0.0
control_1212,control,0,simulated,0,0,0,0.0
control_1213,control,0,simulated,0,0,0,0.0
control_1214,control,0,simulated,0,0,0,0.0
control_1215,control,0,simulated,0,0,0,0.0
control_1216,control,0,simulated,0,0,0,0.0
control_1217,control,0,simulated,0,0,0,0.0
control_1218,control,1,simulated,1,0,0,0.0
control_1219,control,0,simulated,0,0,1,0.0
control_1220,control,0,simulated,0,0,0,0.0
control_1221,control,1,simulated,0,0,0,0.0
control_1222,control,0,simulated,0,0,0,0.0
control_1223,control,0,simulated,0,0,0,0.0
control_1224,control,0,simulated,0,0,0,0.0
control_1225,control,0,simulated,0,0,0,0.0
control_1226,control,0,simulated,0,0,0,0.0
control_1227,control,0,simulated,0,0,0,0.0
control_1228,control,0,simulated,0,0,0,0.0
control_1229,control,0,simulated,0,0,0,0.0
control_1230,control,0,simulated,0,0,0,0.0
control_1231,control,1,simulated,0,0,0,0.0
control_1232,control,0,simulated,0,0,0,0.0
control_1233,control,1,simulated,1,0,0,0.0
control_1234,control,0,simulated,0,0,0,0.0
control_1235,control,0,simulated,0,0,0,0.0
control_1236,control,0,simulated,0,0,0,0.0
control_1237,control,0,simulated,0,0,0,0.0
control_1238,control,0,simulated,0,0,0,0.0
control_1239,control,0,simulated,0,0,0,0.0
control_1240,control,1,simulated,0,0,0,0.0
control_1241,control,1,simulated,0,0,0,0.0
control_1242,control,1,simulated,0,0,0,0.0
control_1243,control,0,simulated,0,0,0,0.0
control_1244,control,1,simulated,0,0,0,0.0
control_1245,control,1,simulated,0,0,0,0.0
control_1246,control,0,simulated,0,0,0,0.0
control_1247,control,0,simulated,0,0,0,0.0
control_1248,control,0,simulated,0,0,0,0.0
control_1249,control,0,simulated,0,0,0,0.0
control_1250,control,0,simulated,0,0,0,0.0
control_1251,control,0,simulated,0,0,0,0.0
control_1252,control,1,simulated,0,0,0,0.0
control_1253,control,0,simulated,0,0,0,0.0
control_1254,control,0,simulated,0,0,0,0.0
control_1255,control,1,simulated,0,0,0,0.0
control_1256,control,0,simulated,0,0,0,0.0
control_1257,control,0,simulated,0,0,0,0.0
control_1258,control,0,simulated,0,0,0,0.0
control_1259,control,0,simulated,0,0,0,0.0
control_1260,control,1,simulated,0,0,0,0.0
control_1261,control,0,simulated,0,0,0,0.0
control_1262,control,0,simulated,0,0,0,0.0
control_1263,control,0,simulated,0,0,1,0.0
control_1264,control,0,simulated,0,0,0,0.0
control_1265,control,0,simulated,0,0,0,0.0
control_1266,control,1,simulated,0,0,0,0.0
control_1267,control,0,simulated,0,0,0,0.0
control_1268,control,1,simulated,0,0,0,0.0
control_1269,control,0,simulated,0,0,0,0.0
control_1270,control,0,simulated,0,0,0,0.0
control_1271,control,0,simulated,0,0,0,0.0
control_1272,control,0,simulated,0,0,0,0.0
control_1273,control,0,simulated,0,0,0,0.0
control_1274,control,1,simulated,0,0,0,0.0
control_1275,control,0,simulated,0,0,0,0.0
control_1276,control,0,simulated,0,0,0,0.0
control_1277,control,0,simulated,0,0,0,0.0
control_1278,control,0,simulated,0,0,0,0.0
control_1279,control,0,simulated,0,0,0,0.0
control_1280,control,1,simulated,0,0,0,0.0
control_1281,control,0,simulated,0,0,0,0.0
control_1282,control,0,simulated,0,0,0,0.0
control_1283,control,0,simulated,0,0,0,0.0
control_1284,control,1,simulated,0,0,0,0.0
control_1285,control,0,simulated,0,0,0,0.0
control_1286,control,0,simulated,0,0,0,0.0
control_1287,control,0,simulated,0,0,0,0.0
control_1288,control,0,simulated,0,0,0,0.0
control_1289,control,0,simulated,0,0,0,0.0
control_1290,control,0,simulated,0,0,0,0.0
control_1291,control,0,simulated,0,0,0,0.0
control_1292,control,0,simulated,0,0,0,0.0
control_1293,control,0,simulated,0,0,0,0.0
control_1294,control,0,simulated,0,0,0,0.0
control_1295,control,0,simulated,0,0,0,0.0
control_1296,control,0,simulated,0,0,0,0.0
control_1297,control,1,simulated,0,0,0,0.0
control_1298,control,0,simulated,0,0,0,0.0
control_1299,control,1,simulated,0,0,0,0.0
control_1300,control,1,simulated,0,0,0,0.0
control_1301,control,1,simulated,0,0,0,0.0
control_1302,control,1,simulated,1,0,0,0.0
control_1303,control,1,simulated,0,0,0,0.0
control_1304,control,1,simulated,0,0,0,0.0
control_1305,control,1,simulated,0,0,0,0.0
control_1306,control,0,simulated,0,0,0,0.0
control_1307,control,0,simulated,0,0,0,0.0
control_1308,control,1,simulated,0,0,0,0.0
control_1309,control,0,simulated,0,0,0,0.0
control_1310,control,1,simulated,0,0,0,0.0
control_1311,control,1,simulated,0,0,0,0.0
control_1312,control,0,simulated,0,0,0,0.0
control_1313,control,0,simulated,0,0,0,0.0
control_1314,control,0,simulated,0,0,0,0.0
control_1315,control,1,simulated,0,0,0,0.0
control_1316,control,0,simulated,0,0,0,0.0
control_1317,control,1,simulated,0,0,0,0.0
control_1318,control,0,simulated,0,0,0,0.0
control_1319,control,1,simulated,0,0,0,0.0
control_1320,control,0,simulated,0,0,0,0.0
control_1321,control,1,simulated,0,0,0,0.0
control_1322,control,0,simulated,0,0,0,0.0
control_1323,control,0,simulated,0,0,0,0.0
control_1324,control,1,simulated,0,0,0,0.0
control_1325,control,0,simulated,0,0,0,0.0
control_1326,control,0,simulated,0,0,0,0.0
control_1327,control,1,simulated,0,0,0,0.0
control_1328,control,0,simulated,0,0,0,0.0
control_1329,control,0,simulated,0,0,0,0.0
control_1330,control,1,simulated,0,0,0,0.0
control_1331,control,1,simulated,0,0,0,0.0
control_1332,control,1,simulated,0,0,0,0.0
control_1333,control,0,simulated,0,0,0,0.0
control_1334,control,0,simulated,0,0,0,0.0
control_1335,control,0,simulated,0,0,0,0.0
control_1336,control,0,simulated,0,0,0,0.0
control_1337,control,0,simulated,0,0,0,0.0
control_1338,control,0,simulated,0,0,0,0.0
control_1339,control,0,simulated,0,0,0,0.0
control_1340,control,0,simulated,0,0,0,0.0
control_1341,control,0,simulated,0,0,0,0.0
control_1342,control,0,simulated,0,0,0,0.0
control_1343,control,0,simulated,0,0,0,0.0
control_1344,control,0,simulated,0,0,0,0.0
control_1345,control,0,simulated,0,0,0,0.0
control_1346,control,0,simulated,0,0,0,0.0
control_1347,control,0,simulated,0,0,0,0.0
control_1348,control,0,simulated,0,0,0,0.0
control_1349,control,0,simulated,0,0,0,0.0
control_1350,control,0,simulated,0,0,0,0.0
control_1351,control,0,simulated,0,0,0,0.0
control_1352,control,0,simulated,0,0,0,0.0
control_1353,control,0,simulated,0,0,0,0.0
control_1354,control,0,simulated,0,0,0,0.0
control_1355,control,1,simulated,0,0,0,0.0
control_1356,control,0,simulated,0,0,0,0.0
control_1357,control,0,simulated,0,0,0,0.0
control_1358,control,1,simulated,0,0,0,0.0
control_1359,control,0,simulated,0,0,0,0.0
control_1360,control,0,simulated,0,0,0,0.0
control_1361,control,0,simulated,0,0,0,0.0
control_1362,control,0,simulated,0,0,0,0.0
control_1363,control,1,simulated,0,0,0,0.0
control_1364,control,0,simulated,0,0,0,0.0
control_1365,control,1,simulated,0,0,0,0.0
control_1366,control,0,simulated,0,0,0,0.0
control_1367,control,0,simulated,0,0,0,0.0
control_1368,control,1,simulated,0,0,0,0.0
control_1369,control,0,simulated,0,0,0,0.0
control_1370,control,1,simulated,0,0,0,0.0
control_1371,control,0,simulated,0,0,0,0.0
control_1372,control,0,simulated,0,0,0,0.0
control_1373,control,0,simulated,0,0,0,0.0
control_1374,control,0,simulated,0,0,0,0.0
control_1375,control,1,simulated,0,0,0,0.0
control_1376,control,0,simulated,0,0,1,0.0
control_1377,control,0,simulated,0,0,0,0.0
control_1378,control,0,simulated,0,0,0,0.0
control_1379,control,0,simulated,0,0,0,0.0
control_1380,control,0,simulated,0,0,0,0.0
control_1381,control,0,simulated,0,0,0,0.0
control_1382,control,1,simulated,0,0,0,0.0
control_1383,control,0,simulated,0,0,0,0.0
control_1384,control,0,simulated,0,0,0,0.0
control_1385,control,1,simulated,0,0,0,0.0
control_1386,control,0,simulated,0,0,0,0.0
control_1387,control,0,simulated,0,0,0,0.0
control_1388,control,1,simulated,0,0,0,0.0
control_1389,control,0,simulated,0,0,0,0.0
control_1390,control,0,simulated,0,0,0,0.0
control_1391,control,0,simulated,0,0,0,0.0
control_1392,control,0,simulated,0,0,0,0.0
control_1393,control,0,simulated,0,0,0,0.0
control_1394,control,1,simulated,0,0,0,0.0
control_1395,control,0,simulated,0,0,0,0.0
control_1396,control,0,simulated,0,0,0,0.0
control_1397,control,0,simulated,0,0,0,0.0
control_1398,control,0,simulated,0,0,0,0.0
control_1399,control,1,simulated,0,0,0,0.0
control_1400,control,0,simulated,0,0,0,0.0
control_1401,control,1,simulated,0,0,0,0.0
control_1402,control,0,simulated,0,0,0,0.0
control_1403,control,0,simulated,0,0,0,0.0
control_1404,control,0,simulated,0,0,0,0.0
control_1405,control,0,simulated,0,0,0,0.0
control_1406,control,0,simulated,0,0,0,0.0
control_1407,control,0,simulated,0,0,0,0.0
control_1408,control,0,simulated,0,0,0,0.0
control_1409,control,0,simulated,0,0,0,0.0
control_1410,control,0,simulated,0,0,0,0.0
control_1411,control,1,simulated,0,0,0,0.0
control_1412,control,0,simulated,0,0,0,0.0
control_1413,control,0,simulated,0,0,0,0.0
control_1414,control,0,simulated,0,0,0,0.0
control_1415,control,0,simulated,0,0,0,0.0
control_1416,control,0,simulated,0,0,0,0.0
control_1417,control,0,simulated,0,0,0,0.0
control_1418,control,1,simulated,0,0,0,0.0
control_1419,control,0,simulated,0,0,1,0.0
control_1420,control,0,simulated,0,0,0,0.0
control_1421,control,0,simulated,0,0,0,0.0
control_1422,control,0,simulated,0,0,0,0.0
control_1423,control,1,simulated,0,0,0,0.0
control_1424,control,0,simulated,0,0,0,0.0
control_1425,control,1,simulated,0,0,0,0.0
control_1426,control,0,simulated,0,0,0,0.0
control_1427,control,1,simulated,0,0,0,0.0
control_1428,control,1,simulated,0,0,0,0.0
control_1429,control,1,simulated,0,0,0,0.0
control_1430,control,0,simulated,0,0,0,0.0
control_1431,control,1,simulated,0,0,0,0.0
control_1432,control,0,simulated,0,0,0,0.0
control_1433,control,0,simulated,0,0,0,0.0
control_1434,control,0,simulated,0,0,0,0.0
control_1435,control,0,simulated,0,0,0,0.0
control_1436,control,0,simulated,0,0,0,0.0
control_1437,control,0,simulated,0,0,0,0.0
control_1438,control,0,simulated,0,0,0,0.0
control_1439,control,0,simulated,0,0,0,0.0
control_1440,control,0,simulated,0,0,0,0.0
control_1441,control,0,simulated,0,0,0,0.0
control_1442,control,0,simulated,0,0,0,0.0
control_1443,control,1,simulated,0,0,0,0.0
control_1444,control,0,simulated,0,0,0,0.0
control_1445,control,0,simulated,0,0,0,0.0
control_1446,control,1,simulated,0,0,0,0.0
control_1447,control,0,simulated,0,0,0,0.0
control_1448,control,1,simulated,0,0,0,0.0
control_1449,control,0,simulated,0,0,0,0.0
control_1450,control,0,simulated,0,0,0,0.0
control_1451,control,0,simulated,0,0,0,0.0
control_1452,control,0,simulated,0,0,0,0.0
control_1453,control,0,simulated,0,0,0,0.0
control_1454,control,0,simulated,0,0,0,0.0
control_1455,control,1,simulated,0,0,0,0.0
control_1456,control,0,simulated,0,0,0,0.0
control_1457,control,1,simulated,0,0,0,0.0
control_1458,control,0,simulated,0,0,0,0.0
control_1459,control,0,simulated,0,0,0,0.0
control_1460,control,0,simulated,0,0,0,0.0
control_1461,control,0,simulated,0,0,0,0.0
control_1462,control,0,simulated,0,0,0,0.0
control_1463,control,0,simulated,0,0,0,0.0
control_1464,control,1,simulated,0,0,0,0.0
control_1465,control,0,simulated,0,0,0,0.0
control_1466,control,0,simulated,0,0,0,0.0
control_1467,control,0,simulated,0,0,0,0.0
control_1468,control,1,simulated,0,0,0,0.0
control_1469,control,0,simulated,0,0,0,0.0
control_1470,control,0,simulated,0,0,0,0.0
control_1471,control,0,simulated,0,0,0,0.0
control_1472,control,0,simulated,0,0,0,0.0
control_1473,control,0,simulated,0,0,0,0.0
control_1474,control,0,simulated,0,0,0,0.0
control_1475,control,0,simulated,0,0,0,0.0
control_1476,control,1,simulated,1,0,0,0.0
control_1477,control,1,simulated,0,0,0,0.0
control_1478,control,1,simulated,0,0,0,0.0
control_1479,control,0,simulated,0,0,0,0.0
control_1480,control,0,simulated,0,0,0,0.0
control_1481,control,0,simulated,0,0,0,0.0
control_1482,control,1,simulated,0,0,0,0.0
control_1483,control,0,simulated,0,0,0,0.0
control_1484,control,0,simulated,0,0,0,0.0
control_1485,control,0,simulated,0,0,0,0.0
control_1486,control,0,simulated,0,0,0,0.0
control_1487,control,1,simulated,0,0,0,0.0
control_1488,control,0,simulated,0,0,0,0.0
control_1489,control,0,simulated,0,0,0,0.0
control_1490,control,1,simulated,0,0,0,0.0
control_1491,control,0,simulated,0,0,0,0.0
control_1492,control,1,simulated,0,0,0,0.0
control_1493,control,1,simulated,0,0,0,0.0
control_1494,control,0,simulated,0,0,0,0.0
control_1495,control,0,simulated,0,0,0,0.0
control_1496,control,0,simulated,0,0,0,0.0
control_1497,control,0,simulated,0,0,0,0.0
control_1498,control,0,simulated,0,0,0,0.0
control_1499,control,1,simulated,0,0,0,0.0
control_1500,control,0,simulated,0,0,0,0.0
control_1501,control,0,simulated,0,0,0,0.0
control_1502,control,0,simulated,0,0,0,0.0
control_1503,control,1,simulated,0,0,0,0.0
control_1504,control,1,simulated,0,0,0,0.0
control_1505,control,0,simulated,0,0,0,0.0
control_1506,control,1,simulated,0,0,0,0.0
control_1507,control,0,simulated,0,0,0,0.0
control_1508,control,0,simulated,0,0,0,0.0
control_1509,control,0,simulated,0,0,0,0.0
control_1510,control,0,simulated,0,0,0,0.0
control_1511,control,1,simulated,0,0,1,0.0
control_1512,control,1,simulated,0,0,0,0.0
control_1513,control,0,simulated,0,0,0,0.0
control_1514,control,0,simulated,0,0,0,0.0
control_1515,control,0,simulated,0,0,0,0.0
control_1516,control,0,simulated,0,0,0,0.0
control_1517,control,0,simulated,0,0,0,0.0
control_1518,control,0,simulated,0,0,0,0.0
control_1519,control,0,simulated,0,0,0,0.0
control_1520,control,0,simulated,0,0,0,0.0
control_1521,control,0,simulated,0,0,1,0.0
control_1522,control,1,simulated,0,0,0,0.0
control_1523,control,0,simulated,0,0,0,0.0
control_1524,control,0,simulated,0,0,0,0.0
control_1525,control,0,simulated,0,0,0,0.0
control_1526,control,0,simulated,0,0,0,0.0
control_1527,control,0,simulated,0,0,0,0.0
control_1528,control,1,simulated,0,0,0,0.0
control_1529,control,1,simulated,0,0,0,0.0
control_1530,control,0,simulated,0,0,0,0.0
control_1531,control,1,simulated,0,0,0,0.0
control_1532,control,0,simulated,0,0,0,0.0
control_1533,control,0,simulated,0,0,0,0.0
control_1534,control,0,simulated,0,0,0,0.0
control_1535,control,0,simulated,0,0,0,0.0
control_1536,control,0,simulated,0,0,0,0.0
control_1537,control,0,simulated,0,0,0,0.0
control_1538,control,0,simulated,0,0,0,0.0
control_1539,control,0,simulated,0,0,0,0.0
control_1540,control,0,simulated,0,0,0,0.0
control_1541,control,0,simulated,0,0,0,0.0
control_1542,control,0,simulated,0,0,0,0.0
control_1543,control,0,simulated,0,0,0,0.0
control_1544,control,0,simulated,0,0,0,0.0
control_1545,control,0,simulated,0,0,0,0.0
control_1546,control,1,simulated,0,0,0,0.0
control_1547,control,1,simulated,0,0,0,0.0
control_1548,control,0,simulated,0,0,0,0.0
control_1549,control,0,simulated,0,0,0,0.0
control_1550,control,0,simulated,0,0,0,0.0
control_1551,control,0,simulated,0,0,0,0.0
control_1552,control,0,simulated,0,0,0,0.0
control_1553,control,0,simulated,0,0,0,0.0
control_1554,control,0,simulated,0,0,0,0.0
control_1555,control,0,simulated,0,0,0,0.0
control_1556,control,0,simulated,0,0,0,0.0
control_1557,control,0,simulated,0,0,0,0.0
control_1558,control,1,simulated,0,0,0,0.0
control_1559,control,0,simulated,0,0,0,0.0
control_1560,control,0,simulated,0,0,0,0.0
control_1561,control,0,simulated,0,0,0,0.0
control_1562,control,0,simulated,0,0,0,0.0
control_1563,control,0,simulated,0,0,0,0.0
control_1564,control,0,simulated,0,0,0,0.0
control_1565,control,0,simulated,0,0,0,0.0
control_1566,control,0,simulated,0,0,0,0.0
control_1567,control,0,simulated,0,0,0,0.0
control_1568,control,0,simulated,0,0,0,0.0
control_1569,control,0,simulated,0,0,0,0.0
control_1570,control,0,simulated,0,0,0,0.0
control_1571,control,1,simulated,0,0,0,0.0
control_1572,control,0,simulated,0,0,0,0.0
control_1573,control,0,simulated,0,0,0,0.0
control_1574,control,0,simulated,0,0,0,0.0
control_1575,control,0,simulated,0,0,0,0.0
control_1576,control,0,simulated,0,0,0,0.0
control_1577,control,0,simulated,0,0,0,0.0
control_1578,control,0,simulated,0,0,0,0.0
control_1579,control,0,simulated,0,0,0,0.0
control_1580,control,0,simulated,0,0,0,0.0
control_1581,control,0,simulated,0,0,0,0.0
control_1582,control,0,simulated,0,0,0,0.0
control_1583,control,1,simulated,0,0,0,0.0
control_1584,control,1,simulated,0,0,0,0.0
control_1585,control,0,simulated,0,0,0,0.0
control_1586,control,0,simulated,0,0,0,0.0
control_1587,control,0,simulated,0,0,0,0.0
control_1588,control,0,simulated,0,0,0,0.0
control_1589,control,1,simulated,0,0,0,0.0
control_1590,control,0,simulated,0,0,0,0.0
control_1591,control,0,simulated,0,0,0,0.0
control_1592,control,0,simulated,0,0,0,0.0
control_1593,control,0,simulated,0,0,0,0.0
control_1594,control,1,simulated,0,0,0,0.0
control_1595,control,0,simulated,0,0,0,0.0
control_1596,control,0,simulated,0,0,0,0.0
control_1597,control,0,simulated,0,0,0,0.0
control_1598,control,0,simulated,0,0,0,0.0
control_1599,control,0,simulated,0,0,0,0.0
control_1600,control,1,simulated,0,0,0,0.0
control_1601,control,0,simulated,0,0,0,0.0
control_1602,control,0,simulated,0,0,0,0.0
control_1603,control,1,simulated,0,0,0,0.0
control_1604,control,0,simulated,0,0,0,0.0
control_1605,control,0,simulated,0,0,0,0.0
control_1606,control,0,simulated,0,0,0,0.0
control_1607,control,1,simulated,0,0,0,0.0
control_1608,control,0,simulated,0,0,0,0.0
control_1609,control,0,simulated,0,0,0,0.0
control_1610,control,1,simulated,0,0,0,0.0
control_1611,control,0,simulated,0,0,0,0.0
control_1612,control,0,simulated,0,0,0,0.0
control_1613,control,1,simulated,0,0,0,0.0
control_1614,control,1,simulated,0,0,0,0.0
control_1615,control,0,simulated,0,0,0,0.0
control_1616,control,0,simulated,0,0,0,0.0
control_1617,control,0,simulated,0,0,0,0.0
control_1618,control,1,simulated,0,0,0,0.0
control_1619,control,0,simulated,0,0,0,0.0
control_1620,control,0,simulated,0,0,0,0.0
control_1621,control,1,simulated,0,0,0,0.0
control_1622,control,0,simulated,0,0,0,0.0
control_1623,control,0,simulated,0,0,0,0.0
control_1624,control,1,simulated,0,0,0,0.0
control_1625,control,0,simulated,0,0,0,0.0
control_1626,control,0,simulated,0,0,0,0.0
control_1627,control,0,simulated,0,0,0,0.0
control_1628,control,1,simulated,0,0,0,0.0
control_1629,control,1,simulated,0,0,0,0.0
control_1630,control,0,simulated,0,0,0,0.0
control_1631,control,0,simulated,0,0,0,0.0
control_1632,control,0,simulated,0,0,0,0.0
control_1633,control,0,simulated,0,0,0,0.0
control_1634,control,0,simulated,0,0,0,0.0
control_1635,control,0,simulated,0,0,0,0.0
control_1636,control,1,simulated,0,0,0,0.0
control_1637,control,0,simulated,0,0,0,0.0
control_1638,control,0,simulated,0,0,0,0.0
control_1639,control,1,simulated,0,0,0,0.0
control_1640,control,0,simulated,0,0,0,0.0
control_1641,control,0,simulated,0,0,0,0.0
control_1642,control,0,simulated,0,0,0,0.0
control_1643,control,0,simulated,0,0,0,0.0
control_1644,control,0,simulated,0,0,0,0.0
control_1645,control,1,simulated,0,0,0,0.0
control_1646,control,0,simulated,0,0,0,0.0
control_1647,control,0,simulated,0,0,0,0.0
control_1648,control,0,simulated,0,0,0,0.0
control_1649,control,1,simulated,0,0,0,0.0
control_1650,control,0,simulated,0,0,0,0.0
control_1651,control,1,simulated,0,0,0,0.0
control_1652,control,0,simulated,0,0,0,0.0
control_1653,control,1,simulated,0,0,0,0.0
control_1654,control,0,simulated,0,0,0,0.0
control_1655,control,0,simulated,0,0,0,0.0
control_1656,control,0,simulated,0,0,0,0.0
control_1657,control,1,simulated,0,0,1,0.0
control_1658,control,0,simulated,0,0,0,0.0
control_1659,control,0,simulated,0,0,0,0.0
control_1660,control,0,simulated,0,0,0,0.0
control_1661,control,1,simulated,0,0,0,0.0
control_1662,control,0,simulated,0,0,0,0.0
control_1663,control,0,simulated,0,0,0,0.0
control_1664,control,0,simulated,0,0,0,0.0
control_1665,control,0,simulated,0,0,0,0.0
control_1666,control,0,simulated,0,0,0,0.0
control_1667,control,0,simulated,0,0,0,0.0
control_1668,control,0,simulated,0,0,0,0.0
control_1669,control,0,simulated,0,0,0,0.0
control_1670,control,0,simulated,0,0,0,0.0
control_1671,control,0,simulated,0,0,0,0.0
control_1672,control,1,simulated,0,0,0,0.0
control_1673,control,0,simulated,0,0,0,0.0
control_1674,control,1,simulated,0,0,0,0.0
control_1675,control,0,simulated,0,0,0,0.0
control_1676,control,0,simulated,0,0,0,0.0
control_1677,control,0,simulated,0,0,0,0.0
control_1678,control,0,simulated,0,0,0,0.0
control_1679,control,0,simulated,0,0,0,0.0
control_1680,control,1,simulated,0,0,0,0.0
control_1681,control,0,simulated,0,0,0,0.0
control_1682,control,1,simulated,0,0,0,0.0
control_1683,control,0,simulated,0,0,0,0.0
control_1684,control,0,simulated,0,0,0,0.0
control_1685,control,0,simulated,0,0,0,0.0
control_1686,control,1,simulated,0,0,0,0.0
control_1687,control,1,simulated,0,0,0,0.0
control_1688,control,0,simulated,0,0,0,0.0
control_1689,control,0,simulated,0,0,0,0.0
control_1690,control,0,simulated,0,0,0,0.0
control_1691,control,0,simulated,0,0,0,0.0
control_1692,control,0,simulated,0,0,0,0.0
control_1693,control,0,simulated,0,0,0,0.0
control_1694,control,0,simulated,0,0,0,0.0
control_1695,control,0,simulated,0,0,0,0.0
control_1696,control,1,simulated,0,0,0,0.0
control_1697,control,0,simulated,0,0,0,0.0
control_1698,control,0,simulated,0,0,0,0.0
control_1699,control,0,simulated,0,0,0,0.0
control_1700,control,0,simulated,0,0,0,0.0
control_1701,control,0,simulated,0,0,0,0.0
control_1702,control,0,simulated,0,0,0,0.0
control_1703,control,0,simulated,0,0,0,0.0
control_1704,control,1,simulated,0,0,0,0.0
control_1705,control,0,simulated,0,0,0,0.0
control_1706,control,0,simulated,0,0,0,0.0
control_1707,control,0,simulated,0,0,0,0.0
control_1708,control,0,simulated,0,0,0,0.0
control_1709,control,1,simulated,0,0,0,0.0
control_1710,control,0,simulated,0,0,0,0.0
control_1711,control,0,simulated,0,0,0,0.0
control_1712,control,0,simulated,0,0,0,0.0
control_1713,control,0,simulated,0,0,0,0.0
control_1714,control,0,simulated,0,0,0,0.0
control_1715,control,1,simulated,0,0,0,0.0
control_1716,control,1,simulated,1,0,0,0.0
control_1717,control,0,simulated,0,0,0,0.0
control_1718,control,0,simulated,0,0,0,0.0
control_1719,control,0,simulated,0,0,0,0.0
control_1720,control,1,simulated,0,0,0,0.0
control_1721,control,0,simulated,0,0,0,0.0
control_1722,control,0,simulated,0,0,0,0.0
control_1723,control,0,simulated,0,0,0,0.0
control_1724,control,0,simulated,0,0,0,0.0
control_1725,control,0,simulated,0,0,0,0.0
control_1726,control,0,simulated,0,0,0,0.0
control_1727,control,0,simulated,0,0,0,0.0
control_1728,control,0,simulated,0,0,0,0.0
control_1729,control,0,simulated,0,0,0,0.0
control_1730,control,0,simulated,0,0,0,0.0
control_1731,control,0,simulated,0,0,0,0.0
control_1732,control,0,simulated,0,0,0,0.0
control_1733,control,0,simulated,0,0,0,0.0
control_1734,control,0,simulated,0,0,0,0.0
control_1735,control,0,simulated,0,0,0,0.0
control_1736,control,0,simulated,0,0,0,0.0
control_1737,control,0,simulated,0,0,0,0.0
control_1738,control,0,simulated,0,0,0,0.0
control_1739,control,0,simulated,0,0,0,0.0
control_1740,control,1,simulated,0,0,0,0.0
control_1741,control,0,simulated,0,0,0,0.0
control_1742,control,0,simulated,0,0,0,0.0
control_1743,control,1,simulated,0,0,0,0.0
control_1744,control,0,simulated,0,0,0,0.0
control_1745,control,1,simulated,0,0,0,0.0
control_1746,control,1,simulated,0,0,0,0.0
control_1747,control,0,simulated,0,0,0,0.0
control_1748,control,1,simulated,0,0,0,0.0
control_1749,control,0,simulated,0,0,0,0.0
control_1750,control,0,simulated,0,0,0,0.0
control_1751,control,1,simulated,0,0,0,0.0
control_1752,control,0,simulated,0,0,0,0.0
control_1753,control,1,simulated,0,0,0,0.0
control_1754,control,0,simulated,0,0,0,0.0
control_1755,control,0,simulated,0,0,0,0.0
control_1756,control,1,simulated,0,0,0,0.0
control_1757,control,0,simulated,0,0,0,0.0
control_1758,control,0,simulated,0,0,0,0.0
control_1759,control,0,simulated,0,0,0,0.0
control_1760,control,0,simulated,0,0,0,0.0
control_1761,control,1,simulated,0,0,0,0.0
control_1762,control,1,simulated,0,0,0,0.0
control_1763,control,0,simulated,0,0,0,0.0
control_1764,control,0,simulated,0,0,0,0.0
control_1765,control,1,simulated,0,0,0,0.0
control_1766,control,0,simulated,0,0,0,0.0
control_1767,control,0,simulated,0,0,0,0.0
control_1768,control,0,simulated,0,0,0,0.0
control_1769,control,1,simulated,0,0,0,0.0
control_1770,control,0,simulated,0,0,0,0.0
control_1771,control,0,simulated,0,0,0,0.0
control_1772,control,0,simulated,0,0,0,0.0
control_1773,control,0,simulated,0,0,0,0.0
control_1774,control,0,simulated,0,0,0,0.0
control_1775,control,0,simulated,0,0,0,0.0
control_1776,control,0,simulated,0,0,0,0.0
control_1777,control,1,simulated,0,0,0,0.0
control_1778,control,0,simulated,0,0,0,0.0
control_1779,control,0,simulated,0,0,0,0.0
control_1780,control,0,simulated,0,0,0,0.0
control_1781,control,0,simulated,0,0,0,0.0
control_1782,control,0,simulated,0,0,0,0.0
control_1783,control,0,simulated,0,0,0,0.0
control_1784,control,0,simulated,0,0,0,0.0
control_1785,control,1,simulated,1,0,0,0.0
control_1786,control,0,simulated,0,0,0,0.0
control_1787,control,0,simulated,0,0,0,0.0
control_1788,control,0,simulated,0,0,0,0.0
control_1789,control,0,simulated,0,0,0,0.0
control_1790,control,0,simulated,0,0,0,0.0
control_1791,control,0,simulated,0,0,0,0.0
control_1792,control,0,simulated,0,0,0,0.0
control_1793,control,1,simulated,0,0,0,0.0
control_1794,control,1,simulated,0,0,0,0.0
control_1795,control,1,simulated,0,0,0,0.0
control_1796,control,1,simulated,0,0,0,0.0
control_1797,control,0,simulated,0,0,0,0.0
control_1798,control,0,simulated,0,0,0,0.0
control_1799,control,1,simulated,0,0,0,0.0
control_1800,control,0,simulated,0,0,1,0.0
control_1801,control,0,simulated,0,0,0,0.0
control_1802,control,1,simulated,0,0,0,0.0
control_1803,control,1,simulated,1,0,0,0.0
control_1804,control,0,simulated,0,0,0,0.0
control_1805,control,0,simulated,0,0,0,0.0
control_1806,control,0,simulated,0,0,0,0.0
control_1807,control,0,simulated,0,0,0,0.0
control_1808,control,0,simulated,0,0,0,0.0
control_1809,control,0,simulated,0,0,0,0.0
control_1810,control,1,simulated,0,0,0,0.0
control_1811,control,0,simulated,0,0,0,0.0
control_1812,control,1,simulated,0,0,0,0.0
control_1813,control,0,simulated,0,0,0,0.0
control_1814,control,0,simulated,0,0,0,0.0
control_1815,control,1,simulated,0,0,0,0.0
control_1816,control,0,simulated,0,0,0,0.0
control_1817,control,1,simulated,1,0,0,0.0
control_1818,control,0,simulated,0,0,0,0.0
control_1819,control,0,simulated,0,0,0,0.0
control_1820,control,0,simulated,0,0,0,0.0
control_1821,control,0,simulated,0,0,0,0.0
control_1822,control,0,simulated,0,0,0,0.0
control_1823,control,0,simulated,0,0,0,0.0
control_1824,control,0,simulated,0,0,0,0.0
control_1825,control,0,simulated,0,0,0,0.0
control_1826,control,0,simulated,0,0,0,0.0
control_1827,control,0,simulated,0,0,0,0.0
control_1828,control,0,simulated,0,0,0,0.0
control_1829,control,0,simulated,0,0,0,0.0
control_1830,control,0,simulated,0,0,0,0.0
control_1831,control,0,simulated,0,0,0,0.0
control_1832,control,0,simulated,0,0,0,0.0
control_1833,control,0,simulated,0,0,0,0.0
control_1834,control,0,simulated,0,0,0,0.0
control_1835,control,0,simulated,0,0,0,0.0
control_1836,control,0,simulated,0,0,0,0.0
control_1837,control,0,simulated,0,0,0,0.0
control_1838,control,0,simulated,0,0,0,0.0
control_1839,control,0,simulated,0,0,0,0.0
control_1840,control,0,simulated,0,0,0,0.0
control_1841,control,0,simulated,0,0,0,0.0
control_1842,control,0,simulated,0,0,0,0.0
control_1843,control,0,simulated,0,0,0,0.0
control_1844,control,0,simulated,0,0,0,0.0
control_1845,control,1,simulated,0,0,0,0.0
control_1846,control,0,simulated,0,0,0,0.0
control_1847,control,0,simulated,0,0,0,0.0
control_1848,control,0,simulated,0,0,0,0.0
control_1849,control,0,simulated,0,0,0,0.0
control_1850,control,0,simulated,0,0,0,0.0
control_1851,control,0,simulated,0,0,0,0.0
control_1852,control,0,simulated,0,0,0,0.0
control_1853,control,0,simulated,0,0,0,0.0
control_1854,control,0,simulated,0,0,0,0.0
control_1855,control,0,simulated,0,0,0,0.0
control_1856,control,0,simulated,0,0,0,0.0
control_1857,control,1,simulated,0,0,0,0.0
control_1858,control,0,simulated,0,0,0,0.0
control_1859,control,0,simulated,0,0,0,0.0
control_1860,control,0,simulated,0,0,0,0.0
control_1861,control,0,simulated,0,0,0,0.0
control_1862,control,0,simulated,0,0,0,0.0
control_1863,control,0,simulated,0,0,0,0.0
control_1864,control,1,simulated,0,0,0,0.0
control_1865,control,1,simulated,0,0,0,0.0
control_1866,control,1,simulated,0,0,0,0.0
control_1867,control,0,simulated,0,0,0,0.0
control_1868,control,0,simulated,0,0,0,0.0
control_1869,control,0,simulated,0,0,0,0.0
control_1870,control,1,simulated,0,0,0,0.0
control_1871,control,0,simulated,0,0,0,0.0
control_1872,control,0,simulated,0,0,0,0.0
control_1873,control,1,simulated,1,0,0,0.0
control_1874,control,0,simulated,0,0,0,0.0
control_1875,control,0,simulated,0,0,0,0.0
control_1876,control,0,simulated,0,0,0,0.0
control_1877,control,1,simulated,0,0,0,0.0
control_1878,control,0,simulated,0,0,0,0.0
control_1879,control,0,simulated,0,0,0,0.0
control_1880,control,0,simulated,0,0,0,0.0
control_1881,control,0,simulated,0,0,0,0.0
control_1882,control,0,simulated,0,0,0,0.0
control_1883,control,0,simulated,0,0,0,0.0
control_1884,control,0,simulated,0,0,0,0.0
control_1885,control,0,simulated,0,0,0,0.0
control_1886,control,0,simulated,0,0,0,0.0
control_1887,control,0,simulated,0,0,0,0.0
control_1888,control,0,simulated,0,0,0,0.0
control_1889,control,1,simulated,0,0,0,0.0
control_1890,control,0,simulated,0,0,0,0.0
control_1891,control,0,simulated,0,0,0,0.0
control_1892,control,1,simulated,0,0,0,0.0
control_1893,control,0,simulated,0,0,0,0.0
control_1894,control,1,simulated,0,0,0,0.0
control_1895,control,1,simulated,0,0,0,0.0
control_1896,control,0,simulated,0,0,0,0.0
control_1897,control,0,simulated,0,0,0,0.0
control_1898,control,0,simulated,0,0,0,0.0
control_1899,control,1,simulated,0,0,0,0.0
control_1900,control,0,simulated,0,0,0,0.0
control_1901,control,0,simulated,0,0,0,0.0
control_1902,control,1,simulated,0,0,0,0.0
control_1903,control,0,simulated,0,0,0,0.0
control_1904,control,0,simulated,0,0,0,0.0
control_1905,control,0,simulated,0,0,0,0.0
control_1906,control,0,simulated,0,0,0,0.0
control_1907,control,0,simulated,0,0,0,0.0
control_1908,control,0,simulated,0,0,0,0.0
control_1909,control,0,simulated,0,0,0,0.0
control_1910,control,0,simulated,0,0,0,0.0
control_1911,control,0,simulated,0,0,0,0.0
control_1912,control,0,simulated,0,0,0,0.0
control_1913,control,1,simulated,0,0,0,0.0
control_1914,control,0,simulated,0,0,0,0.0
control_1915,control,1,simulated,1,0,0,0.0
control_1916,control,0,simulated,0,0,0,0.0
control_1917,control,0,simulated,0,0,0,0.0
control_1918,control,0,simulated,0,0,0,0.0
control_1919,control,0,simulated,0,0,0,0.0
control_1920,control,1,simulated,0,0,0,0.0
control_1921,control,0,simulated,0,0,0,0.0
control_1922,control,0,simulated,0,0,0,0.0
control_1923,control,0,simulated,0,0,0,0.0
control_1924,control,0,simulated,0,0,0,0.0
control_1925,control,0,simulated,0,0,0,0.0
control_1926,control,0,simulated,0,0,0,0.0
control_1927,control,0,simulated,0,0,0,0.0
control_1928,control,0,simulated,0,0,0,0.0
control_1929,control,0,simulated,0,0,0,0.0
control_1930,control,0,simulated,0,0,0,0.0
control_1931,control,0,simulated,0,0,0,0.0
control_1932,control,0,simulated,0,0,0,0.0
control_1933,control,0,simulated,0,0,0,0.0
control_1934,control,0,simulated,0,0,0,0.0
control_1935,control,0,simulated,0,0,0,0.0
control_1936,control,0,simulated,0,0,0,0.0
control_1937,control,0,simulated,0,0,0,0.0
control_1938,control,1,simulated,0,0,0,0.0
control_1939,control,0,simulated,0,0,0,0.0
control_1940,control,0,simulated,0,0,0,0.0
control_1941,control,0,simulated,0,0,0,0.0
control_1942,control,0,simulated,0,0,0,0.0
control_1943,control,0,simulated,0,0,0,0.0
control_1944,control,0,simulated,0,0,0,0.0
control_1945,control,0,simulated,0,0,0,0.0
control_1946,control,0,simulated,0,0,0,0.0
control_1947,control,0,simulated,0,0,0,0.0
control_1948,control,1,simulated,0,0,0,0.0
control_1949,control,0,simulated,0,0,0,0.0
control_1950,control,0,simulated,0,0,0,0.0
control_1951,control,1,simulated,0,0,0,0.0
control_1952,control,1,simulated,0,0,0,0.0
control_1953,control,0,simulated,0,0,0,0.0
control_1954,control,0,simulated,0,0,0,0.0
control_1955,control,0,simulated,0,0,0,0.0
control_1956,control,0,simulated,0,0,0,0.0
control_1957,control,0,simulated,0,0,0,0.0
control_1958,control,0,simulated,0,0,0,0.0
control_1959,control,0,simulated,0,0,0,0.0
control_1960,control,1,simulated,0,0,0,0.0
control_1961,control,0,simulated,0,0,0,0.0
control_1962,control,0,simulated,0,0,0,0.0
control_1963,control,0,simulated,0,0,0,0.0
control_1964,control,0,simulated,0,0,0,0.0
control_1965,control,0,simulated,0,0,0,0.0
control_1966,control,0,simulated,0,0,0,0.0
control_1967,control,0,simulated,0,0,0,0.0
control_1968,control,0,simulated,0,0,0,0.0
control_1969,control,0,simulated,0,0,0,0.0
control_1970,control,0,simulated,0,0,0,0.0
control_1971,control,0,simulated,0,0,0,0.0
control_1972,control,0,simulated,0,0,0,0.0
control_1973,control,0,simulated,0,0,0,0.0
control_1974,control,1,simulated,0,0,0,0.0
control_1975,control,1,simulated,0,0,0,0.0
control_1976,control,1,simulated,0,0,0,0.0
control_1977,control,1,simulated,0,0,0,0.0
control_1978,control,0,simulated,0,0,0,0.0
control_1979,control,0,simulated,0,0,0,0.0
control_1980,control,1,simulated,0,0,0,0.0
control_1981,control,0,simulated,0,0,0,0.0
control_1982,control,0,simulated,0,0,0,0.0
control_1983,control,1,simulated,0,0,0,0.0
control_1984,control,1,simulated,0,0,0,0.0
control_1985,control,0,simulated,0,0,0,0.0
control_1986,control,1,simulated,0,0,0,0.0
control_1987,control,0,simulated,0,0,0,0.0
control_1988,control,0,simulated,0,0,0,0.0
control_1989,control,0,simulated,0,0,0,0.0
control_1990,control,0,simulated,0,0,0,0.0
control_1991,control,0,simulated,0,0,0,0.0
control_1992,control,0,simulated,0,0,0,0.0
control_1993,control,0,simulated,0,0,0,0.0
control_1994,control,0,simulated,0,0,0,0.0
control_1995,control,0,simulated,0,0,0,0.0
control_1996,control,0,simulated,0,0,0,0.0
control_1997,control,0,simulated,0,0,0,0.0
control_1998,control,0,simulated,0,0,0,0.0
control_1999,control,1,simulated,0,0,0,0.0
control_2000,control,0,simulated,0,0,0,0.0
control_2001,control,1,simulated,0,0,0,0.0
control_2002,control,0,simulated,0,0,0,0.0
control_2003,control,1,simulated,0,0,0,0.0
control_2004,control,1,simulated,0,0,0,0.0
control_2005,control,1,simulated,0,0,0,0.0
control_2006,control,0,simulated,0,0,0,0.0
control_2007,control,1,simulated,0,0,0,0.0
control_2008,control,0,simulated,0,0,0,0.0
control_2009,control,1,simulated,0,0,0,0.0
control_2010,control,0,simulated,0,0,0,0.0
control_2011,control,0,simulated,0,0,0,0.0
control_2012,control,0,simulated,0,0,0,0.0
control_2013,control,0,simulated,0,0,0,0.0
control_2014,control,0,simulated,0,0,0,0.0
control_2015,control,0,simulated,0,0,0,0.0
control_2016,control,0,simulated,0,0,0,0.0
control_2017,control,0,simulated,0,0,0,0.0
control_2018,control,0,simulated,0,0,0,0.0
control_2019,control,1,simulated,0,0,0,0.0
control_2020,control,1,simulated,0,0,0,0.0
control_2021,control,0,simulated,0,0,0,0.0
control_2022,control,0,simulated,0,0,0,0.0
control_2023,control,0,simulated,0,0,0,0.0
control_2024,control,0,simulated,0,0,0,0.0
control_2025,control,0,simulated,0,0,0,0.0
control_2026,control,0,simulated,0,0,0,0.0
control_2027,control,1,simulated,0,0,0,0.0
control_2028,control,0,simulated,0,0,0,0.0
control_2029,control,0,simulated,0,0,0,0.0
control_2030,control,0,simulated,0,0,0,0.0
control_2031,control,0,simulated,0,0,0,0.0
control_2032,control,0,simulated,0,0,0,0.0
control_2033,control,1,simulated,0,0,0,0.0
control_2034,control,0,simulated,0,0,0,0.0
control_2035,control,0,simulated,0,0,0,0.0
control_2036,control,0,simulated,0,0,0,0.0
control_2037,control,0,simulated,0,0,0,0.0
control_2038,control,0,simulated,0,0,0,0.0
control_2039,control,0,simulated,0,0,0,0.0
control_2040,control,0,simulated,0,0,0,0.0
control_2041,control,0,simulated,0,0,0,0.0
control_2042,control,0,simulated,0,0,0,0.0
control_2043,control,0,simulated,0,0,0,0.0
control_2044,control,0,simulated,0,0,0,0.0
control_2045,control,0,simulated,0,0,0,0.0
control_2046,control,0,simulated,0,0,0,0.0
control_2047,control,0,simulated,0,0,0,0.0
control_2048,control,1,simulated,0,0,0,0.0
control_2049,control,1,simulated,0,0,0,0.0
control_2050,control,0,simulated,0,0,0,0.0
control_2051,control,0,simulated,0,0,0,0.0
control_2052,control,0,simulated,0,0,0,0.0
control_2053,control,0,simulated,0,0,0,0.0
control_2054,control,0,simulated,0,0,0,0.0
control_2055,control,0,simulated,0,0,0,0.0
control_2056,control,0,simulated,0,0,0,0.0
control_2057,control,0,simulated,0,0,0,0.0
control_2058,control,0,simulated,0,0,0,0.0
control_2059,control,1,simulated,0,0,0,0.0
control_2060,control,0,simulated,0,0,0,0.0
control_2061,control,0,simulated,0,0,0,0.0
control_2062,control,1,simulated,0,0,0,0.0
control_2063,control,0,simulated,0,0,0,0.0
control_2064,control,1,simulated,0,0,0,0.0
control_2065,control,0,simulated,0,0,0,0.0
control_2066,control,1,simulated,0,0,0,0.0
control_2067,control,0,simulated,0,0,0,0.0
control_2068,control,0,simulated,0,0,0,0.0
control_2069,control,0,simulated,0,0,0,0.0
control_2070,control,0,simulated,0,0,0,0.0
control_2071,control,0,simulated,0,0,0,0.0
control_2072,control,0,simulated,0,0,0,0.0
control_2073,control,0,simulated,0,0,0,0.0
control_2074,control,1,simulated,0,0,0,0.0
control_2075,control,0,simulated,0,0,0,0.0
control_2076,control,0,simulated,0,0,0,0.0
control_2077,control,0,simulated,0,0,0,0.0
control_2078,control,1,simulated,0,0,0,0.0
control_2079,control,0,simulated,0,0,0,0.0
control_2080,control,0,simulated,0,0,0,0.0
control_2081,control,0,simulated,0,0,0,0.0
control_2082,control,0,simulated,0,0,0,0.0
control_2083,control,0,simulated,0,0,0,0.0
control_2084,control,0,simulated,0,0,0,0.0
control_2085,control,0,simulated,0,0,0,0.0
control_2086,control,0,simulated,0,0,0,0.0
control_2087,control,0,simulated,0,0,0,0.0
control_2088,control,0,simulated,0,0,0,0.0
control_2089,control,0,simulated,0,0,0,0.0
control_2090,control,1,simulated,0,0,0,0.0
control_2091,control,0,simulated,0,0,0,0.0
control_2092,control,1,simulated,0,0,0,0.0
control_2093,control,0,simulated,0,0,0,0.0
control_2094,control,0,simulated,0,0,0,0.0
control_2095,control,1,simulated,0,1,0,17.87
control_2096,control,0,simulated,0,0,0,0.0
control_2097,control,0,simulated,0,0,0,0.0
control_2098,control,0,simulated,0,0,0,0.0
control_2099,control,0,simulated,0,0,0,0.0
control_2100,control,0,simulated,0,0,0,0.0
control_2101,control,0,simulated,0,0,0,0.0
control_2102,control,0,simulated,0,0,0,0.0
control_2103,control,1,simulated,0,0,0,0.0
control_2104,control,0,simulated,0,0,0,0.0
control_2105,control,0,simulated,0,0,0,0.0
control_2106,control,0,simulated,0,0,0,0.0
control_2107,control,0,simulated,0,0,0,0.0
control_2108,control,1,simulated,0,0,0,0.0
control_2109,control,1,simulated,0,0,0,0.0
control_2110,control,0,simulated,0,0,0,0.0
control_2111,control,0,simulated,0,0,0,0.0
control_2112,control,1,simulated,0,0,0,0.0
control_2113,control,0,simulated,0,0,0,0.0
control_2114,control,1,simulated,0,0,0,0.0
control_2115,control,0,simulated,0,0,0,0.0
control_2116,control,0,simulated,0,0,0,0.0
control_2117,control,0,simulated,0,0,0,0.0
control_2118,control,0,simulated,0,0,0,0.0
control_2119,control,1,simulated,0,0,0,0.0
control_2120,control,0,simulated,0,0,0,0.0
control_2121,control,0,simulated,0,0,0,0.0
control_2122,control,1,simulated,0,0,0,0.0
control_2123,control,1,simulated,0,0,0,0.0
control_2124,control,0,simulated,0,0,0,0.0
control_2125,control,1,simulated,0,0,0,0.0
control_2126,control,0,simulated,0,0,0,0.0
control_2127,control,0,simulated,0,0,0,0.0
control_2128,control,0,simulated,0,0,0,0.0
control_2129,control,0,simulated,0,0,0,0.0
control_2130,control,1,simulated,0,0,0,0.0
control_2131,control,1,simulated,0,0,0,0.0
control_2132,control,0,simulated,0,0,0,0.0
control_2133,control,0,simulated,0,0,0,0.0
control_2134,control,1,simulated,0,0,0,0.0
control_2135,control,0,simulated,0,0,0,0.0
control_2136,control,0,simulated,0,0,0,0.0
control_2137,control,0,simulated,0,0,0,0.0
control_2138,control,0,simulated,0,0,0,0.0
control_2139,control,0,simulated,0,0,0,0.0
control_2140,control,0,simulated,0,0,0,0.0
control_2141,control,0,simulated,0,0,0,0.0
control_2142,control,0,simulated,0,0,0,0.0
control_2143,control,0,simulated,0,0,0,0.0
control_2144,control,1,simulated,0,0,0,0.0
control_2145,control,1,simulated,0,0,0,0.0
control_2146,control,0,simulated,0,0,0,0.0
control_2147,control,1,simulated,0,0,0,0.0
control_2148,control,1,simulated,0,0,0,0.0
control_2149,control,0,simulated,0,0,0,0.0
control_2150,control,0,simulated,0,0,0,0.0
control_2151,control,0,simulated,0,0,0,0.0
control_2152,control,0,simulated,0,0,0,0.0
control_2153,control,0,simulated,0,0,0,0.0
control_2154,control,0,simulated,0,0,0,0.0
control_2155,control,0,simulated,0,0,0,0.0
control_2156,control,1,simulated,0,0,0,0.0
control_2157,control,1,simulated,0,0,0,0.0
control_2158,control,0,simulated,0,0,0,0.0
control_2159,control,1,simulated,1,0,0,0.0
control_2160,control,0,simulated,0,0,0,0.0
control_2161,control,0,simulated,0,0,0,0.0
control_2162,control,0,simulated,0,0,0,0.0
control_2163,control,0,simulated,0,0,0,0.0
control_2164,control,0,simulated,0,0,0,0.0
control_2165,control,1,simulated,0,0,0,0.0
control_2166,control,0,simulated,0,0,0,0.0
control_2167,control,0,simulated,0,0,0,0.0
control_2168,control,0,simulated,0,0,0,0.0
control_2169,control,0,simulated,0,0,0,0.0
control_2170,control,0,simulated,0,0,0,0.0
control_2171,control,0,simulated,0,0,0,0.0
control_2172,control,0,simulated,0,0,0,0.0
control_2173,control,0,simulated,0,0,0,0.0
control_2174,control,0,simulated,0,0,0,0.0
control_2175,control,0,simulated,0,0,0,0.0
control_2176,control,0,simulated,0,0,0,0.0
control_2177,control,1,simulated,0,0,0,0.0
control_2178,control,0,simulated,0,0,0,0.0
control_2179,control,0,simulated,0,0,0,0.0
control_2180,control,0,simulated,0,0,0,0.0
control_2181,control,0,simulated,0,0,0,0.0
control_2182,control,0,simulated,0,0,0,0.0
control_2183,control,0,simulated,0,0,0,0.0
control_2184,control,0,simulated,0,0,0,0.0
control_2185,control,0,simulated,0,0,0,0.0
control_2186,control,0,simulated,0,0,0,0.0
control_2187,control,1,simulated,1,0,0,0.0
control_2188,control,0,simulated,0,0,0,0.0
control_2189,control,0,simulated,0,0,0,0.0
control_2190,control,0,simulated,0,0,0,0.0
control_2191,control,1,simulated,0,0,0,0.0
control_2192,control,1,simulated,0,0,0,0.0
control_2193,control,0,simulated,0,0,0,0.0
control_2194,control,0,simulated,0,0,0,0.0
control_2195,control,1,simulated,0,0,0,0.0
control_2196,control,0,simulated,0,0,0,0.0
control_2197,control,0,simulated,0,0,0,0.0
control_2198,control,1,simulated,0,0,0,0.0
control_2199,control,1,simulated,0,0,0,0.0
control_2200,control,0,simulated,0,0,0,0.0
control_2201,control,0,simulated,0,0,0,0.0
control_2202,control,0,simulated,0,0,0,0.0
control_2203,control,0,simulated,0,0,0,0.0
control_2204,control,1,simulated,0,0,0,0.0
control_2205,control,0,simulated,0,0,0,0.0
control_2206,control,0,simulated,0,0,0,0.0
control_2207,control,0,simulated,0,0,0,0.0
control_2208,control,0,simulated,0,0,0,0.0
control_2209,control,1,simulated,0,0,0,0.0
control_2210,control,1,simulated,0,0,0,0.0
control_2211,control,0,simulated,0,0,0,0.0
control_2212,control,0,simulated,0,0,0,0.0
control_2213,control,0,simulated,0,0,0,0.0
control_2214,control,0,simulated,0,0,0,0.0
control_2215,control,0,simulated,0,0,0,0.0
control_2216,control,1,simulated,0,0,0,0.0
control_2217,control,1,simulated,0,0,0,0.0
control_2218,control,0,simulated,0,0,0,0.0
control_2219,control,0,simulated,0,0,0,0.0
control_2220,control,0,simulated,0,0,0,0.0
control_2221,control,0,simulated,0,0,0,0.0
control_2222,control,1,simulated,0,0,0,0.0
control_2223,control,0,simulated,0,0,0,0.0
control_2224,control,0,simulated,0,0,0,0.0
control_2225,control,1,simulated,0,0,0,0.0
control_2226,control,1,simulated,0,0,0,0.0
control_2227,control,0,simulated,0,0,0,0.0
control_2228,control,0,simulated,0,0,0,0.0
control_2229,control,0,simulated,0,0,0,0.0
control_2230,control,0,simulated,0,0,0,0.0
control_2231,control,0,simulated,0,0,0,0.0
control_2232,control,0,simulated,0,0,0,0.0
control_2233,control,1,simulated,0,0,0,0.0
control_2234,control,0,simulated,0,0,0,0.0
control_2235,control,0,simulated,0,0,0,0.0
control_2236,control,0,simulated,0,0,0,0.0
control_2237,control,0,simulated,0,0,0,0.0
control_2238,control,0,simulated,0,0,0,0.0
control_2239,control,1,simulated,0,0,0,0.0
control_2240,control,1,simulated,0,0,0,0.0
control_2241,control,1,simulated,0,0,0,0.0
control_2242,control,0,simulated,0,0,0,0.0
control_2243,control,1,simulated,0,0,0,0.0
control_2244,control,1,simulated,0,0,0,0.0
control_2245,control,0,simulated,0,0,0,0.0
control_2246,control,0,simulated,0,0,0,0.0
control_2247,control,0,simulated,0,0,0,0.0
control_2248,control,0,simulated,0,0,0,0.0
control_2249,control,0,simulated,0,0,0,0.0
control_2250,control,0,simulated,0,0,0,0.0
control_2251,control,0,simulated,0,0,0,0.0
control_2252,control,0,simulated,0,0,0,0.0
control_2253,control,0,simulated,0,0,0,0.0
control_2254,control,0,simulated,0,0,0,0.0
control_2255,control,0,simulated,0,0,0,0.0
control_2256,control,0,simulated,0,0,0,0.0
control_2257,control,0,simulated,0,0,0,0.0
control_2258,control,0,simulated,0,0,0,0.0
control_2259,control,0,simulated,0,0,0,0.0
control_2260,control,0,simulated,0,0,0,0.0
control_2261,control,0,simulated,0,0,0,0.0
control_2262,control,0,simulated,0,0,0,0.0
control_2263,control,1,simulated,0,0,0,0.0
control_2264,control,0,simulated,0,0,0,0.0
control_2265,control,0,simulated,0,0,0,0.0
control_2266,control,1,simulated,0,0,0,0.0
control_2267,control,0,simulated,0,0,0,0.0
control_2268,control,0,simulated,0,0,0,0.0
control_2269,control,0,simulated,0,0,0,0.0
control_2270,control,0,simulated,0,0,0,0.0
control_2271,control,1,simulated,0,0,0,0.0
control_2272,control,0,simulated,0,0,0,0.0
control_2273,control,0,simulated,0,0,0,0.0
control_2274,control,1,simulated,0,0,0,0.0
control_2275,control,0,simulated,0,0,0,0.0
control_2276,control,0,simulated,0,0,0,0.0
control_2277,control,1,simulated,1,0,0,0.0
control_2278,control,1,simulated,0,0,0,0.0
control_2279,control,1,simulated,0,0,0,0.0
control_2280,control,0,simulated,0,0,0,0.0
control_2281,control,0,simulated,0,0,0,0.0
control_2282,control,1,simulated,0,0,0,0.0
control_2283,control,0,simulated,0,0,0,0.0
control_2284,control,0,simulated,0,0,0,0.0
control_2285,control,1,simulated,0,0,0,0.0
control_2286,control,0,simulated,0,0,0,0.0
control_2287,control,0,simulated,0,0,0,0.0
control_2288,control,0,simulated,0,0,0,0.0
control_2289,control,1,simulated,0,0,0,0.0
control_2290,control,0,simulated,0,0,0,0.0
control_2291,control,0,simulated,0,0,0,0.0
control_2292,control,0,simulated,0,0,0,0.0
control_2293,control,0,simulated,0,0,0,0.0
control_2294,control,0,simulated,0,0,0,0.0
control_2295,control,0,simulated,0,0,0,0.0
control_2296,control,1,simulated,0,0,0,0.0
control_2297,control,0,simulated,0,0,0,0.0
control_2298,control,1,simulated,0,0,0,0.0
control_2299,control,0,simulated,0,0,0,0.0
control_2300,control,0,simulated,0,0,0,0.0
control_2301,control,1,simulated,0,0,0,0.0
control_2302,control,0,simulated,0,0,1,0.0
control_2303,control,1,simulated,0,0,0,0.0
control_2304,control,0,simulated,0,0,0,0.0
control_2305,control,0,simulated,0,0,0,0.0
control_2306,control,0,simulated,0,0,0,0.0
control_2307,control,0,simulated,0,0,0,0.0
control_2308,control,0,simulated,0,0,0,0.0
control_2309,control,0,simulated,0,0,0,0.0
control_2310,control,0,simulated,0,0,0,0.0
control_2311,control,0,simulated,0,0,0,0.0
control_2312,control,0,simulated,0,0,0,0.0
control_2313,control,0,simulated,0,0,0,0.0
control_2314,control,1,simulated,0,0,0,0.0
control_2315,control,1,simulated,0,0,0,0.0
control_2316,control,0,simulated,0,0,0,0.0
control_2317,control,0,simulated,0,0,0,0.0
control_2318,control,0,simulated,0,0,0,0.0
control_2319,control,0,simulated,0,0,0,0.0
control_2320,control,0,simulated,0,0,0,0.0
control_2321,control,0,simulated,0,0,0,0.0
control_2322,control,0,simulated,0,0,0,0.0
control_2323,control,0,simulated,0,0,0,0.0
control_2324,control,0,simulated,0,0,0,0.0
control_2325,control,0,simulated,0,0,1,0.0
control_2326,control,0,simulated,0,0,0,0.0
control_2327,control,1,simulated,1,0,0,0.0
control_2328,control,0,simulated,0,0,0,0.0
control_2329,control,0,simulated,0,0,0,0.0
control_2330,control,1,simulated,0,0,0,0.0
control_2331,control,0,simulated,0,0,0,0.0
control_2332,control,1,simulated,1,0,0,0.0
control_2333,control,1,simulated,0,0,0,0.0
control_2334,control,1,simulated,0,0,0,0.0
control_2335,control,0,simulated,0,0,0,0.0
control_2336,control,0,simulated,0,0,0,0.0
control_2337,control,0,simulated,0,0,0,0.0
control_2338,control,0,simulated,0,0,0,0.0
control_2339,control,0,simulated,0,0,0,0.0
control_2340,control,0,simulated,0,0,0,0.0
control_2341,control,0,simulated,0,0,0,0.0
control_2342,control,0,simulated,0,0,0,0.0
control_2343,control,0,simulated,0,0,0,0.0
control_2344,control,1,simulated,0,0,0,0.0
control_2345,control,0,simulated,0,0,0,0.0
control_2346,control,0,simulated,0,0,0,0.0
control_2347,control,0,simulated,0,0,0,0.0
control_2348,control,0,simulated,0,0,0,0.0
control_2349,control,0,simulated,0,0,0,0.0
control_2350,control,0,simulated,0,0,0,0.0
control_2351,control,0,simulated,0,0,0,0.0
control_2352,control,0,simulated,0,0,0,0.0
control_2353,control,1,simulated,0,0,0,0.0
control_2354,control,0,simulated,0,0,0,0.0
control_2355,control,1,simulated,0,0,0,0.0
control_2356,control,1,simulated,0,0,0,0.0
control_2357,control,0,simulated,0,0,0,0.0
control_2358,control,0,simulated,0,0,0,0.0
control_2359,control,0,simulated,0,0,0,0.0
control_2360,control,0,simulated,0,0,0,0.0
control_2361,control,0,simulated,0,0,0,0.0
control_2362,control,0,simulated,0,0,0,0.0
control_2363,control,1,simulated,0,0,0,0.0
control_2364,control,0,simulated,0,0,0,0.0
control_2365,control,1,simulated,0,0,0,0.0
control_2366,control,0,simulated,0,0,0,0.0
control_2367,control,0,simulated,0,0,0,0.0
control_2368,control,0,simulated,0,0,0,0.0
control_2369,control,0,simulated,0,0,0,0.0
control_2370,control,0,simulated,0,0,0,0.0
control_2371,control,0,simulated,0,0,0,0.0
control_2372,control,0,simulated,0,0,0,0.0
control_2373,control,1,simulated,0,0,0,0.0
control_2374,control,1,simulated,0,0,0,0.0
control_2375,control,0,simulated,0,0,0,0.0
control_2376,control,0,simulated,0,0,0,0.0
control_2377,control,0,simulated,0,0,0,0.0
control_2378,control,0,simulated,0,0,0,0.0
control_2379,control,0,simulated,0,0,0,0.0
control_2380,control,1,simulated,0,0,0,0.0
control_2381,control,1,simulated,0,0,0,0.0
control_2382,control,0,simulated,0,0,0,0.0
control_2383,control,1,simulated,0,0,0,0.0
control_2384,control,0,simulated,0,0,0,0.0
control_2385,control,1,simulated,0,0,0,0.0
control_2386,control,0,simulated,0,0,0,0.0
control_2387,control,0,simulated,0,0,0,0.0
control_2388,control,0,simulated,0,0,0,0.0
control_2389,control,0,simulated,0,0,0,0.0
control_2390,control,1,simulated,0,0,0,0.0
control_2391,control,0,simulated,0,0,0,0.0
control_2392,control,1,simulated,0,0,0,0.0
control_2393,control,0,simulated,0,0,0,0.0
control_2394,control,0,simulated,0,0,0,0.0
control_2395,control,0,simulated,0,0,0,0.0
control_2396,control,0,simulated,0,0,0,0.0
control_2397,control,0,simulated,0,0,0,0.0
control_2398,control,1,simulated,0,0,0,0.0
control_2399,control,0,simulated,0,0,0,0.0
control_2400,control,0,simulated,0,0,0,0.0
control_2401,control,1,simulated,0,0,0,0.0
control_2402,control,0,simulated,0,0,0,0.0
control_2403,control,1,simulated,0,0,0,0.0
control_2404,control,0,simulated,0,0,0,0.0
control_2405,control,0,simulated,0,0,0,0.0
control_2406,control,0,simulated,0,0,0,0.0
control_2407,control,1,simulated,0,0,0,0.0
control_2408,control,1,simulated,0,0,0,0.0
control_2409,control,0,simulated,0,0,0,0.0
control_2410,control,0,simulated,0,0,0,0.0
control_2411,control,0,simulated,0,0,0,0.0
control_2412,control,0,simulated,0,0,0,0.0
control_2413,control,0,simulated,0,0,0,0.0
control_2414,control,1,simulated,1,0,0,0.0
control_2415,control,0,simulated,0,0,0,0.0
control_2416,control,0,simulated,0,0,0,0.0
control_2417,control,0,simulated,0,0,0,0.0
control_2418,control,0,simulated,0,0,0,0.0
control_2419,control,0,simulated,0,0,0,0.0
control_2420,control,0,simulated,0,0,0,0.0
control_2421,control,0,simulated,0,0,0,0.0
control_2422,control,0,simulated,0,0,0,0.0
control_2423,control,1,simulated,0,0,0,0.0
control_2424,control,0,simulated,0,0,0,0.0
control_2425,control,0,simulated,0,0,0,0.0
control_2426,control,0,simulated,0,0,0,0.0
control_2427,control,0,simulated,0,0,0,0.0
control_2428,control,0,simulated,0,0,0,0.0
control_2429,control,1,simulated,0,0,0,0.0
control_2430,control,0,simulated,0,0,0,0.0
control_2431,control,0,simulated,0,0,0,0.0
control_2432,control,0,simulated,0,0,0,0.0
control_2433,control,0,simulated,0,0,0,0.0
control_2434,control,0,simulated,0,0,0,0.0
control_2435,control,0,simulated,0,0,0,0.0
control_2436,control,1,simulated,0,0,0,0.0
control_2437,control,0,simulated,0,0,0,0.0
control_2438,control,0,simulated,0,0,0,0.0
control_2439,control,0,simulated,0,0,0,0.0
control_2440,control,0,simulated,0,0,0,0.0
control_2441,control,0,simulated,0,0,0,0.0
control_2442,control,1,simulated,0,0,0,0.0
control_2443,control,0,simulated,0,0,0,0.0
control_2444,control,0,simulated,0,0,0,0.0
control_2445,control,0,simulated,0,0,0,0.0
control_2446,control,0,simulated,0,0,0,0.0
control_2447,control,0,simulated,0,0,0,0.0
control_2448,control,0,simulated,0,0,0,0.0
control_2449,control,0,simulated,0,0,0,0.0
control_2450,control,0,simulated,0,0,0,0.0
control_2451,control,0,simulated,0,0,0,0.0
control_2452,control,0,simulated,0,0,0,0.0
control_2453,control,0,simulated,0,0,0,0.0
control_2454,control,0,simulated,0,0,0,0.0
control_2455,control,1,simulated,0,0,0,0.0
control_2456,control,0,simulated,0,0,0,0.0
control_2457,control,0,simulated,0,0,0,0.0
control_2458,control,0,simulated,0,0,0,0.0
control_2459,control,0,simulated,0,0,0,0.0
control_2460,control,0,simulated,0,0,0,0.0
control_2461,control,0,simulated,0,0,0,0.0
control_2462,control,0,simulated,0,0,0,0.0
control_2463,control,0,simulated,0,0,0,0.0
control_2464,control,0,simulated,0,0,0,0.0
control_2465,control,0,simulated,0,0,0,0.0
control_2466,control,0,simulated,0,0,0,0.0
control_2467,control,0,simulated,0,0,0,0.0
control_2468,control,0,simulated,0,0,0,0.0
control_2469,control,0,simulated,0,0,0,0.0
control_2470,control,0,simulated,0,0,0,0.0
control_2471,control,0,simulated,0,0,0,0.0
control_2472,control,0,simulated,0,0,0,0.0
control_2473,control,1,simulated,0,0,0,0.0
control_2474,control,1,simulated,0,0,0,0.0
control_2475,control,0,simulated,0,0,0,0.0
control_2476,control,0,simulated,0,0,0,0.0
control_2477,control,0,simulated,0,0,0,0.0
control_2478,control,1,simulated,0,0,0,0.0
control_2479,control,0,simulated,0,0,0,0.0
control_2480,control,0,simulated,0,0,0,0.0
control_2481,control,0,simulated,0,0,0,0.0
control_2482,control,0,simulated,0,0,0,0.0
control_2483,control,0,simulated,0,0,0,0.0
control_2484,control,0,simulated,0,0,0,0.0
control_2485,control,0,simulated,0,0,0,0.0
control_2486,control,0,simulated,0,0,1,0.0
control_2487,control,0,simulated,0,0,0,0.0
control_2488,control,0,simulated,0,0,0,0.0
control_2489,control,0,simulated,0,0,0,0.0
control_2490,control,1,simulated,0,0,0,0.0
control_2491,control,0,simulated,0,0,0,0.0
control_2492,control,0,simulated,0,0,0,0.0
control_2493,control,1,simulated,0,0,0,0.0
control_2494,control,0,simulated,0,0,0,0.0
control_2495,control,1,simulated,0,0,0,0.0
control_2496,control,0,simulated,0,0,0,0.0
control_2497,control,1,simulated,0,0,0,0.0
control_2498,control,0,simulated,0,0,0,0.0
control_2499,control,0,simulated,0,0,0,0.0
control_2500,control,0,simulated,0,0,0,0.0
control_2501,control,0,simulated,0,0,0,0.0
control_2502,control,0,simulated,0,0,0,0.0
control_2503,control,0,simulated,0,0,0,0.0
control_2504,control,0,simulated,0,0,0,0.0
control_2505,control,0,simulated,0,0,0,0.0
control_2506,control,0,simulated,0,0,0,0.0
control_2507,control,0,simulated,0,0,0,0.0
control_2508,control,0,simulated,0,0,0,0.0
control_2509,control,0,simulated,0,0,0,0.0
control_2510,control,0,simulated,0,0,0,0.0
control_2511,control,1,simulated,0,0,0,0.0
control_2512,control,0,simulated,0,0,0,0.0
control_2513,control,0,simulated,0,0,0,0.0
control_2514,control,0,simulated,0,0,0,0.0
control_2515,control,0,simulated,0,0,0,0.0
control_2516,control,0,simulated,0,0,0,0.0
control_2517,control,1,simulated,1,0,0,0.0
control_2518,control,0,simulated,0,0,0,0.0
control_2519,control,0,simulated,0,0,0,0.0
control_2520,control,0,simulated,0,0,0,0.0
control_2521,control,0,simulated,0,0,0,0.0
control_2522,control,0,simulated,0,0,0,0.0
control_2523,control,0,simulated,0,0,0,0.0
control_2524,control,1,simulated,0,0,0,0.0
control_2525,control,0,simulated,0,0,0,0.0
control_2526,control,0,simulated,0,0,0,0.0
control_2527,control,0,simulated,0,0,0,0.0
control_2528,control,0,simulated,0,0,0,0.0
control_2529,control,0,simulated,0,0,0,0.0
control_2530,control,0,simulated,0,0,0,0.0
control_2531,control,0,simulated,0,0,0,0.0
control_2532,control,0,simulated,0,0,0,0.0
control_2533,control,0,simulated,0,0,0,0.0
control_2534,control,0,simulated,0,0,0,0.0
control_2535,control,0,simulated,0,0,0,0.0
control_2536,control,0,simulated,0,0,0,0.0
control_2537,control,1,simulated,0,0,0,0.0
control_2538,control,0,simulated,0,0,0,0.0
control_2539,control,1,simulated,0,0,0,0.0
control_2540,control,1,simulated,0,0,0,0.0
control_2541,control,0,simulated,0,0,0,0.0
control_2542,control,0,simulated,0,0,0,0.0
control_2543,control,1,simulated,0,0,0,0.0
control_2544,control,0,simulated,0,0,0,0.0
control_2545,control,0,simulated,0,0,0,0.0
control_2546,control,0,simulated,0,0,0,0.0
control_2547,control,0,simulated,0,0,0,0.0
control_2548,control,0,simulated,0,0,0,0.0
control_2549,control,0,simulated,0,0,0,0.0
control_2550,control,0,simulated,0,0,0,0.0
control_2551,control,0,simulated,0,0,0,0.0
control_2552,control,0,simulated,0,0,0,0.0
control_2553,control,0,simulated,0,0,0,0.0
control_2554,control,0,simulated,0,0,0,0.0
control_2555,control,0,simulated,0,0,0,0.0
control_2556,control,0,simulated,0,0,0,0.0
control_2557,control,1,simulated,0,0,0,0.0
control_2558,control,0,simulated,0,0,0,0.0
control_2559,control,0,simulated,0,0,0,0.0
control_2560,control,1,simulated,0,0,0,0.0
control_2561,control,0,simulated,0,0,0,0.0
control_2562,control,0,simulated,0,0,0,0.0
control_2563,control,0,simulated,0,0,0,0.0
control_2564,control,0,simulated,0,0,0,0.0
control_2565,control,0,simulated,0,0,0,0.0
control_2566,control,0,simulated,0,0,0,0.0
control_2567,control,0,simulated,0,0,0,0.0
control_2568,control,0,simulated,0,0,0,0.0
control_2569,control,1,simulated,0,0,0,0.0
control_2570,control,1,simulated,0,0,1,0.0
control_2571,control,0,simulated,0,0,0,0.0
control_2572,control,0,simulated,0,0,0,0.0
control_2573,control,0,simulated,0,0,0,0.0
control_2574,control,0,simulated,0,0,0,0.0
control_2575,control,0,simulated,0,0,0,0.0
control_2576,control,0,simulated,0,0,0,0.0
control_2577,control,0,simulated,0,0,0,0.0
control_2578,control,0,simulated,0,0,0,0.0
control_2579,control,0,simulated,0,0,0,0.0
control_2580,control,0,simulated,0,0,0,0.0
control_2581,control,0,simulated,0,0,0,0.0
control_2582,control,0,simulated,0,0,0,0.0
control_2583,control,0,simulated,0,0,0,0.0
control_2584,control,0,simulated,0,0,0,0.0
control_2585,control,0,simulated,0,0,0,0.0
control_2586,control,0,simulated,0,0,0,0.0
control_2587,control,1,simulated,0,0,0,0.0
control_2588,control,0,simulated,0,0,0,0.0
control_2589,control,0,simulated,0,0,0,0.0
control_2590,control,0,simulated,0,0,0,0.0
control_2591,control,0,simulated,0,0,0,0.0
control_2592,control,1,simulated,0,0,0,0.0
control_2593,control,0,simulated,0,0,0,0.0
control_2594,control,0,simulated,0,0,0,0.0
control_2595,control,1,simulated,0,0,0,0.0
control_2596,control,0,simulated,0,0,0,0.0
control_2597,control,0,simulated,0,0,0,0.0
control_2598,control,0,simulated,0,0,0,0.0
control_2599,control,0,simulated,0,0,0,0.0
control_2600,control,0,simulated,0,0,0,0.0
control_2601,control,0,simulated,0,0,0,0.0
control_2602,control,0,simulated,0,0,0,0.0
control_2603,control,1,simulated,0,0,0,0.0
control_2604,control,0,simulated,0,0,0,0.0
control_2605,control,0,simulated,0,0,0,0.0
control_2606,control,0,simulated,0,0,0,0.0
control_2607,control,0,simulated,0,0,0,0.0
control_2608,control,0,simulated,0,0,0,0.0
control_2609,control,0,simulated,0,0,0,0.0
control_2610,control,0,simulated,0,0,0,0.0
control_2611,control,0,simulated,0,0,0,0.0
control_2612,control,1,simulated,0,0,0,0.0
control_2613,control,0,simulated,0,0,0,0.0
control_2614,control,0,simulated,0,0,0,0.0
control_2615,control,0,simulated,0,0,0,0.0
control_2616,control,0,simulated,0,0,0,0.0
control_2617,control,0,simulated,0,0,0,0.0
control_2618,control,0,simulated,0,0,0,0.0
control_2619,control,0,simulated,0,0,0,0.0
control_2620,control,0,simulated,0,0,0,0.0
control_2621,control,0,simulated,0,0,0,0.0
control_2622,control,0,simulated,0,0,0,0.0
control_2623,control,0,simulated,0,0,0,0.0
control_2624,control,0,simulated,0,0,0,0.0
control_2625,control,0,simulated,0,0,0,0.0
control_2626,control,0,simulated,0,0,0,0.0
control_2627,control,0,simulated,0,0,0,0.0
control_2628,control,0,simulated,0,0,0,0.0
control_2629,control,0,simulated,0,0,0,0.0
control_2630,control,0,simulated,0,0,0,0.0
control_2631,control,1,simulated,1,0,0,0.0
control_2632,control,0,simulated,0,0,0,0.0
control_2633,control,0,simulated,0,0,0,0.0
control_2634,control,0,simulated,0,0,0,0.0
control_2635,control,0,simulated,0,0,0,0.0
control_2636,control,1,simulated,0,0,0,0.0
control_2637,control,0,simulated,0,0,0,0.0
control_2638,control,0,simulated,0,0,0,0.0
control_2639,control,1,simulated,0,0,0,0.0
control_2640,control,0,simulated,0,0,0,0.0
control_2641,control,0,simulated,0,0,0,0.0
control_2642,control,0,simulated,0,0,0,0.0
control_2643,control,0,simulated,0,0,0,0.0
control_2644,control,0,simulated,0,0,0,0.0
control_2645,control,0,simulated,0,0,0,0.0
control_2646,control,0,simulated,0,0,0,0.0
control_2647,control,0,simulated,0,0,0,0.0
control_2648,control,0,simulated,0,0,0,0.0
control_2649,control,0,simulated,0,0,0,0.0
control_2650,control,0,simulated,0,0,0,0.0
control_2651,control,0,simulated,0,0,0,0.0
control_2652,control,0,simulated,0,0,0,0.0
control_2653,control,0,simulated,0,0,0,0.0
control_2654,control,0,simulated,0,0,0,0.0
control_2655,control,0,simulated,0,0,0,0.0
control_2656,control,0,simulated,0,0,0,0.0
control_2657,control,0,simulated,0,0,0,0.0
control_2658,control,1,simulated,0,0,0,0.0
control_2659,control,0,simulated,0,0,0,0.0
control_2660,control,0,simulated,0,0,0,0.0
control_2661,control,0,simulated,0,0,0,0.0
control_2662,control,0,simulated,0,0,0,0.0
control_2663,control,0,simulated,0,0,0,0.0
control_2664,control,0,simulated,0,0,0,0.0
control_2665,control,0,simulated,0,0,0,0.0
control_2666,control,0,simulated,0,0,0,0.0
control_2667,control,1,simulated,0,0,0,0.0
control_2668,control,0,simulated,0,0,0,0.0
control_2669,control,0,simulated,0,0,0,0.0
control_2670,control,0,simulated,0,0,0,0.0
control_2671,control,0,simulated,0,0,0,0.0
control_2672,control,0,simulated,0,0,0,0.0
control_2673,control,0,simulated,0,0,0,0.0
control_2674,control,0,simulated,0,0,0,0.0
control_2675,control,1,simulated,0,0,0,0.0
control_2676,control,0,simulated,0,0,0,0.0
control_2677,control,0,simulated,0,0,0,0.0
control_2678,control,0,simulated,0,0,0,0.0
control_2679,control,1,simulated,0,0,0,0.0
control_2680,control,0,simulated,0,0,0,0.0
control_2681,control,0,simulated,0,0,0,0.0
control_2682,control,0,simulated,0,0,0,0.0
control_2683,control,1,simulated,0,0,0,0.0
control_2684,control,0,simulated,0,0,0,0.0
control_2685,control,0,simulated,0,0,0,0.0
control_2686,control,1,simulated,0,0,0,0.0
control_2687,control,1,simulated,0,0,0,0.0
control_2688,control,0,simulated,0,0,0,0.0
control_2689,control,0,simulated,0,0,0,0.0
control_2690,control,0,simulated,0,0,0,0.0
control_2691,control,0,simulated,0,0,0,0.0
control_2692,control,0,simulated,0,0,0,0.0
control_2693,control,1,simulated,0,0,0,0.0
control_2694,control,0,simulated,0,0,0,0.0
control_2695,control,0,simulated,0,0,0,0.0
control_2696,control,0,simulated,0,0,0,0.0
control_2697,control,0,simulated,0,0,0,0.0
control_2698,control,0,simulated,0,0,0,0.0
control_2699,control,0,simulated,0,0,0,0.0
control_2700,control,1,simulated,1,0,0,0.0
control_2701,control,0,simulated,0,0,0,0.0
control_2702,control,0,simulated,0,0,0,0.0
control_2703,control,0,simulated,0,0,0,0.0
control_2704,control,0,simulated,0,0,0,0.0
control_2705,control,0,simulated,0,0,0,0.0
control_2706,control,1,simulated,0,0,0,0.0
control_2707,control,0,simulated,0,0,0,0.0
control_2708,control,0,simulated,0,0,0,0.0
control_2709,control,0,simulated,0,0,0,0.0
control_2710,control,0,simulated,0,0,0,0.0
control_2711,control,0,simulated,0,0,0,0.0
control_2712,control,1,simulated,0,0,0,0.0
control_2713,control,0,simulated,0,0,0,0.0
control_2714,control,1,simulated,0,0,0,0.0
control_2715,control,1,simulated,0,0,0,0.0
control_2716,control,1,simulated,0,0,0,0.0
control_2717,control,0,simulated,0,0,0,0.0
control_2718,control,0,simulated,0,0,0,0.0
control_2719,control,0,simulated,0,0,0,0.0
control_2720,control,0,simulated,0,0,0,0.0
control_2721,control,0,simulated,0,0,0,0.0
control_2722,control,1,simulated,0,0,0,0.0
control_2723,control,0,simulated,0,0,0,0.0
control_2724,control,0,simulated,0,0,0,0.0
control_2725,control,1,simulated,0,0,0,0.0
control_2726,control,0,simulated,0,0,0,0.0
control_2727,control,0,simulated,0,0,0,0.0
control_2728,control,0,simulated,0,0,0,0.0
control_2729,control,0,simulated,0,0,0,0.0
control_2730,control,0,simulated,0,0,0,0.0
control_2731,control,0,simulated,0,0,0,0.0
control_2732,control,1,simulated,0,0,0,0.0
control_2733,control,0,simulated,0,0,0,0.0
control_2734,control,1,simulated,0,0,0,0.0
control_2735,control,0,simulated,0,0,0,0.0
control_2736,control,0,simulated,0,0,0,0.0
control_2737,control,0,simulated,0,0,0,0.0
control_2738,control,0,simulated,0,0,0,0.0
control_2739,control,0,simulated,0,0,0,0.0
control_2740,control,0,simulated,0,0,0,0.0
control_2741,control,1,simulated,0,0,0,0.0
control_2742,control,0,simulated,0,0,0,0.0
control_2743,control,0,simulated,0,0,0,0.0
control_2744,control,0,simulated,0,0,0,0.0
control_2745,control,0,simulated,0,0,0,0.0
control_2746,control,0,simulated,0,0,0,0.0
control_2747,control,0,simulated,0,0,0,0.0
control_2748,control,0,simulated,0,0,0,0.0
control_2749,control,0,simulated,0,0,0,0.0
control_2750,control,1,simulated,1,0,0,0.0
control_2751,control,1,simulated,0,0,0,0.0
control_2752,control,0,simulated,0,0,0,0.0
control_2753,control,0,simulated,0,0,0,0.0
control_2754,control,0,simulated,0,0,0,0.0
control_2755,control,0,simulated,0,0,0,0.0
control_2756,control,0,simulated,0,0,0,0.0
control_2757,control,0,simulated,0,0,0,0.0
control_2758,control,0,simulated,0,0,0,0.0
control_2759,control,0,simulated,0,0,0,0.0
control_2760,control,1,simulated,0,0,0,0.0
control_2761,control,1,simulated,0,0,0,0.0
control_2762,control,0,simulated,0,0,0,0.0
control_2763,control,0,simulated,0,0,0,0.0
control_2764,control,0,simulated,0,0,0,0.0
control_2765,control,1,simulated,0,0,0,0.0
control_2766,control,0,simulated,0,0,0,0.0
control_2767,control,0,simulated,0,0,0,0.0
control_2768,control,0,simulated,0,0,0,0.0
control_2769,control,0,simulated,0,0,0,0.0
control_2770,control,1,simulated,0,0,0,0.0
control_2771,control,1,simulated,0,0,0,0.0
control_2772,control,0,simulated,0,0,0,0.0
control_2773,control,0,simulated,0,0,0,0.0
control_2774,control,0,simulated,0,0,0,0.0
control_2775,control,0,simulated,0,0,0,0.0
control_2776,control,1,simulated,0,0,0,0.0
control_2777,control,0,simulated,0,0,0,0.0
control_2778,control,0,simulated,0,0,0,0.0
control_2779,control,0,simulated,0,0,0,0.0
control_2780,control,1,simulated,1,0,0,0.0
control_2781,control,1,simulated,0,0,0,0.0
control_2782,control,0,simulated,0,0,0,0.0
control_2783,control,1,simulated,0,0,0,0.0
control_2784,control,0,simulated,0,0,0,0.0
control_2785,control,0,simulated,0,0,0,0.0
control_2786,control,1,simulated,0,0,0,0.0
control_2787,control,0,simulated,0,0,0,0.0
control_2788,control,0,simulated,0,0,0,0.0
control_2789,control,0,simulated,0,0,0,0.0
control_2790,control,0,simulated,0,0,0,0.0
control_2791,control,0,simulated,0,0,0,0.0
control_2792,control,0,simulated,0,0,0,0.0
control_2793,control,0,simulated,0,0,0,0.0
control_2794,control,0,simulated,0,0,0,0.0
control_2795,control,0,simulated,0,0,0,0.0
control_2796,control,1,simulated,0,0,0,0.0
control_2797,control,1,simulated,0,0,0,0.0
control_2798,control,0,simulated,0,0,0,0.0
control_2799,control,1,simulated,0,0,0,0.0
control_2800,control,0,simulated,0,0,0,0.0
control_2801,control,0,simulated,0,0,0,0.0
control_2802,control,0,simulated,0,0,0,0.0
control_2803,control,0,simulated,0,0,0,0.0
control_2804,control,0,simulated,0,0,0,0.0
control_2805,control,0,simulated,0,0,0,0.0
control_2806,control,0,simulated,0,0,0,0.0
control_2807,control,1,simulated,0,0,0,0.0
control_2808,control,1,simulated,0,0,0,0.0
control_2809,control,1,simulated,0,0,0,0.0
control_2810,control,0,simulated,0,0,0,0.0
control_2811,control,1,simulated,0,0,0,0.0
control_2812,control,0,simulated,0,0,0,0.0
control_2813,control,0,simulated,0,0,0,0.0
control_2814,control,0,simulated,0,0,1,0.0
control_2815,control,0,simulated,0,0,0,0.0
control_2816,control,1,simulated,1,0,0,0.0
control_2817,control,0,simulated,0,0,0,0.0
control_2818,control,0,simulated,0,0,0,0.0
control_2819,control,0,simulated,0,0,1,0.0
control_2820,control,1,simulated,0,0,0,0.0
control_2821,control,0,simulated,0,0,0,0.0
control_2822,control,1,simulated,0,0,0,0.0
control_2823,control,0,simulated,0,0,0,0.0
control_2824,control,0,simulated,0,0,0,0.0
control_2825,control,0,simulated,0,0,0,0.0
control_2826,control,0,simulated,0,0,0,0.0
control_2827,control,0,simulated,0,0,0,0.0
control_2828,control,0,simulated,0,0,0,0.0
control_2829,control,0,simulated,0,0,0,0.0
control_2830,control,0,simulated,0,0,0,0.0
control_2831,control,0,simulated,0,0,0,0.0
control_2832,control,1,simulated,0,0,0,0.0
control_2833,control,0,simulated,0,0,0,0.0
control_2834,control,0,simulated,0,0,0,0.0
control_2835,control,0,simulated,0,0,0,0.0
control_2836,control,0,simulated,0,0,0,0.0
control_2837,control,0,simulated,0,0,0,0.0
control_2838,control,0,simulated,0,0,0,0.0
control_2839,control,1,simulated,0,0,0,0.0
control_2840,control,0,simulated,0,0,0,0.0
control_2841,control,0,simulated,0,0,0,0.0
control_2842,control,0,simulated,0,0,0,0.0
control_2843,control,0,simulated,0,0,0,0.0
control_2844,control,0,simulated,0,0,0,0.0
control_2845,control,0,simulated,0,0,0,0.0
control_2846,control,1,simulated,0,0,0,0.0
control_2847,control,1,simulated,0,0,0,0.0
control_2848,control,0,simulated,0,0,0,0.0
control_2849,control,0,simulated,0,0,0,0.0
control_2850,control,0,simulated,0,0,0,0.0
control_2851,control,0,simulated,0,0,0,0.0
control_2852,control,0,simulated,0,0,0,0.0
control_2853,control,0,simulated,0,0,0,0.0
control_2854,control,0,simulated,0,0,0,0.0
control_2855,control,0,simulated,0,0,0,0.0
control_2856,control,0,simulated,0,0,0,0.0
control_2857,control,1,simulated,0,0,0,0.0
control_2858,control,0,simulated,0,0,0,0.0
control_2859,control,1,simulated,0,0,0,0.0
control_2860,control,0,simulated,0,0,0,0.0
control_2861,control,0,simulated,0,0,0,0.0
control_2862,control,0,simulated,0,0,0,0.0
control_2863,control,0,simulated,0,0,1,0.0
control_2864,control,1,simulated,0,0,0,0.0
control_2865,control,0,simulated,0,0,0,0.0
control_2866,control,0,simulated,0,0,0,0.0
control_2867,control,0,simulated,0,0,0,0.0
control_2868,control,0,simulated,0,0,0,0.0
control_2869,control,0,simulated,0,0,0,0.0
control_2870,control,0,simulated,0,0,0,0.0
control_2871,control,0,simulated,0,0,0,0.0
control_2872,control,0,simulated,0,0,0,0.0
control_2873,control,0,simulated,0,0,0,0.0
control_2874,control,0,simulated,0,0,0,0.0
control_2875,control,0,simulated,0,0,0,0.0
control_2876,control,0,simulated,0,0,0,0.0
control_2877,control,1,simulated,0,0,0,0.0
control_2878,control,0,simulated,0,0,0,0.0
control_2879,control,0,simulated,0,0,0,0.0
control_2880,control,0,simulated,0,0,0,0.0
control_2881,control,0,simulated,0,0,0,0.0
control_2882,control,0,simulated,0,0,0,0.0
control_2883,control,0,simulated,0,0,0,0.0
control_2884,control,0,simulated,0,0,0,0.0
control_2885,control,0,simulated,0,0,0,0.0
control_2886,control,1,simulated,0,0,0,0.0
control_2887,control,1,simulated,0,0,0,0.0
control_2888,control,0,simulated,0,0,0,0.0
control_2889,control,0,simulated,0,0,0,0.0
control_2890,control,0,simulated,0,0,0,0.0
control_2891,control,0,simulated,0,0,0,0.0
control_2892,control,1,simulated,0,0,0,0.0
control_2893,control,1,simulated,0,0,0,0.0
control_2894,control,0,simulated,0,0,0,0.0
control_2895,control,0,simulated,0,0,0,0.0
control_2896,control,0,simulated,0,0,0,0.0
control_2897,control,0,simulated,0,0,0,0.0
control_2898,control,0,simulated,0,0,0,0.0
control_2899,control,0,simulated,0,0,0,0.0
control_2900,control,1,simulated,0,0,0,0.0
control_2901,control,0,simulated,0,0,0,0.0
control_2902,control,1,simulated,0,0,0,0.0
control_2903,control,0,simulated,0,0,0,0.0
control_2904,control,1,simulated,0,0,0,0.0
control_2905,control,0,simulated,0,0,0,0.0
control_2906,control,0,simulated,0,0,0,0.0
control_2907,control,0,simulated,0,0,0,0.0
control_2908,control,0,simulated,0,0,0,0.0
control_2909,control,0,simulated,0,0,0,0.0
control_2910,control,0,simulated,0,0,0,0.0
control_2911,control,0,simulated,0,0,0,0.0
control_2912,control,0,simulated,0,0,0,0.0
control_2913,control,0,simulated,0,0,0,0.0
control_2914,control,0,simulated,0,0,0,0.0
control_2915,control,0,simulated,0,0,0,0.0
control_2916,control,1,simulated,0,0,0,0.0
control_2917,control,1,simulated,0,0,0,0.0
control_2918,control,0,simulated,0,0,0,0.0
control_2919,control,0,simulated,0,0,0,0.0
control_2920,control,0,simulated,0,0,0,0.0
control_2921,control,0,simulated,0,0,0,0.0
control_2922,control,0,simulated,0,0,0,0.0
control_2923,control,0,simulated,0,0,0,0.0
control_2924,control,0,simulated,0,0,0,0.0
control_2925,control,1,simulated,0,0,0,0.0
control_2926,control,1,simulated,0,0,0,0.0
control_2927,control,0,simulated,0,0,0,0.0
control_2928,control,0,simulated,0,0,0,0.0
control_2929,control,0,simulated,0,0,0,0.0
control_2930,control,1,simulated,0,0,0,0.0
control_2931,control,0,simulated,0,0,0,0.0
control_2932,control,1,simulated,0,0,0,0.0
control_2933,control,0,simulated,0,0,0,0.0
control_2934,control,0,simulated,0,0,0,0.0
control_2935,control,1,simulated,0,0,0,0.0
control_2936,control,1,simulated,0,0,0,0.0
control_2937,control,0,simulated,0,0,0,0.0
control_2938,control,0,simulated,0,0,0,0.0
control_2939,control,0,simulated,0,0,0,0.0
control_2940,control,0,simulated,0,0,0,0.0
control_2941,control,1,simulated,0,0,0,0.0
control_2942,control,0,simulated,0,0,0,0.0
control_2943,control,0,simulated,0,0,0,0.0
control_2944,control,0,simulated,0,0,0,0.0
control_2945,control,0,simulated,0,0,0,0.0
control_2946,control,0,simulated,0,0,0,0.0
control_2947,control,0,simulated,0,0,0,0.0
control_2948,control,0,simulated,0,0,0,0.0
control_2949,control,1,simulated,0,0,0,0.0
control_2950,control,1,simulated,0,1,0,20.99
control_2951,control,0,simulated,0,0,0,0.0
control_2952,control,1,simulated,0,0,0,0.0
control_2953,control,0,simulated,0,0,0,0.0
control_2954,control,1,simulated,0,1,0,29.18
control_2955,control,0,simulated,0,0,0,0.0
control_2956,control,0,simulated,0,0,0,0.0
control_2957,control,0,simulated,0,0,0,0.0
control_2958,control,0,simulated,0,0,0,0.0
control_2959,control,1,simulated,0,0,0,0.0
control_2960,control,1,simulated,0,0,0,0.0
control_2961,control,0,simulated,0,0,0,0.0
control_2962,control,0,simulated,0,0,0,0.0
control_2963,control,0,simulated,0,0,0,0.0
control_2964,control,0,simulated,0,0,0,0.0
control_2965,control,1,simulated,0,0,0,0.0
control_2966,control,0,simulated,0,0,0,0.0
control_2967,control,1,simulated,0,0,0,0.0
control_2968,control,0,simulated,0,0,0,0.0
control_2969,control,0,simulated,0,0,0,0.0
control_2970,control,1,simulated,0,0,0,0.0
control_2971,control,0,simulated,0,0,0,0.0
control_2972,control,0,simulated,0,0,0,0.0
control_2973,control,0,simulated,0,0,0,0.0
control_2974,control,0,simulated,0,0,0,0.0
control_2975,control,0,simulated,0,0,0,0.0
control_2976,control,0,simulated,0,0,0,0.0
control_2977,control,0,simulated,0,0,0,0.0
control_2978,control,1,simulated,1,0,0,0.0
control_2979,control,0,simulated,0,0,0,0.0
control_2980,control,0,simulated,0,0,0,0.0
control_2981,control,0,simulated,0,0,0,0.0
control_2982,control,0,simulated,0,0,0,0.0
control_2983,control,0,simulated,0,0,0,0.0
control_2984,control,0,simulated,0,0,0,0.0
control_2985,control,0,simulated,0,0,0,0.0
control_2986,control,0,simulated,0,0,0,0.0
control_2987,control,0,simulated,0,0,0,0.0
control_2988,control,0,simulated,0,0,0,0.0
control_2989,control,0,simulated,0,0,0,0.0
control_2990,control,0,simulated,0,0,0,0.0
control_2991,control,0,simulated,0,0,0,0.0
control_2992,control,0,simulated,0,0,0,0.0
control_2993,control,1,simulated,0,0,0,0.0
control_2994,control,0,simulated,0,0,0,0.0
control_2995,control,1,simulated,1,0,0,0.0
control_2996,control,0,simulated,0,0,0,0.0
control_2997,control,1,simulated,0,0,0,0.0
control_2998,control,0,simulated,0,0,0,0.0
control_2999,control,1,simulated,0,0,0,0.0
control_3000,control,0,simulated,0,0,0,0.0
control_3001,control,0,simulated,0,0,0,0.0
control_3002,control,0,simulated,0,0,0,0.0
control_3003,control,0,simulated,0,0,0,0.0
control_3004,control,0,simulated,0,0,0,0.0
control_3005,control,0,simulated,0,0,0,0.0
control_3006,control,1,simulated,1,0,0,0.0
control_3007,control,0,simulated,0,0,0,0.0
control_3008,control,0,simulated,0,0,0,0.0
control_3009,control,0,simulated,0,0,0,0.0
control_3010,control,0,simulated,0,0,0,0.0
control_3011,control,0,simulated,0,0,0,0.0
control_3012,control,0,simulated,0,0,0,0.0
control_3013,control,0,simulated,0,0,0,0.0
control_3014,control,0,simulated,0,0,0,0.0
control_3015,control,0,simulated,0,0,0,0.0
control_3016,control,0,simulated,0,0,0,0.0
control_3017,control,0,simulated,0,0,0,0.0
control_3018,control,0,simulated,0,0,0,0.0
control_3019,control,0,simulated,0,0,0,0.0
control_3020,control,0,simulated,0,0,0,0.0
control_3021,control,0,simulated,0,0,0,0.0
control_3022,control,0,simulated,0,0,0,0.0
control_3023,control,1,simulated,0,0,0,0.0
control_3024,control,0,simulated,0,0,1,0.0
control_3025,control,1,simulated,0,0,0,0.0
control_3026,control,0,simulated,0,0,0,0.0
control_3027,control,1,simulated,0,0,0,0.0
control_3028,control,1,simulated,0,0,0,0.0
control_3029,control,0,simulated,0,0,0,0.0
control_3030,control,1,simulated,0,0,0,0.0
control_3031,control,1,simulated,0,0,0,0.0
control_3032,control,0,simulated,0,0,0,0.0
control_3033,control,0,simulated,0,0,0,0.0
control_3034,control,1,simulated,1,0,0,0.0
control_3035,control,0,simulated,0,0,0,0.0
control_3036,control,1,simulated,0,0,0,0.0
control_3037,control,0,simulated,0,0,0,0.0
control_3038,control,1,simulated,0,0,0,0.0
control_3039,control,1,simulated,0,0,0,0.0
control_3040,control,0,simulated,0,0,0,0.0
control_3041,control,1,simulated,0,0,0,0.0
control_3042,control,1,simulated,0,0,0,0.0
control_3043,control,1,simulated,0,0,0,0.0
control_3044,control,0,simulated,0,0,0,0.0
control_3045,control,0,simulated,0,0,0,0.0
control_3046,control,0,simulated,0,0,0,0.0
control_3047,control,0,simulated,0,0,0,0.0
control_3048,control,0,simulated,0,0,0,0.0
control_3049,control,0,simulated,0,0,0,0.0
control_3050,control,0,simulated,0,0,0,0.0
control_3051,control,1,simulated,0,0,0,0.0
control_3052,control,0,simulated,0,0,0,0.0
control_3053,control,1,simulated,0,0,0,0.0
control_3054,control,0,simulated,0,0,0,0.0
control_3055,control,0,simulated,0,0,0,0.0
control_3056,control,0,simulated,0,0,0,0.0
control_3057,control,0,simulated,0,0,0,0.0
control_3058,control,0,simulated,0,0,0,0.0
control_3059,control,1,simulated,0,0,0,0.0
control_3060,control,1,simulated,0,0,0,0.0
control_3061,control,0,simulated,0,0,0,0.0
control_3062,control,0,simulated,0,0,0,0.0
control_3063,control,0,simulated,0,0,0,0.0
control_3064,control,0,simulated,0,0,0,0.0
control_3065,control,0,simulated,0,0,0,0.0
control_3066,control,0,simulated,0,0,0,0.0
control_3067,control,0,simulated,0,0,0,0.0
control_3068,control,1,simulated,0,0,0,0.0
control_3069,control,0,simulated,0,0,0,0.0
control_3070,control,0,simulated,0,0,0,0.0
control_3071,control,0,simulated,0,0,0,0.0
control_3072,control,0,simulated,0,0,0,0.0
control_3073,control,0,simulated,0,0,0,0.0
control_3074,control,1,simulated,0,0,0,0.0
control_3075,control,0,simulated,0,0,0,0.0
control_3076,control,0,simulated,0,0,0,0.0
control_3077,control,0,simulated,0,0,0,0.0
control_3078,control,0,simulated,0,0,0,0.0
control_3079,control,0,simulated,0,0,0,0.0
control_3080,control,0,simulated,0,0,0,0.0
control_3081,control,0,simulated,0,0,0,0.0
control_3082,control,1,simulated,0,0,0,0.0
control_3083,control,0,simulated,0,0,0,0.0
control_3084,control,0,simulated,0,0,0,0.0
control_3085,control,0,simulated,0,0,0,0.0
control_3086,control,0,simulated,0,0,0,0.0
control_3087,control,1,simulated,0,0,0,0.0
control_3088,control,0,simulated,0,0,0,0.0
control_3089,control,0,simulated,0,0,0,0.0
control_3090,control,1,simulated,0,0,0,0.0
control_3091,control,0,simulated,0,0,0,0.0
control_3092,control,0,simulated,0,0,0,0.0
control_3093,control,0,simulated,0,0,0,0.0
control_3094,control,0,simulated,0,0,0,0.0
control_3095,control,0,simulated,0,0,0,0.0
control_3096,control,0,simulated,0,0,0,0.0
control_3097,control,0,simulated,0,0,0,0.0
control_3098,control,0,simulated,0,0,0,0.0
control_3099,control,0,simulated,0,0,0,0.0
control_3100,control,0,simulated,0,0,0,0.0
control_3101,control,1,simulated,0,0,0,0.0
control_3102,control,1,simulated,0,0,0,0.0
control_3103,control,0,simulated,0,0,0,0.0
control_3104,control,1,simulated,0,0,0,0.0
control_3105,control,0,simulated,0,0,0,0.0
control_3106,control,0,simulated,0,0,0,0.0
control_3107,control,0,simulated,0,0,0,0.0
control_3108,control,0,simulated,0,0,0,0.0
control_3109,control,0,simulated,0,0,0,0.0
control_3110,control,1,simulated,0,0,0,0.0
control_3111,control,0,simulated,0,0,0,0.0
control_3112,control,1,simulated,0,0,0,0.0
control_3113,control,0,simulated,0,0,0,0.0
control_3114,control,1,simulated,0,0,0,0.0
control_3115,control,0,simulated,0,0,0,0.0
control_3116,control,0,simulated,0,0,0,0.0
control_3117,control,1,simulated,0,0,0,0.0
control_3118,control,1,simulated,0,0,0,0.0
control_3119,control,0,simulated,0,0,0,0.0
control_3120,control,0,simulated,0,0,0,0.0
control_3121,control,0,simulated,0,0,0,0.0
control_3122,control,0,simulated,0,0,0,0.0
control_3123,control,0,simulated,0,0,0,0.0
control_3124,control,1,simulated,0,0,0,0.0
control_3125,control,0,simulated,0,0,0,0.0
control_3126,control,0,simulated,0,0,0,0.0
control_3127,control,0,simulated,0,0,0,0.0
control_3128,control,1,simulated,0,0,0,0.0
control_3129,control,0,simulated,0,0,0,0.0
control_3130,control,0,simulated,0,0,0,0.0
control_3131,control,0,simulated,0,0,0,0.0
control_3132,control,1,simulated,0,0,0,0.0
control_3133,control,0,simulated,0,0,0,0.0
control_3134,control,0,simulated,0,0,0,0.0
control_3135,control,0,simulated,0,0,0,0.0
control_3136,control,0,simulated,0,0,0,0.0
control_3137,control,0,simulated,0,0,0,0.0
control_3138,control,0,simulated,0,0,0,0.0
control_3139,control,0,simulated,0,0,0,0.0
control_3140,control,0,simulated,0,0,0,0.0
control_3141,control,0,simulated,0,0,0,0.0
control_3142,control,0,simulated,0,0,0,0.0
control_3143,control,0,simulated,0,0,0,0.0
control_3144,control,0,simulated,0,0,0,0.0
control_3145,control,0,simulated,0,0,0,0.0
control_3146,control,0,simulated,0,0,1,0.0
control_3147,control,0,simulated,0,0,0,0.0
control_3148,control,0,simulated,0,0,0,0.0
control_3149,control,1,simulated,0,0,0,0.0
control_3150,control,1,simulated,0,0,0,0.0
control_3151,control,0,simulated,0,0,1,0.0
control_3152,control,0,simulated,0,0,0,0.0
control_3153,control,0,simulated,0,0,0,0.0
control_3154,control,0,simulated,0,0,0,0.0
control_3155,control,1,simulated,0,0,0,0.0
control_3156,control,0,simulated,0,0,0,0.0
control_3157,control,0,simulated,0,0,0,0.0
control_3158,control,0,simulated,0,0,0,0.0
control_3159,control,1,simulated,0,0,0,0.0
control_3160,control,0,simulated,0,0,0,0.0
control_3161,control,0,simulated,0,0,0,0.0
control_3162,control,0,simulated,0,0,0,0.0
control_3163,control,0,simulated,0,0,0,0.0
control_3164,control,0,simulated,0,0,0,0.0
control_3165,control,0,simulated,0,0,0,0.0
control_3166,control,0,simulated,0,0,0,0.0
control_3167,control,0,simulated,0,0,0,0.0
control_3168,control,0,simulated,0,0,1,0.0
control_3169,control,0,simulated,0,0,0,0.0
control_3170,control,0,simulated,0,0,0,0.0
control_3171,control,0,simulated,0,0,0,0.0
control_3172,control,0,simulated,0,0,0,0.0
control_3173,control,0,simulated,0,0,0,0.0
control_3174,control,0,simulated,0,0,0,0.0
control_3175,control,1,simulated,0,0,0,0.0
control_3176,control,0,simulated,0,0,0,0.0
control_3177,control,0,simulated,0,0,0,0.0
control_3178,control,0,simulated,0,0,0,0.0
control_3179,control,0,simulated,0,0,0,0.0
control_3180,control,0,simulated,0,0,0,0.0
control_3181,control,0,simulated,0,0,0,0.0
control_3182,control,0,simulated,0,0,0,0.0
control_3183,control,0,simulated,0,0,0,0.0
control_3184,control,1,simulated,0,0,0,0.0
control_3185,control,1,simulated,0,0,0,0.0
control_3186,control,1,simulated,0,0,0,0.0
control_3187,control,0,simulated,0,0,1,0.0
control_3188,control,1,simulated,1,0,0,0.0
control_3189,control,1,simulated,0,0,0,0.0
control_3190,control,1,simulated,0,0,0,0.0
control_3191,control,0,simulated,0,0,0,0.0
control_3192,control,0,simulated,0,0,0,0.0
control_3193,control,1,simulated,0,0,0,0.0
control_3194,control,1,simulated,0,0,0,0.0
control_3195,control,0,simulated,0,0,0,0.0
control_3196,control,0,simulated,0,0,0,0.0
control_3197,control,0,simulated,0,0,0,0.0
control_3198,control,0,simulated,0,0,0,0.0
control_3199,control,0,simulated,0,0,0,0.0
control_3200,control,0,simulated,0,0,0,0.0
control_3201,control,1,simulated,0,0,0,0.0
control_3202,control,0,simulated,0,0,0,0.0
control_3203,control,0,simulated,0,0,0,0.0
control_3204,control,0,simulated,0,0,0,0.0
control_3205,control,1,simulated,0,0,0,0.0
control_3206,control,0,simulated,0,0,0,0.0
control_3207,control,0,simulated,0,0,0,0.0
control_3208,control,0,simulated,0,0,0,0.0
control_3209,control,0,simulated,0,0,0,0.0
control_3210,control,0,simulated,0,0,0,0.0
control_3211,control,1,simulated,0,0,0,0.0
control_3212,control,0,simulated,0,0,0,0.0
control_3213,control,0,simulated,0,0,0,0.0
control_3214,control,0,simulated,0,0,0,0.0
control_3215,control,1,simulated,0,0,0,0.0
control_3216,control,0,simulated,0,0,0,0.0
control_3217,control,0,simulated,0,0,0,0.0
control_3218,control,0,simulated,0,0,0,0.0
control_3219,control,1,simulated,0,0,0,0.0
control_3220,control,0,simulated,0,0,0,0.0
control_3221,control,0,simulated,0,0,0,0.0
control_3222,control,0,simulated,0,0,0,0.0
control_3223,control,0,simulated,0,0,0,0.0
control_3224,control,0,simulated,0,0,0,0.0
control_3225,control,0,simulated,0,0,0,0.0
control_3226,control,0,simulated,0,0,0,0.0
control_3227,control,0,simulated,0,0,0,0.0
control_3228,control,0,simulated,0,0,0,0.0
control_3229,control,0,simulated,0,0,0,0.0
control_3230,control,0,simulated,0,0,0,0.0
control_3231,control,0,simulated,0,0,0,0.0
control_3232,control,1,simulated,0,0,0,0.0
control_3233,control,0,simulated,0,0,0,0.0
control_3234,control,1,simulated,1,0,0,0.0
control_3235,control,1,simulated,0,0,0,0.0
control_3236,control,0,simulated,0,0,0,0.0
control_3237,control,0,simulated,0,0,0,0.0
control_3238,control,1,simulated,0,0,0,0.0
control_3239,control,0,simulated,0,0,0,0.0
control_3240,control,0,simulated,0,0,0,0.0
control_3241,control,0,simulated,0,0,0,0.0
control_3242,control,0,simulated,0,0,0,0.0
control_3243,control,0,simulated,0,0,0,0.0
control_3244,control,0,simulated,0,0,0,0.0
control_3245,control,0,simulated,0,0,0,0.0
control_3246,control,0,simulated,0,0,0,0.0
control_3247,control,0,simulated,0,0,0,0.0
control_3248,control,0,simulated,0,0,0,0.0
control_3249,control,0,simulated,0,0,0,0.0
control_3250,control,0,simulated,0,0,0,0.0
control_3251,control,0,simulated,0,0,0,0.0
control_3252,control,0,simulated,0,0,0,0.0
control_3253,control,0,simulated,0,0,0,0.0
control_3254,control,0,simulated,0,0,0,0.0
control_3255,control,0,simulated,0,0,0,0.0
control_3256,control,0,simulated,0,0,0,0.0
control_3257,control,0,simulated,0,0,0,0.0
control_3258,control,1,simulated,0,0,0,0.0
control_3259,control,1,simulated,0,0,0,0.0
control_3260,control,0,simulated,0,0,0,0.0
control_3261,control,0,simulated,0,0,0,0.0
control_3262,control,0,simulated,0,0,0,0.0
control_3263,control,0,simulated,0,0,0,0.0
control_3264,control,0,simulated,0,0,0,0.0
control_3265,control,0,simulated,0,0,0,0.0
control_3266,control,1,simulated,0,0,0,0.0
control_3267,control,0,simulated,0,0,0,0.0
control_3268,control,0,simulated,0,0,0,0.0
control_3269,control,0,simulated,0,0,0,0.0
control_3270,control,0,simulated,0,0,0,0.0
control_3271,control,1,simulated,0,0,0,0.0
control_3272,control,0,simulated,0,0,0,0.0
control_3273,control,0,simulated,0,0,0,0.0
control_3274,control,0,simulated,0,0,0,0.0
control_3275,control,0,simulated,0,0,0,0.0
control_3276,control,0,simulated,0,0,0,0.0
control_3277,control,0,simulated,0,0,0,0.0
control_3278,control,0,simulated,0,0,0,0.0
control_3279,control,0,simulated,0,0,0,0.0
control_3280,control,1,simulated,0,0,0,0.0
control_3281,control,0,simulated,0,0,0,0.0
control_3282,control,0,simulated,0,0,0,0.0
control_3283,control,1,simulated,0,0,0,0.0
control_3284,control,1,simulated,0,0,0,0.0
control_3285,control,0,simulated,0,0,0,0.0
control_3286,control,0,simulated,0,0,0,0.0
control_3287,control,0,simulated,0,0,0,0.0
control_3288,control,0,simulated,0,0,0,0.0
control_3289,control,0,simulated,0,0,0,0.0
control_3290,control,0,simulated,0,0,0,0.0
control_3291,control,0,simulated,0,0,0,0.0
control_3292,control,1,simulated,0,0,0,0.0
control_3293,control,1,simulated,0,0,0,0.0
control_3294,control,0,simulated,0,0,0,0.0
control_3295,control,0,simulated,0,0,0,0.0
control_3296,control,1,simulated,0,0,0,0.0
control_3297,control,1,simulated,0,0,0,0.0
control_3298,control,0,simulated,0,0,0,0.0
control_3299,control,0,simulated,0,0,0,0.0
control_3300,control,0,simulated,0,0,0,0.0
control_3301,control,0,simulated,0,0,0,0.0
control_3302,control,0,simulated,0,0,0,0.0
control_3303,control,0,simulated,0,0,0,0.0
control_3304,control,0,simulated,0,0,0,0.0
control_3305,control,0,simulated,0,0,0,0.0
control_3306,control,0,simulated,0,0,0,0.0
control_3307,control,0,simulated,0,0,0,0.0
control_3308,control,0,simulated,0,0,0,0.0
control_3309,control,1,simulated,0,0,0,0.0
control_3310,control,0,simulated,0,0,0,0.0
control_3311,control,0,simulated,0,0,0,0.0
control_3312,control,1,simulated,0,0,0,0.0
control_3313,control,0,simulated,0,0,0,0.0
control_3314,control,0,simulated,0,0,0,0.0
control_3315,control,1,simulated,0,0,0,0.0
control_3316,control,1,simulated,0,0,0,0.0
control_3317,control,0,simulated,0,0,0,0.0
control_3318,control,1,simulated,0,0,0,0.0
control_3319,control,0,simulated,0,0,0,0.0
control_3320,control,1,simulated,0,0,0,0.0
control_3321,control,1,simulated,0,0,0,0.0
control_3322,control,0,simulated,0,0,0,0.0
control_3323,control,0,simulated,0,0,0,0.0
control_3324,control,0,simulated,0,0,0,0.0
control_3325,control,0,simulated,0,0,0,0.0
control_3326,control,0,simulated,0,0,0,0.0
control_3327,control,0,simulated,0,0,0,0.0
control_3328,control,0,simulated,0,0,0,0.0
control_3329,control,0,simulated,0,0,0,0.0
control_3330,control,1,simulated,0,0,0,0.0
control_3331,control,0,simulated,0,0,0,0.0
control_3332,control,0,simulated,0,0,0,0.0
control_3333,control,0,simulated,0,0,0,0.0
control_3334,control,0,simulated,0,0,0,0.0
control_3335,control,0,simulated,0,0,0,0.0
control_3336,control,0,simulated,0,0,0,0.0
control_3337,control,0,simulated,0,0,0,0.0
control_3338,control,0,simulated,0,0,0,0.0
control_3339,control,0,simulated,0,0,0,0.0
control_3340,control,0,simulated,0,0,0,0.0
control_3341,control,0,simulated,0,0,0,0.0
control_3342,control,0,simulated,0,0,0,0.0
control_3343,control,0,simulated,0,0,0,0.0
control_3344,control,0,simulated,0,0,0,0.0
control_3345,control,0,simulated,0,0,0,0.0
control_3346,control,0,simulated,0,0,0,0.0
control_3347,control,0,simulated,0,0,0,0.0
control_3348,control,1,simulated,1,0,0,0.0
control_3349,control,0,simulated,0,0,0,0.0
control_3350,control,1,simulated,0,0,0,0.0
control_3351,control,0,simulated,0,0,0,0.0
control_3352,control,0,simulated,0,0,0,0.0
control_3353,control,0,simulated,0,0,0,0.0
control_3354,control,1,simulated,0,0,0,0.0
control_3355,control,0,simulated,0,0,0,0.0
control_3356,control,1,simulated,0,0,0,0.0
control_3357,control,0,simulated,0,0,0,0.0
control_3358,control,0,simulated,0,0,0,0.0
control_3359,control,0,simulated,0,0,0,0.0
control_3360,control,0,simulated,0,0,0,0.0
control_3361,control,0,simulated,0,0,0,0.0
control_3362,control,1,simulated,0,0,0,0.0
control_3363,control,1,simulated,0,0,0,0.0
control_3364,control,0,simulated,0,0,0,0.0
control_3365,control,0,simulated,0,0,0,0.0
control_3366,control,0,simulated,0,0,0,0.0
control_3367,control,1,simulated,0,0,0,0.0
control_3368,control,1,simulated,0,0,0,0.0
control_3369,control,0,simulated,0,0,0,0.0
control_3370,control,0,simulated,0,0,0,0.0
control_3371,control,0,simulated,0,0,0,0.0
control_3372,control,0,simulated,0,0,0,0.0
control_3373,control,0,simulated,0,0,0,0.0
control_3374,control,1,simulated,0,0,0,0.0
control_3375,control,0,simulated,0,0,0,0.0
control_3376,control,0,simulated,0,0,0,0.0
control_3377,control,0,simulated,0,0,0,0.0
control_3378,control,0,simulated,0,0,0,0.0
control_3379,control,0,simulated,0,0,0,0.0
control_3380,control,0,simulated,0,0,0,0.0
control_3381,control,0,simulated,0,0,0,0.0
control_3382,control,0,simulated,0,0,0,0.0
control_3383,control,0,simulated,0,0,0,0.0
control_3384,control,0,simulated,0,0,0,0.0
control_3385,control,1,simulated,0,0,0,0.0
control_3386,control,1,simulated,1,0,0,0.0
control_3387,control,0,simulated,0,0,0,0.0
control_3388,control,0,simulated,0,0,0,0.0
control_3389,control,0,simulated,0,0,0,0.0
control_3390,control,0,simulated,0,0,0,0.0
control_3391,control,0,simulated,0,0,0,0.0
control_3392,control,0,simulated,0,0,0,0.0
control_3393,control,0,simulated,0,0,0,0.0
control_3394,control,1,simulated,0,0,0,0.0
control_3395,control,1,simulated,0,0,0,0.0
control_3396,control,1,simulated,0,0,0,0.0
control_3397,control,1,simulated,0,0,0,0.0
control_3398,control,0,simulated,0,0,0,0.0
control_3399,control,1,simulated,0,0,0,0.0
control_3400,control,0,simulated,0,0,0,0.0
control_3401,control,0,simulated,0,0,0,0.0
control_3402,control,0,simulated,0,0,0,0.0
control_3403,control,0,simulated,0,0,0,0.0
control_3404,control,0,simulated,0,0,0,0.0
control_3405,control,0,simulated,0,0,0,0.0
control_3406,control,0,simulated,0,0,0,0.0
control_3407,control,0,simulated,0,0,0,0.0
control_3408,control,0,simulated,0,0,0,0.0
control_3409,control,0,simulated,0,0,0,0.0
control_3410,control,0,simulated,0,0,0,0.0
control_3411,control,0,simulated,0,0,0,0.0
control_3412,control,0,simulated,0,0,0,0.0
control_3413,control,1,simulated,0,0,0,0.0
control_3414,control,1,simulated,0,0,0,0.0
control_3415,control,0,simulated,0,0,0,0.0
control_3416,control,0,simulated,0,0,0,0.0
control_3417,control,0,simulated,0,0,0,0.0
control_3418,control,0,simulated,0,0,0,0.0
control_3419,control,0,simulated,0,0,0,0.0
control_3420,control,0,simulated,0,0,0,0.0
control_3421,control,1,simulated,0,0,0,0.0
control_3422,control,0,simulated,0,0,0,0.0
control_3423,control,1,simulated,1,0,0,0.0
control_3424,control,1,simulated,1,0,0,0.0
control_3425,control,0,simulated,0,0,1,0.0
control_3426,control,0,simulated,0,0,0,0.0
control_3427,control,0,simulated,0,0,0,0.0
control_3428,control,0,simulated,0,0,0,0.0
control_3429,control,0,simulated,0,0,0,0.0
control_3430,control,0,simulated,0,0,0,0.0
control_3431,control,0,simulated,0,0,0,0.0
control_3432,control,0,simulated,0,0,0,0.0
control_3433,control,0,simulated,0,0,0,0.0
control_3434,control,1,simulated,0,0,0,0.0
control_3435,control,0,simulated,0,0,0,0.0
control_3436,control,0,simulated,0,0,0,0.0
control_3437,control,0,simulated,0,0,0,0.0
control_3438,control,0,simulated,0,0,0,0.0
control_3439,control,1,simulated,1,0,0,0.0
control_3440,control,0,simulated,0,0,0,0.0
control_3441,control,0,simulated,0,0,0,0.0
control_3442,control,0,simulated,0,0,0,0.0
control_3443,control,1,simulated,0,0,0,0.0
control_3444,control,0,simulated,0,0,0,0.0
control_3445,control,0,simulated,0,0,0,0.0
control_3446,control,0,simulated,0,0,0,0.0
control_3447,control,0,simulated,0,0,0,0.0
control_3448,control,0,simulated,0,0,0,0.0
control_3449,control,1,simulated,0,0,0,0.0
control_3450,control,0,simulated,0,0,0,0.0
control_3451,control,1,simulated,0,0,0,0.0
control_3452,control,0,simulated,0,0,0,0.0
control_3453,control,0,simulated,0,0,0,0.0
control_3454,control,1,simulated,0,0,0,0.0
control_3455,control,1,simulated,1,0,0,0.0
control_3456,control,0,simulated,0,0,1,0.0
control_3457,control,0,simulated,0,0,0,0.0
control_3458,control,0,simulated,0,0,0,0.0
control_3459,control,0,simulated,0,0,0,0.0
control_3460,control,0,simulated,0,0,0,0.0
control_3461,control,0,simulated,0,0,0,0.0
control_3462,control,0,simulated,0,0,0,0.0
control_3463,control,0,simulated,0,0,0,0.0
control_3464,control,0,simulated,0,0,0,0.0
control_3465,control,0,simulated,0,0,0,0.0
control_3466,control,0,simulated,0,0,0,0.0
control_3467,control,1,simulated,0,0,0,0.0
control_3468,control,0,simulated,0,0,0,0.0
control_3469,control,0,simulated,0,0,0,0.0
control_3470,control,1,simulated,0,0,0,0.0
control_3471,control,0,simulated,0,0,0,0.0
control_3472,control,0,simulated,0,0,0,0.0
control_3473,control,0,simulated,0,0,1,0.0
control_3474,control,1,simulated,0,0,0,0.0
control_3475,control,0,simulated,0,0,0,0.0
control_3476,control,1,simulated,0,0,0,0.0
control_3477,control,0,simulated,0,0,0,0.0
control_3478,control,1,simulated,0,0,0,0.0
control_3479,control,0,simulated,0,0,0,0.0
control_3480,control,0,simulated,0,0,0,0.0
control_3481,control,0,simulated,0,0,0,0.0
control_3482,control,0,simulated,0,0,0,0.0
control_3483,control,1,simulated,0,0,0,0.0
control_3484,control,0,simulated,0,0,0,0.0
control_3485,control,0,simulated,0,0,0,0.0
control_3486,control,0,simulated,0,0,0,0.0
control_3487,control,0,simulated,0,0,0,0.0
control_3488,control,0,simulated,0,0,0,0.0
control_3489,control,0,simulated,0,0,0,0.0
control_3490,control,1,simulated,0,0,0,0.0
control_3491,control,1,simulated,0,0,0,0.0
control_3492,control,0,simulated,0,0,0,0.0
control_3493,control,0,simulated,0,0,0,0.0
control_3494,control,0,simulated,0,0,0,0.0
control_3495,control,0,simulated,0,0,0,0.0
control_3496,control,1,simulated,0,0,0,0.0
control_3497,control,0,simulated,0,0,0,0.0
control_3498,control,0,simulated,0,0,0,0.0
control_3499,control,0,simulated,0,0,0,0.0
control_3500,control,0,simulated,0,0,0,0.0
control_3501,control,1,simulated,0,0,0,0.0
control_3502,control,0,simulated,0,0,0,0.0
control_3503,control,0,simulated,0,0,0,0.0
control_3504,control,0,simulated,0,0,1,0.0
control_3505,control,0,simulated,0,0,0,0.0
control_3506,control,0,simulated,0,0,0,0.0
control_3507,control,0,simulated,0,0,0,0.0
control_3508,control,0,simulated,0,0,0,0.0
control_3509,control,0,simulated,0,0,0,0.0
control_3510,control,0,simulated,0,0,0,0.0
control_3511,control,0,simulated,0,0,0,0.0
control_3512,control,1,simulated,0,0,0,0.0
control_3513,control,0,simulated,0,0,0,0.0
control_3514,control,0,simulated,0,0,0,0.0
control_3515,control,0,simulated,0,0,0,0.0
control_3516,control,1,simulated,0,0,0,0.0
control_3517,control,0,simulated,0,0,0,0.0
control_3518,control,0,simulated,0,0,0,0.0
control_3519,control,0,simulated,0,0,0,0.0
control_3520,control,0,simulated,0,0,0,0.0
control_3521,control,0,simulated,0,0,0,0.0
control_3522,control,1,simulated,0,0,0,0.0
control_3523,control,0,simulated,0,0,0,0.0
control_3524,control,0,simulated,0,0,0,0.0
control_3525,control,0,simulated,0,0,0,0.0
control_3526,control,0,simulated,0,0,0,0.0
control_3527,control,0,simulated,0,0,0,0.0
control_3528,control,1,simulated,0,0,0,0.0
control_3529,control,0,simulated,0,0,0,0.0
control_3530,control,1,simulated,0,0,0,0.0
control_3531,control,0,simulated,0,0,0,0.0
control_3532,control,0,simulated,0,0,0,0.0
control_3533,control,0,simulated,0,0,0,0.0
control_3534,control,0,simulated,0,0,0,0.0
control_3535,control,0,simulated,0,0,0,0.0
control_3536,control,0,simulated,0,0,0,0.0
control_3537,control,0,simulated,0,0,0,0.0
control_3538,control,0,simulated,0,0,0,0.0
control_3539,control,0,simulated,0,0,0,0.0
control_3540,control,0,simulated,0,0,0,0.0
control_3541,control,1,simulated,0,0,0,0.0
control_3542,control,1,simulated,0,0,0,0.0
control_3543,control,0,simulated,0,0,0,0.0
control_3544,control,1,simulated,0,0,0,0.0
control_3545,control,0,simulated,0,0,0,0.0
control_3546,control,0,simulated,0,0,0,0.0
control_3547,control,0,simulated,0,0,0,0.0
control_3548,control,1,simulated,1,0,0,0.0
control_3549,control,0,simulated,0,0,0,0.0
control_3550,control,0,simulated,0,0,0,0.0
control_3551,control,0,simulated,0,0,0,0.0
control_3552,control,0,simulated,0,0,0,0.0
control_3553,control,0,simulated,0,0,0,0.0
control_3554,control,1,simulated,0,0,0,0.0
control_3555,control,1,simulated,0,0,0,0.0
control_3556,control,0,simulated,0,0,0,0.0
control_3557,control,0,simulated,0,0,0,0.0
control_3558,control,0,simulated,0,0,0,0.0
control_3559,control,1,simulated,0,1,0,16.01
control_3560,control,0,simulated,0,0,0,0.0
control_3561,control,0,simulated,0,0,0,0.0
control_3562,control,0,simulated,0,0,0,0.0
control_3563,control,0,simulated,0,0,0,0.0
control_3564,control,0,simulated,0,0,0,0.0
control_3565,control,0,simulated,0,0,0,0.0
control_3566,control,0,simulated,0,0,0,0.0
control_3567,control,0,simulated,0,0,0,0.0
control_3568,control,0,simulated,0,0,0,0.0
control_3569,control,0,simulated,0,0,0,0.0
control_3570,control,0,simulated,0,0,0,0.0
control_3571,control,1,simulated,0,0,0,0.0
control_3572,control,0,simulated,0,0,0,0.0
control_3573,control,1,simulated,0,0,0,0.0
control_3574,control,0,simulated,0,0,0,0.0
control_3575,control,0,simulated,0,0,0,0.0
control_3576,control,0,simulated,0,0,0,0.0
control_3577,control,0,simulated,0,0,0,0.0
control_3578,control,0,simulated,0,0,0,0.0
control_3579,control,0,simulated,0,0,0,0.0
control_3580,control,1,simulated,0,0,0,0.0
control_3581,control,0,simulated,0,0,0,0.0
control_3582,control,0,simulated,0,0,0,0.0
control_3583,control,0,simulated,0,0,0,0.0
control_3584,control,0,simulated,0,0,0,0.0
control_3585,control,0,simulated,0,0,0,0.0
control_3586,control,1,simulated,0,0,0,0.0
control_3587,control,0,simulated,0,0,0,0.0
control_3588,control,0,simulated,0,0,0,0.0
control_3589,control,0,simulated,0,0,0,0.0
control_3590,control,0,simulated,0,0,0,0.0
control_3591,control,1,simulated,0,0,0,0.0
control_3592,control,0,simulated,0,0,0,0.0
control_3593,control,0,simulated,0,0,0,0.0
control_3594,control,0,simulated,0,0,0,0.0
control_3595,control,0,simulated,0,0,0,0.0
control_3596,control,0,simulated,0,0,0,0.0
control_3597,control,1,simulated,0,0,0,0.0
control_3598,control,1,simulated,0,0,0,0.0
control_3599,control,0,simulated,0,0,0,0.0
control_3600,control,0,simulated,0,0,0,0.0
control_3601,control,0,simulated,0,0,0,0.0
control_3602,control,0,simulated,0,0,0,0.0
control_3603,control,0,simulated,0,0,0,0.0
control_3604,control,0,simulated,0,0,0,0.0
control_3605,control,0,simulated,0,0,0,0.0
control_3606,control,0,simulated,0,0,0,0.0
control_3607,control,0,simulated,0,0,0,0.0
control_3608,control,0,simulated,0,0,1,0.0
control_3609,control,0,simulated,0,0,0,0.0
control_3610,control,0,simulated,0,0,0,0.0
control_3611,control,1,simulated,0,0,0,0.0
control_3612,control,0,simulated,0,0,0,0.0
control_3613,control,1,simulated,0,0,0,0.0
control_3614,control,0,simulated,0,0,0,0.0
control_3615,control,0,simulated,0,0,0,0.0
control_3616,control,0,simulated,0,0,0,0.0
control_3617,control,1,simulated,0,0,0,0.0
control_3618,control,0,simulated,0,0,0,0.0
control_3619,control,0,simulated,0,0,0,0.0
control_3620,control,0,simulated,0,0,0,0.0
control_3621,control,0,simulated,0,0,0,0.0
control_3622,control,1,simulated,0,0,0,0.0
control_3623,control,1,simulated,1,0,0,0.0
control_3624,control,0,simulated,0,0,0,0.0
control_3625,control,1,simulated,1,0,0,0.0
control_3626,control,0,simulated,0,0,0,0.0
control_3627,control,0,simulated,0,0,0,0.0
control_3628,control,0,simulated,0,0,0,0.0
control_3629,control,0,simulated,0,0,0,0.0
control_3630,control,0,simulated,0,0,0,0.0
control_3631,control,0,simulated,0,0,0,0.0
control_3632,control,0,simulated,0,0,0,0.0
control_3633,control,1,simulated,0,0,0,0.0
control_3634,control,0,simulated,0,0,0,0.0
control_3635,control,0,simulated,0,0,0,0.0
control_3636,control,0,simulated,0,0,0,0.0
control_3637,control,0,simulated,0,0,0,0.0
control_3638,control,0,simulated,0,0,0,0.0
control_3639,control,1,simulated,0,0,0,0.0
control_3640,control,0,simulated,0,0,0,0.0
control_3641,control,0,simulated,0,0,0,0.0
control_3642,control,0,simulated,0,0,0,0.0
control_3643,control,0,simulated,0,0,0,0.0
control_3644,control,0,simulated,0,0,0,0.0
control_3645,control,1,simulated,0,0,0,0.0
control_3646,control,0,simulated,0,0,0,0.0
control_3647,control,0,simulated,0,0,0,0.0
control_3648,control,1,simulated,0,0,0,0.0
control_3649,control,1,simulated,1,0,0,0.0
control_3650,control,0,simulated,0,0,0,0.0
control_3651,control,0,simulated,0,0,0,0.0
control_3652,control,0,simulated,0,0,0,0.0
control_3653,control,1,simulated,1,0,0,0.0
control_3654,control,0,simulated,0,0,0,0.0
control_3655,control,0,simulated,0,0,0,0.0
control_3656,control,0,simulated,0,0,0,0.0
control_3657,control,0,simulated,0,0,0,0.0
control_3658,control,0,simulated,0,0,0,0.0
control_3659,control,1,simulated,0,0,0,0.0
control_3660,control,0,simulated,0,0,0,0.0
control_3661,control,0,simulated,0,0,0,0.0
control_3662,control,0,simulated,0,0,0,0.0
control_3663,control,0,simulated,0,0,0,0.0
control_3664,control,0,simulated,0,0,0,0.0
control_3665,control,0,simulated,0,0,0,0.0
control_3666,control,0,simulated,0,0,0,0.0
control_3667,control,1,simulated,0,0,0,0.0
control_3668,control,0,simulated,0,0,0,0.0
control_3669,control,0,simulated,0,0,0,0.0
control_3670,control,0,simulated,0,0,0,0.0
control_3671,control,0,simulated,0,0,0,0.0
control_3672,control,0,simulated,0,0,0,0.0
control_3673,control,1,simulated,0,0,0,0.0
control_3674,control,1,simulated,0,0,0,0.0
control_3675,control,0,simulated,0,0,0,0.0
control_3676,control,0,simulated,0,0,0,0.0
control_3677,control,0,simulated,0,0,0,0.0
control_3678,control,0,simulated,0,0,0,0.0
control_3679,control,0,simulated,0,0,0,0.0
control_3680,control,1,simulated,0,0,0,0.0
control_3681,control,0,simulated,0,0,0,0.0
control_3682,control,0,simulated,0,0,0,0.0
control_3683,control,0,simulated,0,0,0,0.0
control_3684,control,1,simulated,0,0,0,0.0
control_3685,control,0,simulated,0,0,0,0.0
control_3686,control,0,simulated,0,0,0,0.0
control_3687,control,0,simulated,0,0,0,0.0
control_3688,control,0,simulated,0,0,0,0.0
control_3689,control,0,simulated,0,0,0,0.0
control_3690,control,1,simulated,0,0,0,0.0
control_3691,control,0,simulated,0,0,0,0.0
control_3692,control,0,simulated,0,0,1,0.0
control_3693,control,0,simulated,0,0,0,0.0
control_3694,control,0,simulated,0,0,0,0.0
control_3695,control,1,simulated,0,0,0,0.0
control_3696,control,0,simulated,0,0,0,0.0
control_3697,control,0,simulated,0,0,0,0.0
control_3698,control,1,simulated,0,0,0,0.0
control_3699,control,1,simulated,0,0,0,0.0
control_3700,control,0,simulated,0,0,0,0.0
control_3701,control,0,simulated,0,0,0,0.0
control_3702,control,0,simulated,0,0,0,0.0
control_3703,control,1,simulated,0,0,0,0.0
control_3704,control,0,simulated,0,0,0,0.0
control_3705,control,0,simulated,0,0,0,0.0
control_3706,control,0,simulated,0,0,0,0.0
control_3707,control,0,simulated,0,0,0,0.0
control_3708,control,0,simulated,0,0,0,0.0
control_3709,control,0,simulated,0,0,0,0.0
control_3710,control,1,simulated,1,0,0,0.0
control_3711,control,0,simulated,0,0,0,0.0
control_3712,control,0,simulated,0,0,0,0.0
control_3713,control,1,simulated,0,0,0,0.0
control_3714,control,0,simulated,0,0,0,0.0
control_3715,control,0,simulated,0,0,0,0.0
control_3716,control,0,simulated,0,0,0,0.0
control_3717,control,0,simulated,0,0,0,0.0
control_3718,control,0,simulated,0,0,0,0.0
control_3719,control,0,simulated,0,0,0,0.0
control_3720,control,0,simulated,0,0,0,0.0
control_3721,control,0,simulated,0,0,0,0.0
control_3722,control,1,simulated,0,0,0,0.0
control_3723,control,0,simulated,0,0,0,0.0
control_3724,control,0,simulated,0,0,0,0.0
control_3725,control,1,simulated,0,0,0,0.0
control_3726,control,0,simulated,0,0,0,0.0
control_3727,control,1,simulated,0,0,0,0.0
control_3728,control,0,simulated,0,0,0,0.0
control_3729,control,0,simulated,0,0,0,0.0
control_3730,control,0,simulated,0,0,0,0.0
control_3731,control,1,simulated,0,0,0,0.0
control_3732,control,0,simulated,0,0,0,0.0
control_3733,control,0,simulated,0,0,0,0.0
control_3734,control,0,simulated,0,0,0,0.0
control_3735,control,0,simulated,0,0,0,0.0
control_3736,control,0,simulated,0,0,0,0.0
control_3737,control,1,simulated,0,0,0,0.0
control_3738,control,0,simulated,0,0,0,0.0
control_3739,control,1,simulated,1,0,0,0.0
control_3740,control,0,simulated,0,0,0,0.0
control_3741,control,0,simulated,0,0,0,0.0
control_3742,control,1,simulated,0,0,0,0.0
control_3743,control,0,simulated,0,0,0,0.0
control_3744,control,0,simulated,0,0,0,0.0
control_3745,control,0,simulated,0,0,0,0.0
control_3746,control,1,simulated,0,0,0,0.0
control_3747,control,1,simulated,0,0,0,0.0
control_3748,control,0,simulated,0,0,0,0.0
control_3749,control,0,simulated,0,0,0,0.0
control_3750,control,0,simulated,0,0,0,0.0
control_3751,control,1,simulated,0,0,0,0.0
control_3752,control,0,simulated,0,0,0,0.0
control_3753,control,1,simulated,0,0,0,0.0
control_3754,control,1,simulated,1,0,0,0.0
control_3755,control,0,simulated,0,0,0,0.0
control_3756,control,0,simulated,0,0,0,0.0
control_3757,control,0,simulated,0,0,0,0.0
control_3758,control,0,simulated,0,0,0,0.0
control_3759,control,0,simulated,0,0,0,0.0
control_3760,control,1,simulated,0,0,0,0.0
control_3761,control,1,simulated,1,0,0,0.0
control_3762,control,1,simulated,0,0,0,0.0
control_3763,control,0,simulated,0,0,0,0.0
control_3764,control,0,simulated,0,0,0,0.0
control_3765,control,0,simulated,0,0,0,0.0
control_3766,control,0,simulated,0,0,0,0.0
control_3767,control,1,simulated,0,0,0,0.0
control_3768,control,0,simulated,0,0,0,0.0
control_3769,control,0,simulated,0,0,0,0.0
control_3770,control,1,simulated,0,0,0,0.0
control_3771,control,0,simulated,0,0,0,0.0
control_3772,control,1,simulated,0,0,0,0.0
control_3773,control,1,simulated,0,0,0,0.0
control_3774,control,0,simulated,0,0,0,0.0
control_3775,control,0,simulated,0,0,0,0.0
control_3776,control,1,simulated,0,0,0,0.0
control_3777,control,0,simulated,0,0,0,0.0
control_3778,control,0,simulated,0,0,0,0.0
control_3779,control,0,simulated,0,0,0,0.0
control_3780,control,1,simulated,0,0,0,0.0
control_3781,control,0,simulated,0,0,0,0.0
control_3782,control,0,simulated,0,0,0,0.0
control_3783,control,0,simulated,0,0,0,0.0
control_3784,control,1,simulated,0,0,0,0.0
control_3785,control,0,simulated,0,0,0,0.0
control_3786,control,0,simulated,0,0,0,0.0
control_3787,control,0,simulated,0,0,0,0.0
control_3788,control,0,simulated,0,0,0,0.0
control_3789,control,0,simulated,0,0,0,0.0
control_3790,control,0,simulated,0,0,0,0.0
control_3791,control,0,simulated,0,0,0,0.0
control_3792,control,0,simulated,0,0,0,0.0
control_3793,control,0,simulated,0,0,0,0.0
control_3794,control,0,simulated,0,0,0,0.0
control_3795,control,0,simulated,0,0,0,0.0
control_3796,control,0,simulated,0,0,0,0.0
control_3797,control,0,simulated,0,0,0,0.0
control_3798,control,1,simulated,0,0,0,0.0
control_3799,control,0,simulated,0,0,0,0.0
control_3800,control,1,simulated,0,0,0,0.0
control_3801,control,0,simulated,0,0,0,0.0
control_3802,control,1,simulated,0,0,0,0.0
control_3803,control,0,simulated,0,0,0,0.0
control_3804,control,0,simulated,0,0,0,0.0
control_3805,control,0,simulated,0,0,0,0.0
control_3806,control,1,simulated,0,0,0,0.0
control_3807,control,0,simulated,0,0,0,0.0
control_3808,control,0,simulated,0,0,0,0.0
control_3809,control,1,simulated,0,0,0,0.0
control_3810,control,0,simulated,0,0,0,0.0
control_3811,control,1,simulated,0,0,0,0.0
control_3812,control,0,simulated,0,0,0,0.0
control_3813,control,1,simulated,0,0,0,0.0
control_3814,control,0,simulated,0,0,0,0.0
control_3815,control,1,simulated,0,0,0,0.0
control_3816,control,0,simulated,0,0,0,0.0
control_3817,control,0,simulated,0,0,0,0.0
control_3818,control,0,simulated,0,0,0,0.0
control_3819,control,0,simulated,0,0,0,0.0
control_3820,control,0,simulated,0,0,0,0.0
control_3821,control,0,simulated,0,0,0,0.0
control_3822,control,0,simulated,0,0,0,0.0
control_3823,control,0,simulated,0,0,0,0.0
control_3824,control,0,simulated,0,0,0,0.0
control_3825,control,0,simulated,0,0,0,0.0
control_3826,control,0,simulated,0,0,0,0.0
control_3827,control,0,simulated,0,0,0,0.0
control_3828,control,0,simulated,0,0,0,0.0
control_3829,control,0,simulated,0,0,0,0.0
control_3830,control,0,simulated,0,0,0,0.0
control_3831,control,0,simulated,0,0,0,0.0
control_3832,control,0,simulated,0,0,0,0.0
control_3833,control,0,simulated,0,0,0,0.0
control_3834,control,0,simulated,0,0,0,0.0
control_3835,control,0,simulated,0,0,0,0.0
control_3836,control,0,simulated,0,0,0,0.0
control_3837,control,0,simulated,0,0,0,0.0
control_3838,control,0,simulated,0,0,0,0.0
control_3839,control,0,simulated,0,0,0,0.0
control_3840,control,0,simulated,0,0,0,0.0
control_3841,control,0,simulated,0,0,0,0.0
control_3842,control,0,simulated,0,0,0,0.0
control_3843,control,0,simulated,0,0,0,0.0
control_3844,control,0,simulated,0,0,0,0.0
control_3845,control,1,simulated,0,0,0,0.0
control_3846,control,0,simulated,0,0,0,0.0
control_3847,control,0,simulated,0,0,0,0.0
control_3848,control,0,simulated,0,0,0,0.0
control_3849,control,0,simulated,0,0,0,0.0
control_3850,control,0,simulated,0,0,1,0.0
control_3851,control,0,simulated,0,0,0,0.0
control_3852,control,1,simulated,0,0,0,0.0
control_3853,control,1,simulated,0,0,0,0.0
control_3854,control,0,simulated,0,0,0,0.0
control_3855,control,0,simulated,0,0,0,0.0
control_3856,control,0,simulated,0,0,0,0.0
control_3857,control,0,simulated,0,0,0,0.0
control_3858,control,1,simulated,0,0,0,0.0
control_3859,control,1,simulated,1,0,0,0.0
control_3860,control,1,simulated,0,0,0,0.0
control_3861,control,0,simulated,0,0,0,0.0
control_3862,control,0,simulated,0,0,0,0.0
control_3863,control,0,simulated,0,0,0,0.0
control_3864,control,1,simulated,0,0,0,0.0
control_3865,control,0,simulated,0,0,0,0.0
control_3866,control,0,simulated,0,0,0,0.0
control_3867,control,0,simulated,0,0,0,0.0
control_3868,control,1,simulated,0,0,0,0.0
control_3869,control,0,simulated,0,0,0,0.0
control_3870,control,0,simulated,0,0,0,0.0
control_3871,control,0,simulated,0,0,0,0.0
control_3872,control,0,simulated,0,0,0,0.0
control_3873,control,0,simulated,0,0,0,0.0
control_3874,control,0,simulated,0,0,0,0.0
control_3875,control,0,simulated,0,0,0,0.0
control_3876,control,0,simulated,0,0,0,0.0
control_3877,control,0,simulated,0,0,0,0.0
control_3878,control,0,simulated,0,0,0,0.0
control_3879,control,0,simulated,0,0,0,0.0
control_3880,control,0,simulated,0,0,0,0.0
control_3881,control,0,simulated,0,0,0,0.0
control_3882,control,0,simulated,0,0,0,0.0
control_3883,control,1,simulated,0,0,0,0.0
control_3884,control,0,simulated,0,0,0,0.0
control_3885,control,1,simulated,0,0,0,0.0
control_3886,control,0,simulated,0,0,0,0.0
control_3887,control,1,simulated,0,0,0,0.0
control_3888,control,1,simulated,0,0,0,0.0
control_3889,control,0,simulated,0,0,0,0.0
control_3890,control,0,simulated,0,0,0,0.0
control_3891,control,0,simulated,0,0,0,0.0
control_3892,control,0,simulated,0,0,0,0.0
control_3893,control,0,simulated,0,0,0,0.0
control_3894,control,1,simulated,0,0,0,0.0
control_3895,control,1,simulated,0,0,0,0.0
control_3896,control,1,simulated,0,0,0,0.0
control_3897,control,0,simulated,0,0,0,0.0
control_3898,control,0,simulated,0,0,0,0.0
control_3899,control,0,simulated,0,0,0,0.0
control_3900,control,0,simulated,0,0,1,0.0
control_3901,control,1,simulated,0,0,0,0.0
control_3902,control,1,simulated,0,0,0,0.0
control_3903,control,0,simulated,0,0,0,0.0
control_3904,control,0,simulated,0,0,0,0.0
control_3905,control,1,simulated,0,0,0,0.0
control_3906,control,0,simulated,0,0,0,0.0
control_3907,control,0,simulated,0,0,0,0.0
control_3908,control,0,simulated,0,0,0,0.0
control_3909,control,1,simulated,0,0,0,0.0
control_3910,control,0,simulated,0,0,0,0.0
control_3911,control,0,simulated,0,0,0,0.0
control_3912,control,0,simulated,0,0,0,0.0
control_3913,control,0,simulated,0,0,0,0.0
control_3914,control,0,simulated,0,0,0,0.0
control_3915,control,1,simulated,0,0,0,0.0
control_3916,control,0,simulated,0,0,0,0.0
control_3917,control,0,simulated,0,0,0,0.0
control_3918,control,0,simulated,0,0,0,0.0
control_3919,control,0,simulated,0,0,0,0.0
control_3920,control,0,simulated,0,0,0,0.0
control_3921,control,0,simulated,0,0,0,0.0
control_3922,control,0,simulated,0,0,0,0.0
control_3923,control,0,simulated,0,0,0,0.0
control_3924,control,0,simulated,0,0,0,0.0
control_3925,control,0,simulated,0,0,0,0.0
control_3926,control,0,simulated,0,0,0,0.0
control_3927,control,0,simulated,0,0,0,0.0
control_3928,control,0,simulated,0,0,0,0.0
control_3929,control,0,simulated,0,0,0,0.0
control_3930,control,0,simulated,0,0,0,0.0
control_3931,control,1,simulated,0,0,0,0.0
control_3932,control,1,simulated,0,0,0,0.0
control_3933,control,0,simulated,0,0,0,0.0
control_3934,control,0,simulated,0,0,0,0.0
control_3935,control,0,simulated,0,0,0,0.0
control_3936,control,0,simulated,0,0,0,0.0
control_3937,control,0,simulated,0,0,1,0.0
control_3938,control,0,simulated,0,0,0,0.0
control_3939,control,0,simulated,0,0,0,0.0
control_3940,control,0,simulated,0,0,0,0.0
control_3941,control,0,simulated,0,0,0,0.0
control_3942,control,1,simulated,0,0,0,0.0
control_3943,control,0,simulated,0,0,0,0.0
control_3944,control,1,simulated,0,0,0,0.0
control_3945,control,0,simulated,0,0,0,0.0
control_3946,control,0,simulated,0,0,0,0.0
control_3947,control,0,simulated,0,0,0,0.0
control_3948,control,0,simulated,0,0,0,0.0
control_3949,control,1,simulated,1,0,0,0.0
control_3950,control,0,simulated,0,0,0,0.0
control_3951,control,0,simulated,0,0,0,0.0
control_3952,control,0,simulated,0,0,0,0.0
control_3953,control,1,simulated,0,0,0,0.0
control_3954,control,0,simulated,0,0,0,0.0
control_3955,control,0,simulated,0,0,0,0.0
control_3956,control,1,simulated,0,0,0,0.0
control_3957,control,1,simulated,0,0,0,0.0
control_3958,control,0,simulated,0,0,0,0.0
control_3959,control,0,simulated,0,0,0,0.0
control_3960,control,0,simulated,0,0,0,0.0
control_3961,control,0,simulated,0,0,0,0.0
control_3962,control,0,simulated,0,0,0,0.0
control_3963,control,0,simulated,0,0,0,0.0
control_3964,control,0,simulated,0,0,0,0.0
control_3965,control,0,simulated,0,0,0,0.0
control_3966,control,1,simulated,0,0,0,0.0
control_3967,control,0,simulated,0,0,0,0.0
control_3968,control,0,simulated,0,0,0,0.0
control_3969,control,0,simulated,0,0,0,0.0
control_3970,control,0,simulated,0,0,0,0.0
control_3971,control,0,simulated,0,0,0,0.0
control_3972,control,0,simulated,0,0,0,0.0
control_3973,control,1,simulated,0,0,0,0.0
control_3974,control,0,simulated,0,0,0,0.0
control_3975,control,0,simulated,0,0,0,0.0
control_3976,control,0,simulated,0,0,0,0.0
control_3977,control,0,simulated,0,0,0,0.0
control_3978,control,1,simulated,0,0,0,0.0
control_3979,control,0,simulated,0,0,0,0.0
control_3980,control,0,simulated,0,0,0,0.0
control_3981,control,0,simulated,0,0,0,0.0
control_3982,control,0,simulated,0,0,0,0.0
control_3983,control,0,simulated,0,0,0,0.0
control_3984,control,0,simulated,0,0,0,0.0
control_3985,control,0,simulated,0,0,0,0.0
control_3986,control,0,simulated,0,0,0,0.0
control_3987,control,1,simulated,1,0,0,0.0
control_3988,control,0,simulated,0,0,0,0.0
control_3989,control,0,simulated,0,0,0,0.0
control_3990,control,0,simulated,0,0,0,0.0
control_3991,control,0,simulated,0,0,0,0.0
control_3992,control,0,simulated,0,0,0,0.0
control_3993,control,0,simulated,0,0,0,0.0
control_3994,control,0,simulated,0,0,0,0.0
control_3995,control,0,simulated,0,0,0,0.0
control_3996,control,0,simulated,0,0,0,0.0
control_3997,control,0,simulated,0,0,1,0.0
control_3998,control,0,simulated,0,0,0,0.0
control_3999,control,0,simulated,0,0,0,0.0
control_4000,control,1,simulated,0,0,0,0.0
control_4001,control,0,simulated,0,0,0,0.0
control_4002,control,1,simulated,0,0,0,0.0
control_4003,control,0,simulated,0,0,0,0.0
control_4004,control,1,simulated,0,0,0,0.0
control_4005,control,1,simulated,0,0,0,0.0
control_4006,control,0,simulated,0,0,0,0.0
control_4007,control,0,simulated,0,0,0,0.0
control_4008,control,0,simulated,0,0,0,0.0
control_4009,control,0,simulated,0,0,0,0.0
control_4010,control,0,simulated,0,0,0,0.0
control_4011,control,1,simulated,1,0,0,0.0
control_4012,control,1,simulated,0,0,0,0.0
control_4013,control,0,simulated,0,0,0,0.0
control_4014,control,0,simulated,0,0,0,0.0
control_4015,control,0,simulated,0,0,0,0.0
control_4016,control,0,simulated,0,0,0,0.0
control_4017,control,0,simulated,0,0,0,0.0
control_4018,control,0,simulated,0,0,0,0.0
control_4019,control,0,simulated,0,0,0,0.0
control_4020,control,0,simulated,0,0,0,0.0
control_4021,control,0,simulated,0,0,0,0.0
control_4022,control,0,simulated,0,0,0,0.0
control_4023,control,1,simulated,0,0,0,0.0
control_4024,control,1,simulated,0,0,0,0.0
control_4025,control,0,simulated,0,0,0,0.0
control_4026,control,1,simulated,0,0,0,0.0
control_4027,control,1,simulated,0,0,0,0.0
control_4028,control,0,simulated,0,0,0,0.0
control_4029,control,0,simulated,0,0,0,0.0
control_4030,control,0,simulated,0,0,0,0.0
control_4031,control,0,simulated,0,0,0,0.0
control_4032,control,0,simulated,0,0,0,0.0
control_4033,control,0,simulated,0,0,0,0.0
control_4034,control,0,simulated,0,0,0,0.0
control_4035,control,0,simulated,0,0,0,0.0
control_4036,control,0,simulated,0,0,0,0.0
control_4037,control,0,simulated,0,0,0,0.0
control_4038,control,0,simulated,0,0,0,0.0
control_4039,control,0,simulated,0,0,0,0.0
control_4040,control,0,simulated,0,0,0,0.0
control_4041,control,0,simulated,0,0,0,0.0
control_4042,control,0,simulated,0,0,0,0.0
control_4043,control,0,simulated,0,0,0,0.0
control_4044,control,0,simulated,0,0,0,0.0
control_4045,control,0,simulated,0,0,0,0.0
control_4046,control,0,simulated,0,0,0,0.0
control_4047,control,1,simulated,0,0,0,0.0
control_4048,control,0,simulated,0,0,0,0.0
control_4049,control,0,simulated,0,0,0,0.0
control_4050,control,0,simulated,0,0,0,0.0
control_4051,control,0,simulated,0,0,0,0.0
control_4052,control,0,simulated,0,0,0,0.0
control_4053,control,0,simulated,0,0,0,0.0
control_4054,control,1,simulated,0,0,0,0.0
control_4055,control,0,simulated,0,0,0,0.0
control_4056,control,0,simulated,0,0,0,0.0
control_4057,control,0,simulated,0,0,0,0.0
control_4058,control,0,simulated,0,0,0,0.0
control_4059,control,1,simulated,1,0,0,0.0
control_4060,control,0,simulated,0,0,0,0.0
control_4061,control,0,simulated,0,0,0,0.0
control_4062,control,0,simulated,0,0,0,0.0
control_4063,control,0,simulated,0,0,0,0.0
control_4064,control,0,simulated,0,0,0,0.0
control_4065,control,1,simulated,1,0,0,0.0
control_4066,control,1,simulated,0,0,0,0.0
control_4067,control,0,simulated,0,0,0,0.0
control_4068,control,1,simulated,0,0,0,0.0
control_4069,control,0,simulated,0,0,0,0.0
control_4070,control,1,simulated,0,0,0,0.0
control_4071,control,0,simulated,0,0,0,0.0
control_4072,control,0,simulated,0,0,0,0.0
control_4073,control,1,simulated,0,0,0,0.0
control_4074,control,0,simulated,0,0,0,0.0
control_4075,control,0,simulated,0,0,0,0.0
control_4076,control,0,simulated,0,0,0,0.0
control_4077,control,1,simulated,0,0,0,0.0
control_4078,control,0,simulated,0,0,0,0.0
control_4079,control,0,simulated,0,0,0,0.0
control_4080,control,0,simulated,0,0,0,0.0
control_4081,control,1,simulated,0,0,0,0.0
control_4082,control,1,simulated,0,0,0,0.0
control_4083,control,0,simulated,0,0,0,0.0
control_4084,control,0,simulated,0,0,0,0.0
control_4085,control,0,simulated,0,0,0,0.0
control_4086,control,1,simulated,0,0,0,0.0
control_4087,control,0,simulated,0,0,0,0.0
control_4088,control,1,simulated,0,0,0,0.0
control_4089,control,0,simulated,0,0,0,0.0
control_4090,control,0,simulated,0,0,0,0.0
control_4091,control,1,simulated,0,0,0,0.0
control_4092,control,0,simulated,0,0,0,0.0
control_4093,control,0,simulated,0,0,0,0.0
control_4094,control,0,simulated,0,0,0,0.0
control_4095,control,1,simulated,0,0,0,0.0
control_4096,control,1,simulated,0,0,0,0.0
control_4097,control,0,simulated,0,0,0,0.0
control_4098,control,1,simulated,0,0,0,0.0
control_4099,control,1,simulated,0,0,1,0.0
control_4100,control,0,simulated,0,0,0,0.0
control_4101,control,0,simulated,0,0,0,0.0
control_4102,control,1,simulated,0,0,0,0.0
control_4103,control,1,simulated,0,0,0,0.0
control_4104,control,0,simulated,0,0,0,0.0
control_4105,control,0,simulated,0,0,0,0.0
control_4106,control,0,simulated,0,0,0,0.0
control_4107,control,0,simulated,0,0,0,0.0
control_4108,control,0,simulated,0,0,0,0.0
control_4109,control,0,simulated,0,0,0,0.0
control_4110,control,0,simulated,0,0,0,0.0
control_4111,control,1,simulated,0,0,0,0.0
control_4112,control,0,simulated,0,0,0,0.0
control_4113,control,0,simulated,0,0,0,0.0
control_4114,control,0,simulated,0,0,0,0.0
control_4115,control,0,simulated,0,0,0,0.0
control_4116,control,0,simulated,0,0,0,0.0
control_4117,control,0,simulated,0,0,0,0.0
control_4118,control,1,simulated,0,0,0,0.0
control_4119,control,0,simulated,0,0,0,0.0
control_4120,control,1,simulated,0,0,0,0.0
control_4121,control,0,simulated,0,0,0,0.0
control_4122,control,0,simulated,0,0,0,0.0
control_4123,control,0,simulated,0,0,0,0.0
control_4124,control,0,simulated,0,0,0,0.0
control_4125,control,0,simulated,0,0,0,0.0
control_4126,control,0,simulated,0,0,0,0.0
control_4127,control,0,simulated,0,0,0,0.0
control_4128,control,0,simulated,0,0,0,0.0
control_4129,control,0,simulated,0,0,0,0.0
control_4130,control,1,simulated,1,0,0,0.0
control_4131,control,0,simulated,0,0,0,0.0
control_4132,control,1,simulated,0,0,0,0.0
control_4133,control,0,simulated,0,0,0,0.0
control_4134,control,0,simulated,0,0,0,0.0
control_4135,control,0,simulated,0,0,0,0.0
control_4136,control,1,simulated,0,0,0,0.0
control_4137,control,1,simulated,0,0,0,0.0
control_4138,control,0,simulated,0,0,0,0.0
control_4139,control,0,simulated,0,0,0,0.0
control_4140,control,0,simulated,0,0,0,0.0
control_4141,control,0,simulated,0,0,0,0.0
control_4142,control,0,simulated,0,0,0,0.0
control_4143,control,0,simulated,0,0,0,0.0
control_4144,control,0,simulated,0,0,0,0.0
control_4145,control,0,simulated,0,0,0,0.0
control_4146,control,0,simulated,0,0,0,0.0
control_4147,control,0,simulated,0,0,0,0.0
control_4148,control,1,simulated,0,0,0,0.0
control_4149,control,0,simulated,0,0,0,0.0
control_4150,control,0,simulated,0,0,0,0.0
control_4151,control,0,simulated,0,0,0,0.0
control_4152,control,0,simulated,0,0,0,0.0
control_4153,control,0,simulated,0,0,0,0.0
control_4154,control,0,simulated,0,0,0,0.0
control_4155,control,0,simulated,0,0,0,0.0
control_4156,control,0,simulated,0,0,0,0.0
control_4157,control,0,simulated,0,0,0,0.0
control_4158,control,0,simulated,0,0,0,0.0
control_4159,control,1,simulated,0,0,0,0.0
control_4160,control,0,simulated,0,0,0,0.0
control_4161,control,1,simulated,0,0,0,0.0
control_4162,control,0,simulated,0,0,0,0.0
control_4163,control,0,simulated,0,0,0,0.0
control_4164,control,1,simulated,0,0,0,0.0
control_4165,control,0,simulated,0,0,0,0.0
control_4166,control,1,simulated,0,0,0,0.0
control_4167,control,0,simulated,0,0,0,0.0
control_4168,control,1,simulated,0,0,0,0.0
control_4169,control,0,simulated,0,0,0,0.0
control_4170,control,0,simulated,0,0,0,0.0
control_4171,control,0,simulated,0,0,0,0.0
control_4172,control,1,simulated,0,0,0,0.0
control_4173,control,1,simulated,0,0,0,0.0
control_4174,control,0,simulated,0,0,0,0.0
control_4175,control,0,simulated,0,0,0,0.0
control_4176,control,0,simulated,0,0,0,0.0
control_4177,control,0,simulated,0,0,0,0.0
control_4178,control,0,simulated,0,0,0,0.0
control_4179,control,0,simulated,0,0,0,0.0
control_4180,control,0,simulated,0,0,0,0.0
control_4181,control,0,simulated,0,0,0,0.0
control_4182,control,0,simulated,0,0,0,0.0
control_4183,control,0,simulated,0,0,0,0.0
control_4184,control,1,simulated,0,0,0,0.0
control_4185,control,0,simulated,0,0,0,0.0
control_4186,control,0,simulated,0,0,0,0.0
control_4187,control,0,simulated,0,0,0,0.0
control_4188,control,0,simulated,0,0,0,0.0
control_4189,control,0,simulated,0,0,0,0.0
control_4190,control,0,simulated,0,0,0,0.0
control_4191,control,0,simulated,0,0,0,0.0
control_4192,control,0,simulated,0,0,0,0.0
control_4193,control,0,simulated,0,0,0,0.0
control_4194,control,0,simulated,0,0,0,0.0
control_4195,control,1,simulated,0,0,0,0.0
control_4196,control,0,simulated,0,0,0,0.0
control_4197,control,1,simulated,0,0,0,0.0
control_4198,control,0,simulated,0,0,0,0.0
control_4199,control,0,simulated,0,0,0,0.0
control_4200,control,1,simulated,1,0,0,0.0
control_4201,control,0,simulated,0,0,0,0.0
control_4202,control,0,simulated,0,0,0,0.0
control_4203,control,1,simulated,0,0,0,0.0
control_4204,control,0,simulated,0,0,0,0.0
control_4205,control,0,simulated,0,0,0,0.0
control_4206,control,1,simulated,0,0,0,0.0
control_4207,control,0,simulated,0,0,0,0.0
control_4208,control,0,simulated,0,0,0,0.0
control_4209,control,1,simulated,0,0,0,0.0
control_4210,control,1,simulated,0,0,0,0.0
control_4211,control,0,simulated,0,0,0,0.0
control_4212,control,0,simulated,0,0,0,0.0
control_4213,control,0,simulated,0,0,0,0.0
control_4214,control,0,simulated,0,0,0,0.0
control_4215,control,0,simulated,0,0,0,0.0
control_4216,control,0,simulated,0,0,0,0.0
control_4217,control,1,simulated,1,0,0,0.0
control_4218,control,1,simulated,0,0,0,0.0
control_4219,control,0,simulated,0,0,0,0.0
control_4220,control,0,simulated,0,0,0,0.0
control_4221,control,0,simulated,0,0,0,0.0
control_4222,control,1,simulated,0,0,0,0.0
control_4223,control,0,simulated,0,0,0,0.0
control_4224,control,0,simulated,0,0,0,0.0
control_4225,control,0,simulated,0,0,0,0.0
control_4226,control,0,simulated,0,0,0,0.0
control_4227,control,0,simulated,0,0,0,0.0
control_4228,control,0,simulated,0,0,0,0.0
control_4229,control,0,simulated,0,0,0,0.0
control_4230,control,0,simulated,0,0,0,0.0
control_4231,control,0,simulated,0,0,0,0.0
control_4232,control,0,simulated,0,0,0,0.0
control_4233,control,0,simulated,0,0,0,0.0
control_4234,control,0,simulated,0,0,0,0.0
control_4235,control,0,simulated,0,0,0,0.0
control_4236,control,0,simulated,0,0,0,0.0
control_4237,control,1,simulated,0,0,0,0.0
control_4238,control,0,simulated,0,0,0,0.0
control_4239,control,0,simulated,0,0,0,0.0
control_4240,control,1,simulated,0,0,0,0.0
control_4241,control,0,simulated,0,0,0,0.0
control_4242,control,1,simulated,0,0,0,0.0
control_4243,control,1,simulated,0,0,0,0.0
control_4244,control,0,simulated,0,0,0,0.0
control_4245,control,1,simulated,0,0,0,0.0
control_4246,control,0,simulated,0,0,0,0.0
control_4247,control,0,simulated,0,0,0,0.0
control_4248,control,0,simulated,0,0,0,0.0
control_4249,control,0,simulated,0,0,0,0.0
control_4250,control,0,simulated,0,0,0,0.0
control_4251,control,1,simulated,0,0,0,0.0
control_4252,control,0,simulated,0,0,0,0.0
control_4253,control,0,simulated,0,0,0,0.0
control_4254,control,1,simulated,0,1,0,23.34
control_4255,control,1,simulated,0,0,0,0.0
control_4256,control,0,simulated,0,0,0,0.0
control_4257,control,0,simulated,0,0,0,0.0
control_4258,control,1,simulated,0,1,0,21.34
control_4259,control,1,simulated,0,0,0,0.0
control_4260,control,0,simulated,0,0,0,0.0
control_4261,control,0,simulated,0,0,0,0.0
control_4262,control,0,simulated,0,0,0,0.0
control_4263,control,1,simulated,0,0,0,0.0
control_4264,control,0,simulated,0,0,0,0.0
control_4265,control,0,simulated,0,0,0,0.0
control_4266,control,1,simulated,0,0,0,0.0
control_4267,control,1,simulated,0,0,0,0.0
control_4268,control,0,simulated,0,0,0,0.0
control_4269,control,0,simulated,0,0,0,0.0
control_4270,control,0,simulated,0,0,0,0.0
control_4271,control,0,simulated,0,0,0,0.0
control_4272,control,0,simulated,0,0,0,0.0
control_4273,control,1,simulated,0,0,0,0.0
control_4274,control,0,simulated,0,0,0,0.0
control_4275,control,0,simulated,0,0,0,0.0
control_4276,control,0,simulated,0,0,0,0.0
control_4277,control,1,simulated,1,0,0,0.0
control_4278,control,1,simulated,0,0,0,0.0
control_4279,control,1,simulated,0,0,0,0.0
control_4280,control,0,simulated,0,0,0,0.0
control_4281,control,0,simulated,0,0,0,0.0
control_4282,control,0,simulated,0,0,0,0.0
control_4283,control,0,simulated,0,0,0,0.0
control_4284,control,0,simulated,0,0,0,0.0
control_4285,control,0,simulated,0,0,0,0.0
control_4286,control,0,simulated,0,0,0,0.0
control_4287,control,0,simulated,0,0,0,0.0
control_4288,control,0,simulated,0,0,0,0.0
control_4289,control,0,simulated,0,0,0,0.0
control_4290,control,0,simulated,0,0,0,0.0
control_4291,control,1,simulated,0,0,0,0.0
control_4292,control,0,simulated,0,0,0,0.0
control_4293,control,1,simulated,0,0,0,0.0
control_4294,control,0,simulated,0,0,0,0.0
control_4295,control,1,simulated,0,0,0,0.0
control_4296,control,0,simulated,0,0,0,0.0
control_4297,control,0,simulated,0,0,0,0.0
control_4298,control,0,simulated,0,0,0,0.0
control_4299,control,0,simulated,0,0,0,0.0
control_4300,control,0,simulated,0,0,0,0.0
control_4301,control,0,simulated,0,0,0,0.0
control_4302,control,0,simulated,0,0,0,0.0
control_4303,control,1,simulated,0,0,0,0.0
control_4304,control,0,simulated,0,0,0,0.0
control_4305,control,0,simulated,0,0,0,0.0
control_4306,control,0,simulated,0,0,0,0.0
control_4307,control,0,simulated,0,0,0,0.0
control_4308,control,1,simulated,0,0,0,0.0
control_4309,control,0,simulated,0,0,0,0.0
control_4310,control,0,simulated,0,0,0,0.0
control_4311,control,0,simulated,0,0,0,0.0
control_4312,control,0,simulated,0,0,0,0.0
control_4313,control,0,simulated,0,0,0,0.0
control_4314,control,0,simulated,0,0,0,0.0
control_4315,control,0,simulated,0,0,0,0.0
control_4316,control,0,simulated,0,0,0,0.0
control_4317,control,0,simulated,0,0,0,0.0
control_4318,control,1,simulated,0,0,0,0.0
control_4319,control,0,simulated,0,0,0,0.0
control_4320,control,0,simulated,0,0,0,0.0
control_4321,control,0,simulated,0,0,0,0.0
control_4322,control,1,simulated,0,0,0,0.0
control_4323,control,0,simulated,0,0,0,0.0
control_4324,control,1,simulated,0,0,0,0.0
control_4325,control,0,simulated,0,0,0,0.0
control_4326,control,1,simulated,0,0,0,0.0
control_4327,control,0,simulated,0,0,0,0.0
control_4328,control,0,simulated,0,0,0,0.0
control_4329,control,0,simulated,0,0,0,0.0
control_4330,control,0,simulated,0,0,0,0.0
control_4331,control,0,simulated,0,0,0,0.0
control_4332,control,1,simulated,0,0,0,0.0
control_4333,control,0,simulated,0,0,0,0.0
control_4334,control,0,simulated,0,0,0,0.0
control_4335,control,0,simulated,0,0,0,0.0
control_4336,control,0,simulated,0,0,0,0.0
control_4337,control,0,simulated,0,0,0,0.0
control_4338,control,0,simulated,0,0,0,0.0
control_4339,control,0,simulated,0,0,0,0.0
control_4340,control,0,simulated,0,0,0,0.0
control_4341,control,0,simulated,0,0,0,0.0
control_4342,control,0,simulated,0,0,0,0.0
control_4343,control,0,simulated,0,0,0,0.0
control_4344,control,0,simulated,0,0,0,0.0
control_4345,control,0,simulated,0,0,0,0.0
control_4346,control,1,simulated,0,0,0,0.0
control_4347,control,0,simulated,0,0,0,0.0
control_4348,control,0,simulated,0,0,0,0.0
control_4349,control,0,simulated,0,0,0,0.0
control_4350,control,0,simulated,0,0,0,0.0
control_4351,control,0,simulated,0,0,0,0.0
control_4352,control,0,simulated,0,0,0,0.0
control_4353,control,0,simulated,0,0,0,0.0
control_4354,control,1,simulated,0,0,0,0.0
control_4355,control,1,simulated,0,0,0,0.0
control_4356,control,0,simulated,0,0,0,0.0
control_4357,control,1,simulated,0,0,0,0.0
control_4358,control,0,simulated,0,0,0,0.0
control_4359,control,0,simulated,0,0,0,0.0
control_4360,control,0,simulated,0,0,0,0.0
control_4361,control,0,simulated,0,0,0,0.0
control_4362,control,0,simulated,0,0,0,0.0
control_4363,control,0,simulated,0,0,0,0.0
control_4364,control,1,simulated,0,0,0,0.0
control_4365,control,0,simulated,0,0,0,0.0
control_4366,control,1,simulated,0,0,0,0.0
control_4367,control,1,simulated,0,0,0,0.0
control_4368,control,0,simulated,0,0,0,0.0
control_4369,control,0,simulated,0,0,0,0.0
control_4370,control,0,simulated,0,0,0,0.0
control_4371,control,0,simulated,0,0,0,0.0
control_4372,control,0,simulated,0,0,0,0.0
control_4373,control,0,simulated,0,0,0,0.0
control_4374,control,0,simulated,0,0,0,0.0
control_4375,control,0,simulated,0,0,0,0.0
control_4376,control,0,simulated,0,0,0,0.0
control_4377,control,0,simulated,0,0,0,0.0
control_4378,control,0,simulated,0,0,0,0.0
control_4379,control,0,simulated,0,0,0,0.0
control_4380,control,0,simulated,0,0,0,0.0
control_4381,control,0,simulated,0,0,0,0.0
control_4382,control,0,simulated,0,0,0,0.0
control_4383,control,1,simulated,0,0,0,0.0
control_4384,control,0,simulated,0,0,0,0.0
control_4385,control,1,simulated,0,0,0,0.0
control_4386,control,0,simulated,0,0,0,0.0
control_4387,control,0,simulated,0,0,0,0.0
control_4388,control,0,simulated,0,0,0,0.0
control_4389,control,0,simulated,0,0,0,0.0
control_4390,control,0,simulated,0,0,0,0.0
control_4391,control,0,simulated,0,0,0,0.0
control_4392,control,0,simulated,0,0,0,0.0
control_4393,control,0,simulated,0,0,0,0.0
control_4394,control,1,simulated,0,0,0,0.0
control_4395,control,0,simulated,0,0,0,0.0
control_4396,control,1,simulated,0,0,0,0.0
control_4397,control,0,simulated,0,0,0,0.0
control_4398,control,0,simulated,0,0,0,0.0
control_4399,control,1,simulated,0,0,0,0.0
control_4400,control,0,simulated,0,0,0,0.0
control_4401,control,1,simulated,0,0,0,0.0
control_4402,control,0,simulated,0,0,0,0.0
control_4403,control,0,simulated,0,0,0,0.0
control_4404,control,1,simulated,0,0,0,0.0
control_4405,control,0,simulated,0,0,0,0.0
control_4406,control,0,simulated,0,0,0,0.0
control_4407,control,0,simulated,0,0,0,0.0
control_4408,control,0,simulated,0,0,0,0.0
control_4409,control,0,simulated,0,0,0,0.0
control_4410,control,0,simulated,0,0,0,0.0
control_4411,control,1,simulated,0,0,0,0.0
control_4412,control,1,simulated,0,0,0,0.0
control_4413,control,1,simulated,0,0,0,0.0
control_4414,control,1,simulated,0,0,0,0.0
control_4415,control,1,simulated,0,0,0,0.0
control_4416,control,0,simulated,0,0,0,0.0
control_4417,control,0,simulated,0,0,0,0.0
control_4418,control,0,simulated,0,0,0,0.0
control_4419,control,0,simulated,0,0,0,0.0
control_4420,control,0,simulated,0,0,0,0.0
control_4421,control,1,simulated,1,0,0,0.0
control_4422,control,0,simulated,0,0,0,0.0
control_4423,control,0,simulated,0,0,0,0.0
control_4424,control,1,simulated,0,0,0,0.0
control_4425,control,0,simulated,0,0,0,0.0
control_4426,control,0,simulated,0,0,0,0.0
control_4427,control,1,simulated,0,0,0,0.0
control_4428,control,1,simulated,0,0,0,0.0
control_4429,control,1,simulated,0,0,0,0.0
control_4430,control,1,simulated,0,0,0,0.0
control_4431,control,0,simulated,0,0,0,0.0
control_4432,control,1,simulated,0,0,0,0.0
control_4433,control,0,simulated,0,0,0,0.0
control_4434,control,0,simulated,0,0,0,0.0
control_4435,control,0,simulated,0,0,0,0.0
control_4436,control,0,simulated,0,0,0,0.0
control_4437,control,0,simulated,0,0,0,0.0
control_4438,control,1,simulated,0,0,0,0.0
control_4439,control,0,simulated,0,0,0,0.0
control_4440,control,0,simulated,0,0,0,0.0
control_4441,control,0,simulated,0,0,0,0.0
control_4442,control,0,simulated,0,0,0,0.0
control_4443,control,0,simulated,0,0,0,0.0
control_4444,control,0,simulated,0,0,0,0.0
control_4445,control,0,simulated,0,0,0,0.0
control_4446,control,1,simulated,0,0,0,0.0
control_4447,control,1,simulated,0,0,0,0.0
control_4448,control,0,simulated,0,0,0,0.0
control_4449,control,1,simulated,0,0,0,0.0
control_4450,control,0,simulated,0,0,0,0.0
control_4451,control,0,simulated,0,0,0,0.0
control_4452,control,0,simulated,0,0,0,0.0
control_4453,control,0,simulated,0,0,0,0.0
control_4454,control,0,simulated,0,0,0,0.0
control_4455,control,0,simulated,0,0,0,0.0
control_4456,control,0,simulated,0,0,0,0.0
control_4457,control,0,simulated,0,0,0,0.0
control_4458,control,0,simulated,0,0,0,0.0
control_4459,control,0,simulated,0,0,0,0.0
control_4460,control,1,simulated,0,1,0,26.14
control_4461,control,1,simulated,0,0,0,0.0
control_4462,control,0,simulated,0,0,0,0.0
control_4463,control,0,simulated,0,0,0,0.0
control_4464,control,0,simulated,0,0,0,0.0
control_4465,control,0,simulated,0,0,0,0.0
control_4466,control,0,simulated,0,0,0,0.0
control_4467,control,1,simulated,0,0,0,0.0
control_4468,control,0,simulated,0,0,0,0.0
control_4469,control,0,simulated,0,0,0,0.0
control_4470,control,0,simulated,0,0,1,0.0
control_4471,control,1,simulated,0,0,0,0.0
control_4472,control,1,simulated,0,0,0,0.0
control_4473,control,0,simulated,0,0,0,0.0
control_4474,control,1,simulated,0,0,0,0.0
control_4475,control,1,simulated,0,0,0,0.0
control_4476,control,0,simulated,0,0,0,0.0
control_4477,control,1,simulated,0,0,0,0.0
control_4478,control,1,simulated,0,0,0,0.0
control_4479,control,1,simulated,0,0,0,0.0
control_4480,control,0,simulated,0,0,0,0.0
control_4481,control,0,simulated,0,0,0,0.0
control_4482,control,0,simulated,0,0,0,0.0
control_4483,control,0,simulated,0,0,0,0.0
control_4484,control,0,simulated,0,0,0,0.0
control_4485,control,0,simulated,0,0,0,0.0
control_4486,control,0,simulated,0,0,0,0.0
control_4487,control,0,simulated,0,0,0,0.0
control_4488,control,0,simulated,0,0,0,0.0
control_4489,control,0,simulated,0,0,0,0.0
control_4490,control,1,simulated,0,0,0,0.0
control_4491,control,0,simulated,0,0,0,0.0
control_4492,control,0,simulated,0,0,0,0.0
control_4493,control,0,simulated,0,0,0,0.0
control_4494,control,0,simulated,0,0,0,0.0
control_4495,control,0,simulated,0,0,0,0.0
control_4496,control,0,simulated,0,0,0,0.0
control_4497,control,1,simulated,0,0,0,0.0
control_4498,control,0,simulated,0,0,0,0.0
control_4499,control,0,simulated,0,0,0,0.0
control_4500,control,1,simulated,0,0,0,0.0
control_4501,control,0,simulated,0,0,0,0.0
control_4502,control,0,simulated,0,0,0,0.0
control_4503,control,1,simulated,0,0,1,0.0
control_4504,control,0,simulated,0,0,0,0.0
control_4505,control,0,simulated,0,0,0,0.0
control_4506,control,0,simulated,0,0,0,0.0
control_4507,control,0,simulated,0,0,0,0.0
control_4508,control,1,simulated,0,0,0,0.0
control_4509,control,0,simulated,0,0,0,0.0
control_4510,control,0,simulated,0,0,0,0.0
control_4511,control,0,simulated,0,0,0,0.0
control_4512,control,0,simulated,0,0,0,0.0
control_4513,control,0,simulated,0,0,0,0.0
control_4514,control,0,simulated,0,0,0,0.0
control_4515,control,0,simulated,0,0,0,0.0
control_4516,control,0,simulated,0,0,0,0.0
control_4517,control,1,simulated,0,0,0,0.0
control_4518,control,1,simulated,1,0,0,0.0
control_4519,control,0,simulated,0,0,0,0.0
control_4520,control,0,simulated,0,0,0,0.0
control_4521,control,0,simulated,0,0,0,0.0
control_4522,control,1,simulated,0,0,0,0.0
control_4523,control,0,simulated,0,0,0,0.0
control_4524,control,1,simulated,0,0,0,0.0
control_4525,control,1,simulated,0,0,0,0.0
control_4526,control,0,simulated,0,0,0,0.0
control_4527,control,0,simulated,0,0,0,0.0
control_4528,control,0,simulated,0,0,0,0.0
control_4529,control,1,simulated,0,0,0,0.0
control_4530,control,0,simulated,0,0,0,0.0
control_4531,control,0,simulated,0,0,0,0.0
control_4532,control,0,simulated,0,0,0,0.0
control_4533,control,0,simulated,0,0,0,0.0
control_4534,control,0,simulated,0,0,0,0.0
control_4535,control,1,simulated,0,0,0,0.0
control_4536,control,0,simulated,0,0,0,0.0
control_4537,control,1,simulated,0,0,0,0.0
control_4538,control,0,simulated,0,0,0,0.0
control_4539,control,1,simulated,0,0,0,0.0
control_4540,control,0,simulated,0,0,0,0.0
control_4541,control,0,simulated,0,0,0,0.0
control_4542,control,1,simulated,0,0,0,0.0
control_4543,control,0,simulated,0,0,0,0.0
control_4544,control,0,simulated,0,0,0,0.0
control_4545,control,0,simulated,0,0,0,0.0
control_4546,control,1,simulated,1,0,0,0.0
control_4547,control,0,simulated,0,0,0,0.0
control_4548,control,1,simulated,0,0,0,0.0
control_4549,control,0,simulated,0,0,0,0.0
control_4550,control,1,simulated,0,0,0,0.0
control_4551,control,1,simulated,0,0,0,0.0
control_4552,control,0,simulated,0,0,0,0.0
control_4553,control,1,simulated,0,0,0,0.0
control_4554,control,1,simulated,0,0,0,0.0
control_4555,control,0,simulated,0,0,0,0.0
control_4556,control,0,simulated,0,0,0,0.0
control_4557,control,0,simulated,0,0,0,0.0
control_4558,control,0,simulated,0,0,0,0.0
control_4559,control,0,simulated,0,0,0,0.0
control_4560,control,0,simulated,0,0,0,0.0
control_4561,control,0,simulated,0,0,0,0.0
control_4562,control,0,simulated,0,0,0,0.0
control_4563,control,1,simulated,0,0,0,0.0
control_4564,control,0,simulated,0,0,0,0.0
control_4565,control,0,simulated,0,0,0,0.0
control_4566,control,1,simulated,0,0,0,0.0
control_4567,control,0,simulated,0,0,0,0.0
control_4568,control,0,simulated,0,0,0,0.0
control_4569,control,0,simulated,0,0,0,0.0
control_4570,control,0,simulated,0,0,0,0.0
control_4571,control,1,simulated,1,0,0,0.0
control_4572,control,0,simulated,0,0,0,0.0
control_4573,control,1,simulated,0,0,1,0.0
control_4574,control,0,simulated,0,0,0,0.0
control_4575,control,0,simulated,0,0,0,0.0
control_4576,control,0,simulated,0,0,0,0.0
control_4577,control,0,simulated,0,0,0,0.0
control_4578,control,1,simulated,0,0,0,0.0
control_4579,control,0,simulated,0,0,0,0.0
control_4580,control,0,simulated,0,0,0,0.0
control_4581,control,0,simulated,0,0,0,0.0
control_4582,control,1,simulated,0,0,0,0.0
control_4583,control,0,simulated,0,0,0,0.0
control_4584,control,0,simulated,0,0,0,0.0
control_4585,control,0,simulated,0,0,0,0.0
control_4586,control,0,simulated,0,0,0,0.0
control_4587,control,0,simulated,0,0,0,0.0
control_4588,control,0,simulated,0,0,0,0.0
control_4589,control,0,simulated,0,0,0,0.0
control_4590,control,1,simulated,0,0,0,0.0
control_4591,control,1,simulated,0,0,0,0.0
control_4592,control,0,simulated,0,0,0,0.0
control_4593,control,0,simulated,0,0,0,0.0
control_4594,control,1,simulated,0,0,0,0.0
control_4595,control,0,simulated,0,0,0,0.0
control_4596,control,0,simulated,0,0,0,0.0
control_4597,control,0,simulated,0,0,0,0.0
control_4598,control,1,simulated,0,0,0,0.0
control_4599,control,0,simulated,0,0,0,0.0
control_4600,control,0,simulated,0,0,0,0.0
control_4601,control,1,simulated,0,0,0,0.0
control_4602,control,0,simulated,0,0,0,0.0
control_4603,control,0,simulated,0,0,0,0.0
control_4604,control,1,simulated,0,0,0,0.0
control_4605,control,0,simulated,0,0,0,0.0
control_4606,control,0,simulated,0,0,0,0.0
control_4607,control,0,simulated,0,0,0,0.0
control_4608,control,1,simulated,0,0,0,0.0
control_4609,control,1,simulated,0,0,0,0.0
control_4610,control,0,simulated,0,0,0,0.0
control_4611,control,0,simulated,0,0,0,0.0
control_4612,control,0,simulated,0,0,0,0.0
control_4613,control,1,simulated,0,0,0,0.0
control_4614,control,0,simulated,0,0,0,0.0
control_4615,control,0,simulated,0,0,0,0.0
control_4616,control,0,simulated,0,0,0,0.0
control_4617,control,0,simulated,0,0,0,0.0
control_4618,control,0,simulated,0,0,0,0.0
control_4619,control,0,simulated,0,0,0,0.0
control_4620,control,0,simulated,0,0,0,0.0
control_4621,control,0,simulated,0,0,0,0.0
control_4622,control,1,simulated,0,0,0,0.0
control_4623,control,0,simulated,0,0,0,0.0
control_4624,control,0,simulated,0,0,0,0.0
control_4625,control,0,simulated,0,0,0,0.0
control_4626,control,0,simulated,0,0,0,0.0
control_4627,control,0,simulated,0,0,0,0.0
control_4628,control,0,simulated,0,0,0,0.0
control_4629,control,1,simulated,0,0,0,0.0
control_4630,control,0,simulated,0,0,0,0.0
control_4631,control,0,simulated,0,0,0,0.0
control_4632,control,1,simulated,0,0,0,0.0
control_4633,control,0,simulated,0,0,0,0.0
control_4634,control,0,simulated,0,0,0,0.0
control_4635,control,0,simulated,0,0,0,0.0
control_4636,control,1,simulated,0,0,0,0.0
control_4637,control,0,simulated,0,0,0,0.0
control_4638,control,0,simulated,0,0,0,0.0
control_4639,control,0,simulated,0,0,0,0.0
control_4640,control,0,simulated,0,0,0,0.0
control_4641,control,0,simulated,0,0,0,0.0
control_4642,control,0,simulated,0,0,0,0.0
control_4643,control,0,simulated,0,0,0,0.0
control_4644,control,0,simulated,0,0,0,0.0
control_4645,control,0,simulated,0,0,0,0.0
control_4646,control,0,simulated,0,0,0,0.0
control_4647,control,0,simulated,0,0,0,0.0
control_4648,control,0,simulated,0,0,0,0.0
control_4649,control,0,simulated,0,0,0,0.0
control_4650,control,1,simulated,0,0,0,0.0
control_4651,control,1,simulated,0,0,0,0.0
control_4652,control,0,simulated,0,0,0,0.0
control_4653,control,1,simulated,0,0,0,0.0
control_4654,control,1,simulated,0,0,0,0.0
control_4655,control,1,simulated,0,0,0,0.0
control_4656,control,0,simulated,0,0,0,0.0
control_4657,control,0,simulated,0,0,0,0.0
control_4658,control,0,simulated,0,0,0,0.0
control_4659,control,0,simulated,0,0,0,0.0
control_4660,control,0,simulated,0,0,0,0.0
control_4661,control,0,simulated,0,0,0,0.0
control_4662,control,1,simulated,0,0,0,0.0
control_4663,control,0,simulated,0,0,0,0.0
control_4664,control,0,simulated,0,0,0,0.0
control_4665,control,0,simulated,0,0,0,0.0
control_4666,control,0,simulated,0,0,0,0.0
control_4667,control,0,simulated,0,0,0,0.0
control_4668,control,0,simulated,0,0,0,0.0
control_4669,control,0,simulated,0,0,0,0.0
control_4670,control,0,simulated,0,0,0,0.0
control_4671,control,0,simulated,0,0,0,0.0
control_4672,control,0,simulated,0,0,0,0.0
control_4673,control,0,simulated,0,0,0,0.0
control_4674,control,0,simulated,0,0,0,0.0
control_4675,control,0,simulated,0,0,1,0.0
control_4676,control,0,simulated,0,0,0,0.0
control_4677,control,0,simulated,0,0,0,0.0
control_4678,control,1,simulated,0,0,0,0.0
control_4679,control,0,simulated,0,0,0,0.0
control_4680,control,0,simulated,0,0,0,0.0
control_4681,control,0,simulated,0,0,0,0.0
control_4682,control,0,simulated,0,0,0,0.0
control_4683,control,1,simulated,0,0,0,0.0
control_4684,control,0,simulated,0,0,0,0.0
control_4685,control,1,simulated,0,0,0,0.0
control_4686,control,0,simulated,0,0,0,0.0
control_4687,control,0,simulated,0,0,0,0.0
control_4688,control,0,simulated,0,0,0,0.0
control_4689,control,0,simulated,0,0,0,0.0
control_4690,control,0,simulated,0,0,0,0.0
control_4691,control,0,simulated,0,0,0,0.0
control_4692,control,1,simulated,0,0,0,0.0
control_4693,control,0,simulated,0,0,0,0.0
control_4694,control,0,simulated,0,0,0,0.0
control_4695,control,0,simulated,0,0,0,0.0
control_4696,control,1,simulated,1,0,0,0.0
control_4697,control,0,simulated,0,0,0,0.0
control_4698,control,0,simulated,0,0,0,0.0
control_4699,control,1,simulated,0,0,0,0.0
control_4700,control,0,simulated,0,0,0,0.0
control_4701,control,0,simulated,0,0,0,0.0
control_4702,control,0,simulated,0,0,0,0.0
control_4703,control,0,simulated,0,0,0,0.0
control_4704,control,1,simulated,0,0,0,0.0
control_4705,control,0,simulated,0,0,0,0.0
control_4706,control,0,simulated,0,0,0,0.0
control_4707,control,0,simulated,0,0,0,0.0
control_4708,control,0,simulated,0,0,0,0.0
control_4709,control,0,simulated,0,0,1,0.0
control_4710,control,1,simulated,1,0,0,0.0
control_4711,control,0,simulated,0,0,0,0.0
control_4712,control,0,simulated,0,0,0,0.0
control_4713,control,0,simulated,0,0,0,0.0
control_4714,control,1,simulated,0,0,0,0.0
control_4715,control,0,simulated,0,0,0,0.0
control_4716,control,1,simulated,0,0,0,0.0
control_4717,control,0,simulated,0,0,0,0.0
control_4718,control,1,simulated,0,0,1,0.0
control_4719,control,0,simulated,0,0,0,0.0
control_4720,control,0,simulated,0,0,0,0.0
control_4721,control,0,simulated,0,0,0,0.0
control_4722,control,0,simulated,0,0,0,0.0
control_4723,control,0,simulated,0,0,0,0.0
control_4724,control,0,simulated,0,0,0,0.0
control_4725,control,0,simulated,0,0,0,0.0
control_4726,control,0,simulated,0,0,0,0.0
control_4727,control,0,simulated,0,0,0,0.0
control_4728,control,0,simulated,0,0,0,0.0
control_4729,control,0,simulated,0,0,0,0.0
control_4730,control,0,simulated,0,0,0,0.0
control_4731,control,0,simulated,0,0,0,0.0
control_4732,control,0,simulated,0,0,0,0.0
control_4733,control,0,simulated,0,0,0,0.0
control_4734,control,0,simulated,0,0,0,0.0
control_4735,control,0,simulated,0,0,0,0.0
control_4736,control,0,simulated,0,0,0,0.0
control_4737,control,0,simulated,0,0,0,0.0
control_4738,control,0,simulated,0,0,0,0.0
control_4739,control,0,simulated,0,0,0,0.0
control_4740,control,0,simulated,0,0,0,0.0
control_4741,control,1,simulated,1,0,0,0.0
control_4742,control,0,simulated,0,0,0,0.0
control_4743,control,0,simulated,0,0,0,0.0
control_4744,control,1,simulated,0,0,0,0.0
control_4745,control,0,simulated,0,0,0,0.0
control_4746,control,0,simulated,0,0,0,0.0
control_4747,control,0,simulated,0,0,0,0.0
control_4748,control,0,simulated,0,0,0,0.0
control_4749,control,1,simulated,0,0,0,0.0
control_4750,control,1,simulated,0,0,0,0.0
control_4751,control,0,simulated,0,0,0,0.0
control_4752,control,0,simulated,0,0,0,0.0
control_4753,control,1,simulated,0,0,0,0.0
control_4754,control,0,simulated,0,0,0,0.0
control_4755,control,0,simulated,0,0,0,0.0
control_4756,control,0,simulated,0,0,0,0.0
control_4757,control,0,simulated,0,0,0,0.0
control_4758,control,0,simulated,0,0,0,0.0
control_4759,control,0,simulated,0,0,0,0.0
control_4760,control,0,simulated,0,0,0,0.0
control_4761,control,0,simulated,0,0,0,0.0
control_4762,control,0,simulated,0,0,0,0.0
control_4763,control,1,simulated,1,0,0,0.0
control_4764,control,1,simulated,0,0,0,0.0
control_4765,control,0,simulated,0,0,0,0.0
control_4766,control,0,simulated,0,0,0,0.0
control_4767,control,0,simulated,0,0,0,0.0
control_4768,control,0,simulated,0,0,0,0.0
control_4769,control,0,simulated,0,0,0,0.0
control_4770,control,0,simulated,0,0,0,0.0
control_4771,control,0,simulated,0,0,0,0.0
control_4772,control,1,simulated,0,0,0,0.0
control_4773,control,0,simulated,0,0,0,0.0
control_4774,control,1,simulated,0,0,0,0.0
control_4775,control,0,simulated,0,0,0,0.0
control_4776,control,0,simulated,0,0,0,0.0
control_4777,control,1,simulated,0,0,0,0.0
control_4778,control,1,simulated,0,0,0,0.0
control_4779,control,0,simulated,0,0,0,0.0
control_4780,control,1,simulated,0,0,0,0.0
control_4781,control,0,simulated,0,0,0,0.0
control_4782,control,0,simulated,0,0,0,0.0
control_4783,control,0,simulated,0,0,0,0.0
control_4784,control,0,simulated,0,0,0,0.0
control_4785,control,0,simulated,0,0,0,0.0
control_4786,control,0,simulated,0,0,0,0.0
control_4787,control,1,simulated,0,0,0,0.0
control_4788,control,0,simulated,0,0,0,0.0
control_4789,control,1,simulated,0,0,0,0.0
control_4790,control,0,simulated,0,0,0,0.0
control_4791,control,0,simulated,0,0,0,0.0
control_4792,control,1,simulated,0,0,0,0.0
control_4793,control,0,simulated,0,0,0,0.0
control_4794,control,0,simulated,0,0,0,0.0
control_4795,control,1,simulated,0,1,0,21.57
control_4796,control,0,simulated,0,0,0,0.0
control_4797,control,1,simulated,0,0,0,0.0
control_4798,control,0,simulated,0,0,0,0.0
control_4799,control,0,simulated,0,0,0,0.0
control_4800,control,0,simulated,0,0,0,0.0
control_4801,control,0,simulated,0,0,0,0.0
control_4802,control,0,simulated,0,0,0,0.0
control_4803,control,0,simulated,0,0,0,0.0
control_4804,control,0,simulated,0,0,0,0.0
control_4805,control,0,simulated,0,0,0,0.0
control_4806,control,0,simulated,0,0,0,0.0
control_4807,control,1,simulated,0,0,0,0.0
control_4808,control,0,simulated,0,0,0,0.0
control_4809,control,0,simulated,0,0,1,0.0
control_4810,control,1,simulated,0,0,0,0.0
control_4811,control,0,simulated,0,0,0,0.0
control_4812,control,0,simulated,0,0,0,0.0
control_4813,control,0,simulated,0,0,0,0.0
control_4814,control,1,simulated,1,0,0,0.0
control_4815,control,0,simulated,0,0,0,0.0
control_4816,control,0,simulated,0,0,0,0.0
control_4817,control,0,simulated,0,0,0,0.0
control_4818,control,0,simulated,0,0,0,0.0
control_4819,control,0,simulated,0,0,0,0.0
control_4820,control,0,simulated,0,0,0,0.0
control_4821,control,0,simulated,0,0,0,0.0
control_4822,control,1,simulated,1,0,0,0.0
control_4823,control,0,simulated,0,0,0,0.0
control_4824,control,0,simulated,0,0,0,0.0
control_4825,control,0,simulated,0,0,0,0.0
control_4826,control,1,simulated,1,0,0,0.0
control_4827,control,0,simulated,0,0,0,0.0
control_4828,control,1,simulated,0,0,0,0.0
control_4829,control,0,simulated,0,0,0,0.0
control_4830,control,1,simulated,0,0,0,0.0
control_4831,control,0,simulated,0,0,0,0.0
control_4832,control,0,simulated,0,0,0,0.0
control_4833,control,0,simulated,0,0,0,0.0
control_4834,control,0,simulated,0,0,0,0.0
control_4835,control,0,simulated,0,0,0,0.0
control_4836,control,0,simulated,0,0,0,0.0
control_4837,control,0,simulated,0,0,0,0.0
control_4838,control,1,simulated,0,0,0,0.0
control_4839,control,0,simulated,0,0,0,0.0
control_4840,control,0,simulated,0,0,0,0.0
control_4841,control,1,simulated,0,0,0,0.0
control_4842,control,1,simulated,0,0,0,0.0
control_4843,control,0,simulated,0,0,0,0.0
control_4844,control,0,simulated,0,0,0,0.0
control_4845,control,0,simulated,0,0,0,0.0
control_4846,control,1,simulated,0,0,0,0.0
control_4847,control,1,simulated,0,0,0,0.0
control_4848,control,1,simulated,0,0,0,0.0
control_4849,control,0,simulated,0,0,0,0.0
control_4850,control,1,simulated,0,0,0,0.0
control_4851,control,0,simulated,0,0,0,0.0
control_4852,control,0,simulated,0,0,0,0.0
control_4853,control,1,simulated,0,0,0,0.0
control_4854,control,1,simulated,0,0,0,0.0
control_4855,control,0,simulated,0,0,0,0.0
control_4856,control,0,simulated,0,0,0,0.0
control_4857,control,0,simulated,0,0,0,0.0
control_4858,control,0,simulated,0,0,0,0.0
control_4859,control,0,simulated,0,0,0,0.0
control_4860,control,0,simulated,0,0,0,0.0
control_4861,control,0,simulated,0,0,0,0.0
control_4862,control,0,simulated,0,0,0,0.0
control_4863,control,0,simulated,0,0,0,0.0
control_4864,control,0,simulated,0,0,0,0.0
control_4865,control,0,simulated,0,0,0,0.0
control_4866,control,0,simulated,0,0,0,0.0
control_4867,control,0,simulated,0,0,0,0.0
control_4868,control,1,simulated,0,0,0,0.0
control_4869,control,0,simulated,0,0,0,0.0
control_4870,control,0,simulated,0,0,0,0.0
control_4871,control,0,simulated,0,0,0,0.0
control_4872,control,1,simulated,0,0,0,0.0
control_4873,control,0,simulated,0,0,0,0.0
control_4874,control,0,simulated,0,0,0,0.0
control_4875,control,0,simulated,0,0,0,0.0
control_4876,control,0,simulated,0,0,0,0.0
control_4877,control,0,simulated,0,0,0,0.0
control_4878,control,1,simulated,0,0,0,0.0
control_4879,control,0,simulated,0,0,0,0.0
control_4880,control,1,simulated,0,0,0,0.0
control_4881,control,0,simulated,0,0,0,0.0
control_4882,control,1,simulated,0,0,0,0.0
control_4883,control,0,simulated,0,0,0,0.0
control_4884,control,0,simulated,0,0,0,0.0
control_4885,control,0,simulated,0,0,0,0.0
control_4886,control,0,simulated,0,0,0,0.0
control_4887,control,1,simulated,0,0,0,0.0
control_4888,control,0,simulated,0,0,0,0.0
control_4889,control,1,simulated,0,0,0,0.0
control_4890,control,0,simulated,0,0,0,0.0
control_4891,control,0,simulated,0,0,0,0.0
control_4892,control,0,simulated,0,0,0,0.0
control_4893,control,0,simulated,0,0,0,0.0
control_4894,control,0,simulated,0,0,0,0.0
control_4895,control,0,simulated,0,0,0,0.0
control_4896,control,1,simulated,0,0,0,0.0
control_4897,control,0,simulated,0,0,0,0.0
control_4898,control,0,simulated,0,0,0,0.0
control_4899,control,1,simulated,0,0,0,0.0
control_4900,control,1,simulated,0,0,0,0.0
control_4901,control,0,simulated,0,0,0,0.0
control_4902,control,0,simulated,0,0,0,0.0
control_4903,control,1,simulated,0,0,0,0.0
control_4904,control,0,simulated,0,0,0,0.0
control_4905,control,0,simulated,0,0,0,0.0
control_4906,control,0,simulated,0,0,0,0.0
control_4907,control,0,simulated,0,0,0,0.0
control_4908,control,0,simulated,0,0,0,0.0
control_4909,control,0,simulated,0,0,0,0.0
control_4910,control,0,simulated,0,0,0,0.0
control_4911,control,0,simulated,0,0,0,0.0
control_4912,control,0,simulated,0,0,0,0.0
control_4913,control,0,simulated,0,0,0,0.0
control_4914,control,0,simulated,0,0,0,0.0
control_4915,control,1,simulated,0,0,0,0.0
control_4916,control,0,simulated,0,0,0,0.0
control_4917,control,0,simulated,0,0,0,0.0
control_4918,control,0,simulated,0,0,0,0.0
control_4919,control,0,simulated,0,0,0,0.0
control_4920,control,0,simulated,0,0,0,0.0
control_4921,control,1,simulated,0,0,0,0.0
control_4922,control,0,simulated,0,0,0,0.0
control_4923,control,0,simulated,0,0,0,0.0
control_4924,control,0,simulated,0,0,0,0.0
control_4925,control,0,simulated,0,0,0,0.0
control_4926,control,0,simulated,0,0,0,0.0
control_4927,control,1,simulated,0,0,0,0.0
control_4928,control,0,simulated,0,0,0,0.0
control_4929,control,1,simulated,0,0,0,0.0
control_4930,control,0,simulated,0,0,0,0.0
control_4931,control,0,simulated,0,0,0,0.0
control_4932,control,0,simulated,0,0,0,0.0
control_4933,control,1,simulated,0,0,0,0.0
control_4934,control,0,simulated,0,0,0,0.0
control_4935,control,0,simulated,0,0,0,0.0
control_4936,control,0,simulated,0,0,0,0.0
control_4937,control,1,simulated,0,0,0,0.0
control_4938,control,0,simulated,0,0,0,0.0
control_4939,control,0,simulated,0,0,0,0.0
control_4940,control,0,simulated,0,0,0,0.0
control_4941,control,0,simulated,0,0,0,0.0
control_4942,control,0,simulated,0,0,0,0.0
control_4943,control,0,simulated,0,0,0,0.0
control_4944,control,1,simulated,0,0,0,0.0
control_4945,control,1,simulated,0,0,0,0.0
control_4946,control,0,simulated,0,0,0,0.0
control_4947,control,1,simulated,0,0,0,0.0
control_4948,control,0,simulated,0,0,0,0.0
control_4949,control,0,simulated,0,0,0,0.0
control_4950,control,1,simulated,0,0,0,0.0
control_4951,control,1,simulated,0,0,0,0.0
control_4952,control,0,simulated,0,0,0,0.0
control_4953,control,0,simulated,0,0,0,0.0
control_4954,control,0,simulated,0,0,0,0.0
control_4955,control,0,simulated,0,0,0,0.0
control_4956,control,1,simulated,1,0,0,0.0
control_4957,control,0,simulated,0,0,0,0.0
control_4958,control,0,simulated,0,0,0,0.0
control_4959,control,0,simulated,0,0,0,0.0
control_4960,control,0,simulated,0,0,0,0.0
control_4961,control,1,simulated,0,0,0,0.0
control_4962,control,1,simulated,0,0,0,0.0
control_4963,control,0,simulated,0,0,0,0.0
control_4964,control,1,simulated,0,0,0,0.0
control_4965,control,0,simulated,0,0,0,0.0
control_4966,control,0,simulated,0,0,0,0.0
control_4967,control,0,simulated,0,0,0,0.0
control_4968,control,0,simulated,0,0,0,0.0
control_4969,control,0,simulated,0,0,0,0.0
control_4970,control,0,simulated,0,0,0,0.0
control_4971,control,0,simulated,0,0,0,0.0
control_4972,control,0,simulated,0,0,0,0.0
control_4973,control,0,simulated,0,0,0,0.0
control_4974,control,1,simulated,0,0,0,0.0
control_4975,control,1,simulated,0,0,0,0.0
control_4976,control,0,simulated,0,0,0,0.0
control_4977,control,1,simulated,0,0,0,0.0
control_4978,control,1,simulated,0,0,0,0.0
control_4979,control,0,simulated,0,0,0,0.0
control_4980,control,1,simulated,0,0,0,0.0
control_4981,control,1,simulated,0,0,0,0.0
control_4982,control,0,simulated,0,0,0,0.0
control_4983,control,0,simulated,0,0,0,0.0
control_4984,control,1,simulated,0,0,0,0.0
control_4985,control,0,simulated,0,0,0,0.0
control_4986,control,0,simulated,0,0,0,0.0
control_4987,control,0,simulated,0,0,0,0.0
control_4988,control,0,simulated,0,0,0,0.0
control_4989,control,0,simulated,0,0,0,0.0
control_4990,control,0,simulated,0,0,0,0.0
control_4991,control,0,simulated,0,0,0,0.0
control_4992,control,0,simulated,0,0,0,0.0
control_4993,control,0,simulated,0,0,0,0.0
control_4994,control,0,simulated,0,0,0,0.0
control_4995,control,0,simulated,0,0,0,0.0
control_4996,control,0,simulated,0,0,0,0.0
control_4997,control,1,simulated,0,0,0,0.0
control_4998,control,0,simulated,0,0,0,0.0
control_4999,control,1,simulated,1,0,0,0.0
control_5000,control,1,simulated,0,0,0,0.0
control_5001,control,0,simulated,0,0,0,0.0
control_5002,control,0,simulated,0,0,0,0.0
control_5003,control,0,simulated,0,0,0,0.0
control_5004,control,0,simulated,0,0,0,0.0
control_5005,control,1,simulated,0,0,0,0.0
control_5006,control,0,simulated,0,0,0,0.0
control_5007,control,0,simulated,0,0,0,0.0
control_5008,control,0,simulated,0,0,0,0.0
control_5009,control,0,simulated,0,0,0,0.0
control_5010,control,1,simulated,1,0,0,0.0
control_5011,control,0,simulated,0,0,0,0.0
control_5012,control,1,simulated,0,0,0,0.0
control_5013,control,0,simulated,0,0,0,0.0
control_5014,control,0,simulated,0,0,0,0.0
control_5015,control,0,simulated,0,0,0,0.0
control_5016,control,0,simulated,0,0,0,0.0
control_5017,control,0,simulated,0,0,0,0.0
control_5018,control,0,simulated,0,0,0,0.0
control_5019,control,0,simulated,0,0,0,0.0
control_5020,control,0,simulated,0,0,0,0.0
control_5021,control,0,simulated,0,0,0,0.0
control_5022,control,0,simulated,0,0,0,0.0
control_5023,control,0,simulated,0,0,0,0.0
control_5024,control,0,simulated,0,0,0,0.0
control_5025,control,0,simulated,0,0,0,0.0
control_5026,control,0,simulated,0,0,0,0.0
control_5027,control,1,simulated,0,0,0,0.0
control_5028,control,0,simulated,0,0,0,0.0
control_5029,control,0,simulated,0,0,0,0.0
control_5030,control,0,simulated,0,0,0,0.0
control_5031,control,1,simulated,0,0,0,0.0
control_5032,control,0,simulated,0,0,0,0.0
control_5033,control,0,simulated,0,0,0,0.0
control_5034,control,0,simulated,0,0,0,0.0
control_5035,control,0,simulated,0,0,0,0.0
control_5036,control,0,simulated,0,0,0,0.0
control_5037,control,1,simulated,0,0,0,0.0
control_5038,control,0,simulated,0,0,0,0.0
control_5039,control,1,simulated,1,0,0,0.0
control_5040,control,0,simulated,0,0,0,0.0
control_5041,control,1,simulated,0,0,0,0.0
control_5042,control,1,simulated,0,0,0,0.0
control_5043,control,0,simulated,0,0,0,0.0
control_5044,control,0,simulated,0,0,0,0.0
control_5045,control,1,simulated,1,0,0,0.0
control_5046,control,0,simulated,0,0,0,0.0
control_5047,control,0,simulated,0,0,0,0.0
control_5048,control,1,simulated,0,0,0,0.0
control_5049,control,0,simulated,0,0,0,0.0
control_5050,control,1,simulated,0,0,0,0.0
control_5051,control,0,simulated,0,0,0,0.0
control_5052,control,1,simulated,0,0,0,0.0
control_5053,control,0,simulated,0,0,0,0.0
control_5054,control,0,simulated,0,0,0,0.0
control_5055,control,0,simulated,0,0,0,0.0
control_5056,control,0,simulated,0,0,0,0.0
control_5057,control,1,simulated,0,0,0,0.0
control_5058,control,0,simulated,0,0,0,0.0
control_5059,control,0,simulated,0,0,0,0.0
control_5060,control,1,simulated,0,0,0,0.0
control_5061,control,0,simulated,0,0,0,0.0
control_5062,control,0,simulated,0,0,0,0.0
control_5063,control,0,simulated,0,0,0,0.0
control_5064,control,0,simulated,0,0,0,0.0
control_5065,control,0,simulated,0,0,0,0.0
control_5066,control,1,simulated,0,0,0,0.0
control_5067,control,1,simulated,0,0,0,0.0
control_5068,control,0,simulated,0,0,0,0.0
control_5069,control,1,simulated,0,0,0,0.0
control_5070,control,0,simulated,0,0,0,0.0
control_5071,control,0,simulated,0,0,0,0.0
control_5072,control,0,simulated,0,0,0,0.0
control_5073,control,0,simulated,0,0,0,0.0
control_5074,control,0,simulated,0,0,0,0.0
control_5075,control,0,simulated,0,0,0,0.0
control_5076,control,0,simulated,0,0,0,0.0
control_5077,control,1,simulated,0,0,0,0.0
control_5078,control,0,simulated,0,0,0,0.0
control_5079,control,1,simulated,0,0,0,0.0
control_5080,control,1,simulated,0,0,0,0.0
control_5081,control,0,simulated,0,0,0,0.0
control_5082,control,0,simulated,0,0,0,0.0
control_5083,control,0,simulated,0,0,0,0.0
control_5084,control,0,simulated,0,0,0,0.0
control_5085,control,0,simulated,0,0,0,0.0
control_5086,control,0,simulated,0,0,0,0.0
control_5087,control,0,simulated,0,0,0,0.0
control_5088,control,0,simulated,0,0,0,0.0
control_5089,control,0,simulated,0,0,0,0.0
control_5090,control,1,simulated,0,0,0,0.0
control_5091,control,1,simulated,0,0,0,0.0
control_5092,control,0,simulated,0,0,0,0.0
control_5093,control,0,simulated,0,0,0,0.0
control_5094,control,1,simulated,0,0,0,0.0
control_5095,control,1,simulated,0,0,0,0.0
control_5096,control,1,simulated,0,0,0,0.0
control_5097,control,0,simulated,0,0,0,0.0
control_5098,control,0,simulated,0,0,0,0.0
control_5099,control,0,simulated,0,0,0,0.0
control_5100,control,0,simulated,0,0,0,0.0
control_5101,control,0,simulated,0,0,0,0.0
control_5102,control,0,simulated,0,0,0,0.0
control_5103,control,0,simulated,0,0,0,0.0
control_5104,control,0,simulated,0,0,0,0.0
control_5105,control,1,simulated,0,0,0,0.0
control_5106,control,0,simulated,0,0,0,0.0
control_5107,control,1,simulated,0,0,0,0.0
control_5108,control,0,simulated,0,0,0,0.0
control_5109,control,0,simulated,0,0,0,0.0
control_5110,control,0,simulated,0,0,0,0.0
control_5111,control,0,simulated,0,0,0,0.0
control_5112,control,0,simulated,0,0,0,0.0
control_5113,control,0,simulated,0,0,0,0.0
control_5114,control,1,simulated,0,0,0,0.0
control_5115,control,0,simulated,0,0,0,0.0
control_5116,control,0,simulated,0,0,0,0.0
control_5117,control,1,simulated,0,0,0,0.0
control_5118,control,1,simulated,0,0,0,0.0
control_5119,control,0,simulated,0,0,0,0.0
control_5120,control,0,simulated,0,0,0,0.0
control_5121,control,1,simulated,0,0,0,0.0
control_5122,control,0,simulated,0,0,0,0.0
control_5123,control,0,simulated,0,0,0,0.0
control_5124,control,0,simulated,0,0,0,0.0
control_5125,control,0,simulated,0,0,0,0.0
control_5126,control,1,simulated,0,0,0,0.0
control_5127,control,0,simulated,0,0,0,0.0
control_5128,control,0,simulated,0,0,0,0.0
control_5129,control,1,simulated,0,0,0,0.0
control_5130,control,0,simulated,0,0,0,0.0
control_5131,control,0,simulated,0,0,0,0.0
control_5132,control,1,simulated,1,0,0,0.0
control_5133,control,0,simulated,0,0,0,0.0
control_5134,control,0,simulated,0,0,0,0.0
control_5135,control,0,simulated,0,0,0,0.0
control_5136,control,0,simulated,0,0,0,0.0
control_5137,control,0,simulated,0,0,0,0.0
control_5138,control,0,simulated,0,0,0,0.0
control_5139,control,0,simulated,0,0,0,0.0
control_5140,control,0,simulated,0,0,0,0.0
control_5141,control,0,simulated,0,0,0,0.0
control_5142,control,1,simulated,0,0,0,0.0
control_5143,control,0,simulated,0,0,0,0.0
control_5144,control,0,simulated,0,0,0,0.0
control_5145,control,1,simulated,0,0,0,0.0
control_5146,control,0,simulated,0,0,0,0.0
control_5147,control,0,simulated,0,0,0,0.0
control_5148,control,0,simulated,0,0,0,0.0
control_5149,control,0,simulated,0,0,0,0.0
control_5150,control,1,simulated,0,0,0,0.0
control_5151,control,0,simulated,0,0,0,0.0
control_5152,control,0,simulated,0,0,0,0.0
control_5153,control,0,simulated,0,0,0,0.0
control_5154,control,0,simulated,0,0,0,0.0
control_5155,control,1,simulated,0,0,0,0.0
control_5156,control,1,simulated,0,0,0,0.0
control_5157,control,0,simulated,0,0,0,0.0
control_5158,control,0,simulated,0,0,0,0.0
control_5159,control,1,simulated,0,0,0,0.0
control_5160,control,1,simulated,1,0,0,0.0
control_5161,control,0,simulated,0,0,0,0.0
control_5162,control,0,simulated,0,0,0,0.0
control_5163,control,0,simulated,0,0,0,0.0
control_5164,control,0,simulated,0,0,0,0.0
control_5165,control,0,simulated,0,0,0,0.0
control_5166,control,0,simulated,0,0,0,0.0
control_5167,control,0,simulated,0,0,0,0.0
control_5168,control,1,simulated,1,0,0,0.0
control_5169,control,0,simulated,0,0,0,0.0
control_5170,control,0,simulated,0,0,0,0.0
control_5171,control,1,simulated,0,0,0,0.0
control_5172,control,0,simulated,0,0,0,0.0
control_5173,control,0,simulated,0,0,0,0.0
control_5174,control,0,simulated,0,0,0,0.0
control_5175,control,1,simulated,0,0,0,0.0
control_5176,control,1,simulated,0,0,0,0.0
control_5177,control,0,simulated,0,0,0,0.0
control_5178,control,0,simulated,0,0,0,0.0
control_5179,control,0,simulated,0,0,0,0.0
control_5180,control,1,simulated,0,0,0,0.0
control_5181,control,0,simulated,0,0,0,0.0
control_5182,control,1,simulated,0,0,0,0.0
control_5183,control,0,simulated,0,0,0,0.0
control_5184,control,0,simulated,0,0,0,0.0
control_5185,control,0,simulated,0,0,0,0.0
control_5186,control,0,simulated,0,0,0,0.0
control_5187,control,0,simulated,0,0,0,0.0
control_5188,control,0,simulated,0,0,0,0.0
control_5189,control,0,simulated,0,0,0,0.0
control_5190,control,0,simulated,0,0,0,0.0
control_5191,control,0,simulated,0,0,0,0.0
control_5192,control,1,simulated,0,0,0,0.0
control_5193,control,0,simulated,0,0,0,0.0
control_5194,control,1,simulated,0,0,0,0.0
control_5195,control,1,simulated,0,0,0,0.0
control_5196,control,0,simulated,0,0,0,0.0
control_5197,control,0,simulated,0,0,0,0.0
control_5198,control,1,simulated,0,0,0,0.0
control_5199,control,0,simulated,0,0,0,0.0
control_5200,control,0,simulated,0,0,0,0.0
control_5201,control,0,simulated,0,0,0,0.0
control_5202,control,0,simulated,0,0,0,0.0
control_5203,control,0,simulated,0,0,0,0.0
control_5204,control,1,simulated,0,0,0,0.0
control_5205,control,0,simulated,0,0,0,0.0
control_5206,control,0,simulated,0,0,0,0.0
control_5207,control,0,simulated,0,0,0,0.0
control_5208,control,1,simulated,0,0,0,0.0
control_5209,control,1,simulated,0,0,0,0.0
control_5210,control,0,simulated,0,0,0,0.0
control_5211,control,1,simulated,0,0,0,0.0
control_5212,control,0,simulated,0,0,0,0.0
control_5213,control,0,simulated,0,0,0,0.0
control_5214,control,1,simulated,0,0,0,0.0
control_5215,control,0,simulated,0,0,0,0.0
control_5216,control,0,simulated,0,0,0,0.0
control_5217,control,1,simulated,0,0,0,0.0
control_5218,control,0,simulated,0,0,0,0.0
control_5219,control,0,simulated,0,0,0,0.0
control_5220,control,0,simulated,0,0,0,0.0
control_5221,control,0,simulated,0,0,0,0.0
control_5222,control,0,simulated,0,0,0,0.0
control_5223,control,0,simulated,0,0,0,0.0
control_5224,control,0,simulated,0,0,0,0.0
control_5225,control,0,simulated,0,0,0,0.0
control_5226,control,1,simulated,0,0,0,0.0
control_5227,control,1,simulated,0,0,0,0.0
control_5228,control,0,simulated,0,0,0,0.0
control_5229,control,0,simulated,0,0,0,0.0
control_5230,control,0,simulated,0,0,0,0.0
control_5231,control,1,simulated,0,1,0,25.32
control_5232,control,0,simulated,0,0,0,0.0
control_5233,control,0,simulated,0,0,0,0.0
control_5234,control,1,simulated,0,0,0,0.0
control_5235,control,0,simulated,0,0,0,0.0
control_5236,control,0,simulated,0,0,0,0.0
control_5237,control,0,simulated,0,0,0,0.0
control_5238,control,0,simulated,0,0,0,0.0
control_5239,control,0,simulated,0,0,0,0.0
control_5240,control,0,simulated,0,0,0,0.0
control_5241,control,1,simulated,0,0,0,0.0
control_5242,control,1,simulated,0,0,0,0.0
control_5243,control,1,simulated,0,0,0,0.0
control_5244,control,0,simulated,0,0,0,0.0
control_5245,control,0,simulated,0,0,1,0.0
control_5246,control,0,simulated,0,0,0,0.0
control_5247,control,1,simulated,0,0,0,0.0
control_5248,control,0,simulated,0,0,0,0.0
control_5249,control,0,simulated,0,0,0,0.0
control_5250,control,0,simulated,0,0,0,0.0
control_5251,control,0,simulated,0,0,0,0.0
control_5252,control,1,simulated,0,0,0,0.0
control_5253,control,0,simulated,0,0,0,0.0
control_5254,control,0,simulated,0,0,0,0.0
control_5255,control,0,simulated,0,0,0,0.0
control_5256,control,0,simulated,0,0,0,0.0
control_5257,control,0,simulated,0,0,0,0.0
control_5258,control,0,simulated,0,0,0,0.0
control_5259,control,0,simulated,0,0,0,0.0
control_5260,control,0,simulated,0,0,0,0.0
control_5261,control,0,simulated,0,0,0,0.0
control_5262,control,0,simulated,0,0,0,0.0
control_5263,control,1,simulated,0,0,0,0.0
control_5264,control,0,simulated,0,0,0,0.0
control_5265,control,1,simulated,0,0,0,0.0
control_5266,control,0,simulated,0,0,0,0.0
control_5267,control,1,simulated,0,0,0,0.0
control_5268,control,0,simulated,0,0,0,0.0
control_5269,control,1,simulated,0,0,0,0.0
control_5270,control,1,simulated,0,0,0,0.0
control_5271,control,1,simulated,0,0,0,0.0
control_5272,control,0,simulated,0,0,0,0.0
control_5273,control,0,simulated,0,0,0,0.0
control_5274,control,1,simulated,0,0,0,0.0
control_5275,control,0,simulated,0,0,0,0.0
control_5276,control,0,simulated,0,0,0,0.0
control_5277,control,0,simulated,0,0,0,0.0
control_5278,control,0,simulated,0,0,0,0.0
control_5279,control,0,simulated,0,0,0,0.0
control_5280,control,0,simulated,0,0,0,0.0
control_5281,control,0,simulated,0,0,0,0.0
control_5282,control,0,simulated,0,0,0,0.0
control_5283,control,0,simulated,0,0,0,0.0
control_5284,control,0,simulated,0,0,0,0.0
control_5285,control,0,simulated,0,0,0,0.0
control_5286,control,1,simulated,0,0,0,0.0
control_5287,control,0,simulated,0,0,0,0.0
control_5288,control,0,simulated,0,0,0,0.0
control_5289,control,0,simulated,0,0,1,0.0
control_5290,control,1,simulated,0,0,0,0.0
control_5291,control,1,simulated,0,0,0,0.0
control_5292,control,0,simulated,0,0,0,0.0
control_5293,control,1,simulated,0,0,0,0.0
control_5294,control,0,simulated,0,0,0,0.0
control_5295,control,0,simulated,0,0,0,0.0
control_5296,control,0,simulated,0,0,0,0.0
control_5297,control,0,simulated,0,0,0,0.0
control_5298,control,1,simulated,0,0,0,0.0
control_5299,control,0,simulated,0,0,0,0.0
control_5300,control,0,simulated,0,0,0,0.0
control_5301,control,0,simulated,0,0,0,0.0
control_5302,control,0,simulated,0,0,0,0.0
control_5303,control,0,simulated,0,0,0,0.0
control_5304,control,1,simulated,0,0,0,0.0
control_5305,control,1,simulated,1,0,0,0.0
control_5306,control,1,simulated,0,0,0,0.0
control_5307,control,0,simulated,0,0,0,0.0
control_5308,control,0,simulated,0,0,0,0.0
control_5309,control,0,simulated,0,0,0,0.0
control_5310,control,0,simulated,0,0,0,0.0
control_5311,control,0,simulated,0,0,0,0.0
control_5312,control,0,simulated,0,0,0,0.0
control_5313,control,0,simulated,0,0,0,0.0
control_5314,control,0,simulated,0,0,0,0.0
control_5315,control,1,simulated,0,0,0,0.0
control_5316,control,0,simulated,0,0,0,0.0
control_5317,control,1,simulated,0,0,0,0.0
control_5318,control,0,simulated,0,0,0,0.0
control_5319,control,1,simulated,0,0,0,0.0
control_5320,control,0,simulated,0,0,0,0.0
control_5321,control,0,simulated,0,0,0,0.0
control_5322,control,1,simulated,0,0,0,0.0
control_5323,control,0,simulated,0,0,0,0.0
control_5324,control,1,simulated,0,0,0,0.0
control_5325,control,0,simulated,0,0,0,0.0
control_5326,control,0,simulated,0,0,0,0.0
control_5327,control,0,simulated,0,0,0,0.0
control_5328,control,1,simulated,0,0,0,0.0
control_5329,control,0,simulated,0,0,0,0.0
control_5330,control,0,simulated,0,0,0,0.0
control_5331,control,0,simulated,0,0,0,0.0
control_5332,control,0,simulated,0,0,0,0.0
control_5333,control,0,simulated,0,0,0,0.0
control_5334,control,0,simulated,0,0,1,0.0
control_5335,control,0,simulated,0,0,0,0.0
control_5336,control,0,simulated,0,0,0,0.0
control_5337,control,1,simulated,0,0,0,0.0
control_5338,control,0,simulated,0,0,0,0.0
control_5339,control,0,simulated,0,0,0,0.0
control_5340,control,1,simulated,0,0,0,0.0
control_5341,control,0,simulated,0,0,0,0.0
control_5342,control,0,simulated,0,0,0,0.0
control_5343,control,0,simulated,0,0,0,0.0
control_5344,control,0,simulated,0,0,0,0.0
control_5345,control,0,simulated,0,0,0,0.0
control_5346,control,1,simulated,0,0,0,0.0
control_5347,control,0,simulated,0,0,0,0.0
control_5348,control,0,simulated,0,0,0,0.0
control_5349,control,0,simulated,0,0,0,0.0
control_5350,control,0,simulated,0,0,0,0.0
control_5351,control,0,simulated,0,0,0,0.0
control_5352,control,1,simulated,0,0,0,0.0
control_5353,control,0,simulated,0,0,0,0.0
control_5354,control,0,simulated,0,0,0,0.0
control_5355,control,0,simulated,0,0,0,0.0
control_5356,control,0,simulated,0,0,0,0.0
control_5357,control,0,simulated,0,0,0,0.0
control_5358,control,0,simulated,0,0,0,0.0
control_5359,control,0,simulated,0,0,0,0.0
control_5360,control,1,simulated,0,0,0,0.0
control_5361,control,1,simulated,0,0,0,0.0
control_5362,control,1,simulated,0,0,0,0.0
control_5363,control,0,simulated,0,0,0,0.0
control_5364,control,1,simulated,0,0,0,0.0
control_5365,control,1,simulated,0,0,0,0.0
control_5366,control,0,simulated,0,0,0,0.0
control_5367,control,1,simulated,0,0,0,0.0
control_5368,control,0,simulated,0,0,0,0.0
control_5369,control,0,simulated,0,0,0,0.0
control_5370,control,0,simulated,0,0,0,0.0
control_5371,control,0,simulated,0,0,0,0.0
control_5372,control,0,simulated,0,0,0,0.0
control_5373,control,1,simulated,0,0,0,0.0
control_5374,control,1,simulated,0,0,0,0.0
control_5375,control,1,simulated,0,0,0,0.0
control_5376,control,0,simulated,0,0,0,0.0
control_5377,control,1,simulated,0,0,0,0.0
control_5378,control,0,simulated,0,0,0,0.0
control_5379,control,1,simulated,0,0,0,0.0
control_5380,control,0,simulated,0,0,0,0.0
control_5381,control,0,simulated,0,0,0,0.0
control_5382,control,0,simulated,0,0,0,0.0
control_5383,control,0,simulated,0,0,0,0.0
control_5384,control,0,simulated,0,0,0,0.0
control_5385,control,0,simulated,0,0,0,0.0
control_5386,control,1,simulated,0,0,0,0.0
control_5387,control,1,simulated,0,0,0,0.0
control_5388,control,0,simulated,0,0,0,0.0
control_5389,control,0,simulated,0,0,0,0.0
control_5390,control,0,simulated,0,0,0,0.0
control_5391,control,1,simulated,0,0,0,0.0
control_5392,control,1,simulated,0,0,0,0.0
control_5393,control,0,simulated,0,0,0,0.0
control_5394,control,0,simulated,0,0,0,0.0
control_5395,control,0,simulated,0,0,0,0.0
control_5396,control,1,simulated,0,0,0,0.0
control_5397,control,1,simulated,0,0,0,0.0
control_5398,control,0,simulated,0,0,0,0.0
control_5399,control,0,simulated,0,0,0,0.0
control_5400,control,0,simulated,0,0,0,0.0
control_5401,control,1,simulated,0,0,0,0.0
control_5402,control,0,simulated,0,0,0,0.0
control_5403,control,0,simulated,0,0,0,0.0
control_5404,control,1,simulated,1,0,0,0.0
control_5405,control,0,simulated,0,0,0,0.0
control_5406,control,0,simulated,0,0,0,0.0
control_5407,control,0,simulated,0,0,0,0.0
control_5408,control,1,simulated,0,0,0,0.0
control_5409,control,0,simulated,0,0,0,0.0
control_5410,control,1,simulated,0,0,0,0.0
control_5411,control,1,simulated,0,0,0,0.0
control_5412,control,0,simulated,0,0,0,0.0
control_5413,control,0,simulated,0,0,0,0.0
control_5414,control,0,simulated,0,0,0,0.0
control_5415,control,0,simulated,0,0,0,0.0
control_5416,control,0,simulated,0,0,0,0.0
control_5417,control,1,simulated,0,0,0,0.0
control_5418,control,0,simulated,0,0,0,0.0
control_5419,control,1,simulated,0,0,0,0.0
control_5420,control,0,simulated,0,0,0,0.0
control_5421,control,1,simulated,0,0,0,0.0
control_5422,control,0,simulated,0,0,0,0.0
control_5423,control,0,simulated,0,0,0,0.0
control_5424,control,0,simulated,0,0,0,0.0
control_5425,control,0,simulated,0,0,0,0.0
control_5426,control,0,simulated,0,0,0,0.0
control_5427,control,1,simulated,1,0,0,0.0
control_5428,control,0,simulated,0,0,0,0.0
control_5429,control,0,simulated,0,0,0,0.0
control_5430,control,0,simulated,0,0,0,0.0
control_5431,control,0,simulated,0,0,0,0.0
control_5432,control,1,simulated,0,0,0,0.0
control_5433,control,0,simulated,0,0,0,0.0
control_5434,control,0,simulated,0,0,0,0.0
control_5435,control,0,simulated,0,0,0,0.0
control_5436,control,0,simulated,0,0,0,0.0
control_5437,control,0,simulated,0,0,0,0.0
control_5438,control,0,simulated,0,0,0,0.0
control_5439,control,0,simulated,0,0,0,0.0
control_5440,control,1,simulated,0,0,0,0.0
control_5441,control,1,simulated,0,0,0,0.0
control_5442,control,0,simulated,0,0,1,0.0
control_5443,control,0,simulated,0,0,0,0.0
control_5444,control,1,simulated,0,1,0,19.9
control_5445,control,0,simulated,0,0,0,0.0
control_5446,control,0,simulated,0,0,0,0.0
control_5447,control,0,simulated,0,0,0,0.0
control_5448,control,1,simulated,0,0,0,0.0
treatment_0,treatment,1,simulated,0,0,0,0.0
treatment_1,treatment,0,simulated,0,0,0,0.0
treatment_2,treatment,0,simulated,0,0,0,0.0
treatment_3,treatment,1,simulated,0,0,0,0.0
treatment_4,treatment,0,simulated,0,0,0,0.0
treatment_5,treatment,1,simulated,0,0,0,0.0
treatment_6,treatment,1,simulated,0,0,0,0.0
treatment_7,treatment,0,simulated,0,0,0,0.0
treatment_8,treatment,1,simulated,0,0,0,0.0
treatment_9,treatment,1,simulated,0,0,0,0.0
treatment_10,treatment,1,simulated,0,0,0,0.0
treatment_11,treatment,0,simulated,0,0,0,0.0
treatment_12,treatment,1,simulated,0,0,0,0.0
treatment_13,treatment,0,simulated,0,0,0,0.0
treatment_14,treatment,1,simulated,0,0,0,0.0
treatment_15,treatment,0,simulated,0,0,0,0.0
treatment_16,treatment,0,simulated,0,0,0,0.0
treatment_17,treatment,0,simulated,0,0,0,0.0
treatment_18,treatment,0,simulated,0,0,0,0.0
treatment_19,treatment,0,simulated,0,0,0,0.0
treatment_20,treatment,1,simulated,0,0,0,0.0
treatment_21,treatment,0,simulated,0,0,0,0.0
treatment_22,treatment,0,simulated,0,0,0,0.0
treatment_23,treatment,0,simulated,0,0,0,0.0
treatment_24,treatment,0,simulated,0,0,0,0.0
treatment_25,treatment,0,simulated,0,0,0,0.0
treatment_26,treatment,0,simulated,0,0,0,0.0
treatment_27,treatment,0,simulated,0,0,0,0.0
treatment_28,treatment,0,simulated,0,0,0,0.0
treatment_29,treatment,0,simulated,0,0,0,0.0
treatment_30,treatment,0,simulated,0,0,0,0.0
treatment_31,treatment,0,simulated,0,0,0,0.0
treatment_32,treatment,0,simulated,0,0,0,0.0
treatment_33,treatment,0,simulated,0,0,0,0.0
treatment_34,treatment,1,simulated,0,0,0,0.0
treatment_35,treatment,1,simulated,0,0,0,0.0
treatment_36,treatment,0,simulated,0,0,0,0.0
treatment_37,treatment,1,simulated,0,0,0,0.0
treatment_38,treatment,0,simulated,0,0,0,0.0
treatment_39,treatment,0,simulated,0,0,0,0.0
treatment_40,treatment,1,simulated,0,1,0,22.77
treatment_41,treatment,0,simulated,0,0,0,0.0
treatment_42,treatment,0,simulated,0,0,0,0.0
treatment_43,treatment,0,simulated,0,0,0,0.0
treatment_44,treatment,1,simulated,0,0,0,0.0
treatment_45,treatment,0,simulated,0,0,0,0.0
treatment_46,treatment,1,simulated,0,0,0,0.0
treatment_47,treatment,0,simulated,0,0,0,0.0
treatment_48,treatment,0,simulated,0,0,0,0.0
treatment_49,treatment,0,simulated,0,0,0,0.0
treatment_50,treatment,0,simulated,0,0,0,0.0
treatment_51,treatment,0,simulated,0,0,0,0.0
treatment_52,treatment,0,simulated,0,0,0,0.0
treatment_53,treatment,0,simulated,0,0,0,0.0
treatment_54,treatment,0,simulated,0,0,0,0.0
treatment_55,treatment,0,simulated,0,0,0,0.0
treatment_56,treatment,0,simulated,0,0,0,0.0
treatment_57,treatment,0,simulated,0,0,0,0.0
treatment_58,treatment,1,simulated,1,0,0,0.0
treatment_59,treatment,1,simulated,0,0,0,0.0
treatment_60,treatment,1,simulated,0,0,0,0.0
treatment_61,treatment,0,simulated,0,0,0,0.0
treatment_62,treatment,0,simulated,0,0,0,0.0
treatment_63,treatment,0,simulated,0,0,0,0.0
treatment_64,treatment,0,simulated,0,0,0,0.0
treatment_65,treatment,0,simulated,0,0,0,0.0
treatment_66,treatment,0,simulated,0,0,0,0.0
treatment_67,treatment,0,simulated,0,0,0,0.0
treatment_68,treatment,1,simulated,0,0,0,0.0
treatment_69,treatment,0,simulated,0,0,0,0.0
treatment_70,treatment,1,simulated,0,0,0,0.0
treatment_71,treatment,0,simulated,0,0,0,0.0
treatment_72,treatment,0,simulated,0,0,0,0.0
treatment_73,treatment,0,simulated,0,0,0,0.0
treatment_74,treatment,0,simulated,0,0,0,0.0
treatment_75,treatment,0,simulated,0,0,0,0.0
treatment_76,treatment,0,simulated,0,0,0,0.0
treatment_77,treatment,0,simulated,0,0,0,0.0
treatment_78,treatment,1,simulated,0,0,0,0.0
treatment_79,treatment,1,simulated,0,0,0,0.0
treatment_80,treatment,0,simulated,0,0,0,0.0
treatment_81,treatment,1,simulated,0,0,0,0.0
treatment_82,treatment,0,simulated,0,0,0,0.0
treatment_83,treatment,0,simulated,0,0,0,0.0
treatment_84,treatment,1,simulated,0,0,0,0.0
treatment_85,treatment,0,simulated,0,0,0,0.0
treatment_86,treatment,0,simulated,0,0,0,0.0
treatment_87,treatment,0,simulated,0,0,0,0.0
treatment_88,treatment,1,simulated,1,0,0,0.0
treatment_89,treatment,0,simulated,0,0,0,0.0
treatment_90,treatment,0,simulated,0,0,0,0.0
treatment_91,treatment,0,simulated,0,0,0,0.0
treatment_92,treatment,1,simulated,0,0,1,0.0
treatment_93,treatment,0,simulated,0,0,0,0.0
treatment_94,treatment,0,simulated,0,0,0,0.0
treatment_95,treatment,0,simulated,0,0,0,0.0
treatment_96,treatment,0,simulated,0,0,0,0.0
treatment_97,treatment,0,simulated,0,0,0,0.0
treatment_98,treatment,1,simulated,0,0,0,0.0
treatment_99,treatment,0,simulated,0,0,0,0.0
treatment_100,treatment,1,simulated,0,0,0,0.0
treatment_101,treatment,0,simulated,0,0,0,0.0
treatment_102,treatment,1,simulated,0,0,0,0.0
treatment_103,treatment,1,simulated,0,0,0,0.0
treatment_104,treatment,0,simulated,0,0,0,0.0
treatment_105,treatment,0,simulated,0,0,0,0.0
treatment_106,treatment,0,simulated,0,0,0,0.0
treatment_107,treatment,1,simulated,0,0,0,0.0
treatment_108,treatment,1,simulated,0,0,0,0.0
treatment_109,treatment,0,simulated,0,0,0,0.0
treatment_110,treatment,1,simulated,0,0,0,0.0
treatment_111,treatment,0,simulated,0,0,0,0.0
treatment_112,treatment,0,simulated,0,0,0,0.0
treatment_113,treatment,0,simulated,0,0,0,0.0
treatment_114,treatment,0,simulated,0,0,0,0.0
treatment_115,treatment,0,simulated,0,0,0,0.0
treatment_116,treatment,1,simulated,0,0,0,0.0
treatment_117,treatment,1,simulated,0,0,0,0.0
treatment_118,treatment,1,simulated,0,0,0,0.0
treatment_119,treatment,1,simulated,0,0,0,0.0
treatment_120,treatment,0,simulated,0,0,0,0.0
treatment_121,treatment,0,simulated,0,0,0,0.0
treatment_122,treatment,1,simulated,0,0,0,0.0
treatment_123,treatment,1,simulated,0,0,0,0.0
treatment_124,treatment,0,simulated,0,0,0,0.0
treatment_125,treatment,0,simulated,0,0,0,0.0
treatment_126,treatment,0,simulated,0,0,0,0.0
treatment_127,treatment,0,simulated,0,0,0,0.0
treatment_128,treatment,0,simulated,0,0,0,0.0
treatment_129,treatment,0,simulated,0,0,0,0.0
treatment_130,treatment,0,simulated,0,0,0,0.0
treatment_131,treatment,0,simulated,0,0,0,0.0
treatment_132,treatment,0,simulated,0,0,0,0.0
treatment_133,treatment,0,simulated,0,0,0,0.0
treatment_134,treatment,1,simulated,0,0,0,0.0
treatment_135,treatment,0,simulated,0,0,0,0.0
treatment_136,treatment,0,simulated,0,0,0,0.0
treatment_137,treatment,0,simulated,0,0,0,0.0
treatment_138,treatment,0,simulated,0,0,0,0.0
treatment_139,treatment,0,simulated,0,0,0,0.0
treatment_140,treatment,0,simulated,0,0,0,0.0
treatment_141,treatment,0,simulated,0,0,0,0.0
treatment_142,treatment,1,simulated,0,0,0,0.0
treatment_143,treatment,1,simulated,0,0,0,0.0
treatment_144,treatment,0,simulated,0,0,0,0.0
treatment_145,treatment,0,simulated,0,0,0,0.0
treatment_146,treatment,1,simulated,0,0,0,0.0
treatment_147,treatment,0,simulated,0,0,1,0.0
treatment_148,treatment,0,simulated,0,0,0,0.0
treatment_149,treatment,0,simulated,0,0,0,0.0
treatment_150,treatment,0,simulated,0,0,0,0.0
treatment_151,treatment,0,simulated,0,0,0,0.0
treatment_152,treatment,0,simulated,0,0,0,0.0
treatment_153,treatment,0,simulated,0,0,0,0.0
treatment_154,treatment,1,simulated,0,0,0,0.0
treatment_155,treatment,0,simulated,0,0,0,0.0
treatment_156,treatment,0,simulated,0,0,0,0.0
treatment_157,treatment,0,simulated,0,0,0,0.0
treatment_158,treatment,0,simulated,0,0,0,0.0
treatment_159,treatment,0,simulated,0,0,0,0.0
treatment_160,treatment,0,simulated,0,0,0,0.0
treatment_161,treatment,1,simulated,0,0,0,0.0
treatment_162,treatment,0,simulated,0,0,0,0.0
treatment_163,treatment,0,simulated,0,0,0,0.0
treatment_164,treatment,1,simulated,0,0,0,0.0
treatment_165,treatment,0,simulated,0,0,0,0.0
treatment_166,treatment,0,simulated,0,0,0,0.0
treatment_167,treatment,0,simulated,0,0,0,0.0
treatment_168,treatment,0,simulated,0,0,0,0.0
treatment_169,treatment,0,simulated,0,0,0,0.0
treatment_170,treatment,0,simulated,0,0,0,0.0
treatment_171,treatment,0,simulated,0,0,0,0.0
treatment_172,treatment,0,simulated,0,0,0,0.0
treatment_173,treatment,0,simulated,0,0,0,0.0
treatment_174,treatment,1,simulated,0,0,1,0.0
treatment_175,treatment,0,simulated,0,0,0,0.0
treatment_176,treatment,0,simulated,0,0,0,0.0
treatment_177,treatment,0,simulated,0,0,0,0.0
treatment_178,treatment,0,simulated,0,0,0,0.0
treatment_179,treatment,0,simulated,0,0,0,0.0
treatment_180,treatment,1,simulated,0,0,0,0.0
treatment_181,treatment,0,simulated,0,0,0,0.0
treatment_182,treatment,0,simulated,0,0,0,0.0
treatment_183,treatment,1,simulated,0,0,0,0.0
treatment_184,treatment,0,simulated,0,0,0,0.0
treatment_185,treatment,0,simulated,0,0,0,0.0
treatment_186,treatment,1,simulated,0,0,0,0.0
treatment_187,treatment,0,simulated,0,0,0,0.0
treatment_188,treatment,0,simulated,0,0,0,0.0
treatment_189,treatment,1,simulated,1,0,0,0.0
treatment_190,treatment,0,simulated,0,0,0,0.0
treatment_191,treatment,0,simulated,0,0,0,0.0
treatment_192,treatment,0,simulated,0,0,0,0.0
treatment_193,treatment,0,simulated,0,0,0,0.0
treatment_194,treatment,0,simulated,0,0,0,0.0
treatment_195,treatment,0,simulated,0,0,0,0.0
treatment_196,treatment,0,simulated,0,0,0,0.0
treatment_197,treatment,1,simulated,0,0,0,0.0
treatment_198,treatment,1,simulated,0,0,0,0.0
treatment_199,treatment,0,simulated,0,0,0,0.0
treatment_200,treatment,0,simulated,0,0,0,0.0
treatment_201,treatment,0,simulated,0,0,0,0.0
treatment_202,treatment,0,simulated,0,0,0,0.0
treatment_203,treatment,0,simulated,0,0,0,0.0
treatment_204,treatment,0,simulated,0,0,0,0.0
treatment_205,treatment,0,simulated,0,0,0,0.0
treatment_206,treatment,1,simulated,0,0,0,0.0
treatment_207,treatment,0,simulated,0,0,0,0.0
treatment_208,treatment,0,simulated,0,0,0,0.0
treatment_209,treatment,0,simulated,0,0,0,0.0
treatment_210,treatment,1,simulated,0,0,0,0.0
treatment_211,treatment,0,simulated,0,0,0,0.0
treatment_212,treatment,0,simulated,0,0,0,0.0
treatment_213,treatment,1,simulated,0,0,0,0.0
treatment_214,treatment,0,simulated,0,0,0,0.0
treatment_215,treatment,1,simulated,0,0,0,0.0
treatment_216,treatment,1,simulated,1,0,0,0.0
treatment_217,treatment,0,simulated,0,0,0,0.0
treatment_218,treatment,0,simulated,0,0,0,0.0
treatment_219,treatment,0,simulated,0,0,0,0.0
treatment_220,treatment,1,simulated,0,0,0,0.0
treatment_221,treatment,0,simulated,0,0,0,0.0
treatment_222,treatment,0,simulated,0,0,0,0.0
treatment_223,treatment,1,simulated,0,0,0,0.0
treatment_224,treatment,1,simulated,0,0,0,0.0
treatment_225,treatment,0,simulated,0,0,0,0.0
treatment_226,treatment,0,simulated,0,0,0,0.0
treatment_227,treatment,0,simulated,0,0,0,0.0
treatment_228,treatment,1,simulated,0,0,0,0.0
treatment_229,treatment,0,simulated,0,0,0,0.0
treatment_230,treatment,1,simulated,0,0,1,0.0
treatment_231,treatment,1,simulated,0,0,0,0.0
treatment_232,treatment,0,simulated,0,0,0,0.0
treatment_233,treatment,0,simulated,0,0,0,0.0
treatment_234,treatment,0,simulated,0,0,0,0.0
treatment_235,treatment,1,simulated,0,0,0,0.0
treatment_236,treatment,1,simulated,0,0,1,0.0
treatment_237,treatment,0,simulated,0,0,0,0.0
treatment_238,treatment,1,simulated,0,0,0,0.0
treatment_239,treatment,0,simulated,0,0,0,0.0
treatment_240,treatment,1,simulated,0,1,0,18.39
treatment_241,treatment,0,simulated,0,0,0,0.0
treatment_242,treatment,0,simulated,0,0,0,0.0
treatment_243,treatment,0,simulated,0,0,0,0.0
treatment_244,treatment,1,simulated,1,0,0,0.0
treatment_245,treatment,0,simulated,0,0,0,0.0
treatment_246,treatment,0,simulated,0,0,0,0.0
treatment_247,treatment,0,simulated,0,0,0,0.0
treatment_248,treatment,1,simulated,0,0,0,0.0
treatment_249,treatment,0,simulated,0,0,0,0.0
treatment_250,treatment,0,simulated,0,0,0,0.0
treatment_251,treatment,0,simulated,0,0,0,0.0
treatment_252,treatment,0,simulated,0,0,0,0.0
treatment_253,treatment,0,simulated,0,0,0,0.0
treatment_254,treatment,1,simulated,0,0,0,0.0
treatment_255,treatment,0,simulated,0,0,0,0.0
treatment_256,treatment,0,simulated,0,0,0,0.0
treatment_257,treatment,0,simulated,0,0,0,0.0
treatment_258,treatment,1,simulated,0,0,0,0.0
treatment_259,treatment,1,simulated,0,0,0,0.0
treatment_260,treatment,0,simulated,0,0,0,0.0
treatment_261,treatment,1,simulated,0,0,0,0.0
treatment_262,treatment,0,simulated,0,0,0,0.0
treatment_263,treatment,0,simulated,0,0,0,0.0
treatment_264,treatment,0,simulated,0,0,0,0.0
treatment_265,treatment,0,simulated,0,0,0,0.0
treatment_266,treatment,0,simulated,0,0,0,0.0
treatment_267,treatment,0,simulated,0,0,0,0.0
treatment_268,treatment,0,simulated,0,0,0,0.0
treatment_269,treatment,0,simulated,0,0,0,0.0
treatment_270,treatment,1,simulated,0,0,0,0.0
treatment_271,treatment,1,simulated,1,0,0,0.0
treatment_272,treatment,0,simulated,0,0,0,0.0
treatment_273,treatment,0,simulated,0,0,0,0.0
treatment_274,treatment,0,simulated,0,0,0,0.0
treatment_275,treatment,0,simulated,0,0,0,0.0
treatment_276,treatment,0,simulated,0,0,0,0.0
treatment_277,treatment,0,simulated,0,0,0,0.0
treatment_278,treatment,0,simulated,0,0,0,0.0
treatment_279,treatment,1,simulated,0,0,0,0.0
treatment_280,treatment,0,simulated,0,0,0,0.0
treatment_281,treatment,0,simulated,0,0,0,0.0
treatment_282,treatment,1,simulated,0,0,0,0.0
treatment_283,treatment,1,simulated,0,0,0,0.0
treatment_284,treatment,0,simulated,0,0,0,0.0
treatment_285,treatment,0,simulated,0,0,0,0.0
treatment_286,treatment,0,simulated,0,0,0,0.0
treatment_287,treatment,1,simulated,0,0,0,0.0
treatment_288,treatment,1,simulated,0,0,0,0.0
treatment_289,treatment,0,simulated,0,0,0,0.0
treatment_290,treatment,1,simulated,0,0,0,0.0
treatment_291,treatment,0,simulated,0,0,1,0.0
treatment_292,treatment,0,simulated,0,0,0,0.0
treatment_293,treatment,1,simulated,0,0,0,0.0
treatment_294,treatment,1,simulated,0,0,0,0.0
treatment_295,treatment,0,simulated,0,0,0,0.0
treatment_296,treatment,0,simulated,0,0,0,0.0
treatment_297,treatment,0,simulated,0,0,0,0.0
treatment_298,treatment,0,simulated,0,0,0,0.0
treatment_299,treatment,0,simulated,0,0,0,0.0
treatment_300,treatment,0,simulated,0,0,0,0.0
treatment_301,treatment,0,simulated,0,0,0,0.0
treatment_302,treatment,1,simulated,0,0,0,0.0
treatment_303,treatment,0,simulated,0,0,0,0.0
treatment_304,treatment,0,simulated,0,0,0,0.0
treatment_305,treatment,0,simulated,0,0,0,0.0
treatment_306,treatment,0,simulated,0,0,0,0.0
treatment_307,treatment,0,simulated,0,0,0,0.0
treatment_308,treatment,0,simulated,0,0,0,0.0
treatment_309,treatment,0,simulated,0,0,0,0.0
treatment_310,treatment,0,simulated,0,0,0,0.0
treatment_311,treatment,0,simulated,0,0,0,0.0
treatment_312,treatment,0,simulated,0,0,0,0.0
treatment_313,treatment,0,simulated,0,0,0,0.0
treatment_314,treatment,0,simulated,0,0,0,0.0
treatment_315,treatment,0,simulated,0,0,0,0.0
treatment_316,treatment,0,simulated,0,0,0,0.0
treatment_317,treatment,1,simulated,0,0,0,0.0
treatment_318,treatment,1,simulated,1,0,0,0.0
treatment_319,treatment,0,simulated,0,0,0,0.0
treatment_320,treatment,1,simulated,0,0,0,0.0
treatment_321,treatment,0,simulated,0,0,0,0.0
treatment_322,treatment,0,simulated,0,0,0,0.0
treatment_323,treatment,0,simulated,0,0,0,0.0
treatment_324,treatment,0,simulated,0,0,0,0.0
treatment_325,treatment,0,simulated,0,0,0,0.0
treatment_326,treatment,0,simulated,0,0,0,0.0
treatment_327,treatment,1,simulated,0,1,0,24.63
treatment_328,treatment,1,simulated,0,0,0,0.0
treatment_329,treatment,1,simulated,0,0,0,0.0
treatment_330,treatment,1,simulated,0,0,0,0.0
treatment_331,treatment,0,simulated,0,0,0,0.0
treatment_332,treatment,0,simulated,0,0,0,0.0
treatment_333,treatment,0,simulated,0,0,0,0.0
treatment_334,treatment,0,simulated,0,0,0,0.0
treatment_335,treatment,0,simulated,0,0,0,0.0
treatment_336,treatment,0,simulated,0,0,0,0.0
treatment_337,treatment,0,simulated,0,0,0,0.0
treatment_338,treatment,0,simulated,0,0,0,0.0
treatment_339,treatment,0,simulated,0,0,0,0.0
treatment_340,treatment,0,simulated,0,0,0,0.0
treatment_341,treatment,1,simulated,0,0,0,0.0
treatment_342,treatment,1,simulated,0,0,0,0.0
treatment_343,treatment,0,simulated,0,0,0,0.0
treatment_344,treatment,0,simulated,0,0,0,0.0
treatment_345,treatment,0,simulated,0,0,0,0.0
treatment_346,treatment,0,simulated,0,0,0,0.0
treatment_347,treatment,0,simulated,0,0,0,0.0
treatment_348,treatment,0,simulated,0,0,0,0.0
treatment_349,treatment,0,simulated,0,0,0,0.0
treatment_350,treatment,1,simulated,0,0,0,0.0
treatment_351,treatment,1,simulated,0,0,0,0.0
treatment_352,treatment,0,simulated,0,0,0,0.0
treatment_353,treatment,1,simulated,0,0,0,0.0
treatment_354,treatment,0,simulated,0,0,0,0.0
treatment_355,treatment,0,simulated,0,0,0,0.0
treatment_356,treatment,0,simulated,0,0,0,0.0
treatment_357,treatment,0,simulated,0,0,0,0.0
treatment_358,treatment,0,simulated,0,0,0,0.0
treatment_359,treatment,0,simulated,0,0,0,0.0
treatment_360,treatment,1,simulated,0,0,0,0.0
treatment_361,treatment,0,simulated,0,0,0,0.0
treatment_362,treatment,0,simulated,0,0,0,0.0
treatment_363,treatment,0,simulated,0,0,0,0.0
treatment_364,treatment,1,simulated,1,0,0,0.0
treatment_365,treatment,0,simulated,0,0,0,0.0
treatment_366,treatment,1,simulated,0,0,0,0.0
treatment_367,treatment,0,simulated,0,0,0,0.0
treatment_368,treatment,0,simulated,0,0,0,0.0
treatment_369,treatment,1,simulated,0,0,0,0.0
treatment_370,treatment,0,simulated,0,0,0,0.0
treatment_371,treatment,0,simulated,0,0,0,0.0
treatment_372,treatment,0,simulated,0,0,0,0.0
treatment_373,treatment,0,simulated,0,0,0,0.0
treatment_374,treatment,0,simulated,0,0,0,0.0
treatment_375,treatment,1,simulated,0,0,0,0.0
treatment_376,treatment,0,simulated,0,0,0,0.0
treatment_377,treatment,1,simulated,0,0,0,0.0
treatment_378,treatment,0,simulated,0,0,0,0.0
treatment_379,treatment,0,simulated,0,0,0,0.0
treatment_380,treatment,0,simulated,0,0,0,0.0
treatment_381,treatment,0,simulated,0,0,0,0.0
treatment_382,treatment,0,simulated,0,0,0,0.0
treatment_383,treatment,0,simulated,0,0,0,0.0
treatment_384,treatment,0,simulated,0,0,0,0.0
treatment_385,treatment,1,simulated,0,0,0,0.0
treatment_386,treatment,0,simulated,0,0,0,0.0
treatment_387,treatment,0,simulated,0,0,0,0.0
treatment_388,treatment,0,simulated,0,0,0,0.0
treatment_389,treatment,1,simulated,1,0,0,0.0
treatment_390,treatment,1,simulated,0,0,0,0.0
treatment_391,treatment,1,simulated,0,0,0,0.0
treatment_392,treatment,0,simulated,0,0,1,0.0
treatment_393,treatment,0,simulated,0,0,0,0.0
treatment_394,treatment,0,simulated,0,0,0,0.0
treatment_395,treatment,0,simulated,0,0,0,0.0
treatment_396,treatment,0,simulated,0,0,0,0.0
treatment_397,treatment,0,simulated,0,0,0,0.0
treatment_398,treatment,0,simulated,0,0,0,0.0
treatment_399,treatment,1,simulated,0,0,0,0.0
treatment_400,treatment,0,simulated,0,0,0,0.0
treatment_401,treatment,0,simulated,0,0,0,0.0
treatment_402,treatment,0,simulated,0,0,0,0.0
treatment_403,treatment,0,simulated,0,0,0,0.0
treatment_404,treatment,0,simulated,0,0,0,0.0
treatment_405,treatment,0,simulated,0,0,0,0.0
treatment_406,treatment,0,simulated,0,0,0,0.0
treatment_407,treatment,0,simulated,0,0,0,0.0
treatment_408,treatment,0,simulated,0,0,0,0.0
treatment_409,treatment,1,simulated,0,0,0,0.0
treatment_410,treatment,0,simulated,0,0,0,0.0
treatment_411,treatment,1,simulated,0,0,0,0.0
treatment_412,treatment,0,simulated,0,0,0,0.0
treatment_413,treatment,0,simulated,0,0,0,0.0
treatment_414,treatment,0,simulated,0,0,0,0.0
treatment_415,treatment,0,simulated,0,0,0,0.0
treatment_416,treatment,0,simulated,0,0,1,0.0
treatment_417,treatment,0,simulated,0,0,0,0.0
treatment_418,treatment,0,simulated,0,0,0,0.0
treatment_419,treatment,1,simulated,0,0,0,0.0
treatment_420,treatment,1,simulated,0,0,0,0.0
treatment_421,treatment,0,simulated,0,0,0,0.0
treatment_422,treatment,0,simulated,0,0,0,0.0
treatment_423,treatment,0,simulated,0,0,0,0.0
treatment_424,treatment,0,simulated,0,0,0,0.0
treatment_425,treatment,1,simulated,0,0,0,0.0
treatment_426,treatment,1,simulated,0,0,0,0.0
treatment_427,treatment,0,simulated,0,0,0,0.0
treatment_428,treatment,0,simulated,0,0,0,0.0
treatment_429,treatment,0,simulated,0,0,0,0.0
treatment_430,treatment,1,simulated,0,0,0,0.0
treatment_431,treatment,0,simulated,0,0,0,0.0
treatment_432,treatment,1,simulated,0,0,0,0.0
treatment_433,treatment,1,simulated,0,0,0,0.0
treatment_434,treatment,0,simulated,0,0,0,0.0
treatment_435,treatment,0,simulated,0,0,0,0.0
treatment_436,treatment,0,simulated,0,0,0,0.0
treatment_437,treatment,1,simulated,0,0,0,0.0
treatment_438,treatment,1,simulated,0,0,0,0.0
treatment_439,treatment,0,simulated,0,0,0,0.0
treatment_440,treatment,0,simulated,0,0,0,0.0
treatment_441,treatment,0,simulated,0,0,1,0.0
treatment_442,treatment,1,simulated,0,0,0,0.0
treatment_443,treatment,0,simulated,0,0,0,0.0
treatment_444,treatment,1,simulated,0,0,0,0.0
treatment_445,treatment,0,simulated,0,0,0,0.0
treatment_446,treatment,0,simulated,0,0,0,0.0
treatment_447,treatment,0,simulated,0,0,0,0.0
treatment_448,treatment,0,simulated,0,0,0,0.0
treatment_449,treatment,1,simulated,0,0,0,0.0
treatment_450,treatment,0,simulated,0,0,0,0.0
treatment_451,treatment,1,simulated,0,0,0,0.0
treatment_452,treatment,1,simulated,0,0,0,0.0
treatment_453,treatment,1,simulated,0,0,0,0.0
treatment_454,treatment,1,simulated,0,0,0,0.0
treatment_455,treatment,0,simulated,0,0,0,0.0
treatment_456,treatment,0,simulated,0,0,0,0.0
treatment_457,treatment,0,simulated,0,0,0,0.0
treatment_458,treatment,0,simulated,0,0,0,0.0
treatment_459,treatment,0,simulated,0,0,1,0.0
treatment_460,treatment,0,simulated,0,0,0,0.0
treatment_461,treatment,0,simulated,0,0,0,0.0
treatment_462,treatment,0,simulated,0,0,0,0.0
treatment_463,treatment,0,simulated,0,0,0,0.0
treatment_464,treatment,0,simulated,0,0,0,0.0
treatment_465,treatment,0,simulated,0,0,0,0.0
treatment_466,treatment,0,simulated,0,0,0,0.0
treatment_467,treatment,0,simulated,0,0,0,0.0
treatment_468,treatment,1,simulated,0,0,0,0.0
treatment_469,treatment,0,simulated,0,0,0,0.0
treatment_470,treatment,1,simulated,0,0,0,0.0
treatment_471,treatment,1,simulated,1,0,0,0.0
treatment_472,treatment,0,simulated,0,0,0,0.0
treatment_473,treatment,0,simulated,0,0,0,0.0
treatment_474,treatment,0,simulated,0,0,0,0.0
treatment_475,treatment,0,simulated,0,0,0,0.0
treatment_476,treatment,0,simulated,0,0,0,0.0
treatment_477,treatment,0,simulated,0,0,0,0.0
treatment_478,treatment,1,simulated,0,0,0,0.0
treatment_479,treatment,0,simulated,0,0,0,0.0
treatment_480,treatment,1,simulated,0,0,0,0.0
treatment_481,treatment,0,simulated,0,0,0,0.0
treatment_482,treatment,1,simulated,0,0,0,0.0
treatment_483,treatment,0,simulated,0,0,0,0.0
treatment_484,treatment,0,simulated,0,0,0,0.0
treatment_485,treatment,0,simulated,0,0,0,0.0
treatment_486,treatment,0,simulated,0,0,0,0.0
treatment_487,treatment,1,simulated,0,0,0,0.0
treatment_488,treatment,0,simulated,0,0,0,0.0
treatment_489,treatment,0,simulated,0,0,0,0.0
treatment_490,treatment,0,simulated,0,0,0,0.0
treatment_491,treatment,1,simulated,0,0,0,0.0
treatment_492,treatment,0,simulated,0,0,0,0.0
treatment_493,treatment,1,simulated,0,0,0,0.0
treatment_494,treatment,1,simulated,0,0,0,0.0
treatment_495,treatment,1,simulated,0,0,0,0.0
treatment_496,treatment,0,simulated,0,0,0,0.0
treatment_497,treatment,0,simulated,0,0,0,0.0
treatment_498,treatment,0,simulated,0,0,0,0.0
treatment_499,treatment,0,simulated,0,0,0,0.0
treatment_500,treatment,0,simulated,0,0,0,0.0
treatment_501,treatment,0,simulated,0,0,0,0.0
treatment_502,treatment,0,simulated,0,0,0,0.0
treatment_503,treatment,1,simulated,0,0,0,0.0
treatment_504,treatment,0,simulated,0,0,0,0.0
treatment_505,treatment,0,simulated,0,0,0,0.0
treatment_506,treatment,1,simulated,0,0,0,0.0
treatment_507,treatment,0,simulated,0,0,0,0.0
treatment_508,treatment,1,simulated,0,0,0,0.0
treatment_509,treatment,0,simulated,0,0,0,0.0
treatment_510,treatment,0,simulated,0,0,0,0.0
treatment_511,treatment,0,simulated,0,0,0,0.0
treatment_512,treatment,0,simulated,0,0,0,0.0
treatment_513,treatment,0,simulated,0,0,0,0.0
treatment_514,treatment,0,simulated,0,0,0,0.0
treatment_515,treatment,0,simulated,0,0,0,0.0
treatment_516,treatment,0,simulated,0,0,0,0.0
treatment_517,treatment,0,simulated,0,0,0,0.0
treatment_518,treatment,0,simulated,0,0,0,0.0
treatment_519,treatment,1,simulated,0,0,0,0.0
treatment_520,treatment,0,simulated,0,0,0,0.0
treatment_521,treatment,0,simulated,0,0,0,0.0
treatment_522,treatment,0,simulated,0,0,0,0.0
treatment_523,treatment,1,simulated,0,0,0,0.0
treatment_524,treatment,1,simulated,0,0,0,0.0
treatment_525,treatment,0,simulated,0,0,0,0.0
treatment_526,treatment,0,simulated,0,0,0,0.0
treatment_527,treatment,0,simulated,0,0,0,0.0
treatment_528,treatment,1,simulated,0,0,0,0.0
treatment_529,treatment,1,simulated,0,0,0,0.0
treatment_530,treatment,1,simulated,0,0,0,0.0
treatment_531,treatment,0,simulated,0,0,0,0.0
treatment_532,treatment,0,simulated,0,0,0,0.0
treatment_533,treatment,0,simulated,0,0,0,0.0
treatment_534,treatment,0,simulated,0,0,0,0.0
treatment_535,treatment,0,simulated,0,0,0,0.0
treatment_536,treatment,0,simulated,0,0,0,0.0
treatment_537,treatment,0,simulated,0,0,0,0.0
treatment_538,treatment,0,simulated,0,0,0,0.0
treatment_539,treatment,0,simulated,0,0,0,0.0
treatment_540,treatment,0,simulated,0,0,0,0.0
treatment_541,treatment,0,simulated,0,0,0,0.0
treatment_542,treatment,0,simulated,0,0,0,0.0
treatment_543,treatment,1,simulated,0,0,0,0.0
treatment_544,treatment,1,simulated,0,0,0,0.0
treatment_545,treatment,1,simulated,0,0,0,0.0
treatment_546,treatment,0,simulated,0,0,0,0.0
treatment_547,treatment,0,simulated,0,0,0,0.0
treatment_548,treatment,0,simulated,0,0,0,0.0
treatment_549,treatment,0,simulated,0,0,0,0.0
treatment_550,treatment,1,simulated,0,0,0,0.0
treatment_551,treatment,0,simulated,0,0,0,0.0
treatment_552,treatment,0,simulated,0,0,0,0.0
treatment_553,treatment,0,simulated,0,0,0,0.0
treatment_554,treatment,1,simulated,0,0,0,0.0
treatment_555,treatment,0,simulated,0,0,0,0.0
treatment_556,treatment,0,simulated,0,0,0,0.0
treatment_557,treatment,0,simulated,0,0,0,0.0
treatment_558,treatment,0,simulated,0,0,0,0.0
treatment_559,treatment,0,simulated,0,0,0,0.0
treatment_560,treatment,0,simulated,0,0,0,0.0
treatment_561,treatment,1,simulated,1,0,0,0.0
treatment_562,treatment,0,simulated,0,0,0,0.0
treatment_563,treatment,0,simulated,0,0,0,0.0
treatment_564,treatment,0,simulated,0,0,0,0.0
treatment_565,treatment,0,simulated,0,0,0,0.0
treatment_566,treatment,1,simulated,0,0,0,0.0
treatment_567,treatment,0,simulated,0,0,0,0.0
treatment_568,treatment,0,simulated,0,0,0,0.0
treatment_569,treatment,0,simulated,0,0,0,0.0
treatment_570,treatment,1,simulated,0,0,0,0.0
treatment_571,treatment,0,simulated,0,0,0,0.0
treatment_572,treatment,0,simulated,0,0,0,0.0
treatment_573,treatment,0,simulated,0,0,0,0.0
treatment_574,treatment,0,simulated,0,0,0,0.0
treatment_575,treatment,0,simulated,0,0,0,0.0
treatment_576,treatment,1,simulated,0,0,0,0.0
treatment_577,treatment,1,simulated,1,0,0,0.0
treatment_578,treatment,0,simulated,0,0,0,0.0
treatment_579,treatment,0,simulated,0,0,0,0.0
treatment_580,treatment,0,simulated,0,0,0,0.0
treatment_581,treatment,0,simulated,0,0,0,0.0
treatment_582,treatment,1,simulated,0,0,0,0.0
treatment_583,treatment,0,simulated,0,0,0,0.0
treatment_584,treatment,0,simulated,0,0,0,0.0
treatment_585,treatment,0,simulated,0,0,0,0.0
treatment_586,treatment,1,simulated,0,0,0,0.0
treatment_587,treatment,1,simulated,0,0,0,0.0
treatment_588,treatment,1,simulated,0,0,1,0.0
treatment_589,treatment,0,simulated,0,0,0,0.0
treatment_590,treatment,0,simulated,0,0,0,0.0
treatment_591,treatment,1,simulated,0,0,0,0.0
treatment_592,treatment,1,simulated,0,0,0,0.0
treatment_593,treatment,0,simulated,0,0,0,0.0
treatment_594,treatment,0,simulated,0,0,0,0.0
treatment_595,treatment,0,simulated,0,0,0,0.0
treatment_596,treatment,1,simulated,0,0,0,0.0
treatment_597,treatment,0,simulated,0,0,0,0.0
treatment_598,treatment,0,simulated,0,0,0,0.0
treatment_599,treatment,1,simulated,0,0,0,0.0
treatment_600,treatment,0,simulated,0,0,0,0.0
treatment_601,treatment,0,simulated,0,0,0,0.0
treatment_602,treatment,0,simulated,0,0,0,0.0
treatment_603,treatment,1,simulated,1,0,0,0.0
treatment_604,treatment,1,simulated,0,0,0,0.0
treatment_605,treatment,0,simulated,0,0,0,0.0
treatment_606,treatment,1,simulated,0,0,0,0.0
treatment_607,treatment,1,simulated,0,0,0,0.0
treatment_608,treatment,0,simulated,0,0,0,0.0
treatment_609,treatment,1,simulated,0,0,0,0.0
treatment_610,treatment,0,simulated,0,0,0,0.0
treatment_611,treatment,0,simulated,0,0,0,0.0
treatment_612,treatment,0,simulated,0,0,0,0.0
treatment_613,treatment,0,simulated,0,0,0,0.0
treatment_614,treatment,0,simulated,0,0,0,0.0
treatment_615,treatment,1,simulated,0,0,0,0.0
treatment_616,treatment,0,simulated,0,0,0,0.0
treatment_617,treatment,0,simulated,0,0,0,0.0
treatment_618,treatment,1,simulated,0,0,0,0.0
treatment_619,treatment,1,simulated,0,0,0,0.0
treatment_620,treatment,1,simulated,0,0,0,0.0
treatment_621,treatment,0,simulated,0,0,0,0.0
treatment_622,treatment,1,simulated,0,0,0,0.0
treatment_623,treatment,0,simulated,0,0,0,0.0
treatment_624,treatment,0,simulated,0,0,0,0.0
treatment_625,treatment,1,simulated,0,0,0,0.0
treatment_626,treatment,1,simulated,0,0,0,0.0
treatment_627,treatment,0,simulated,0,0,0,0.0
treatment_628,treatment,0,simulated,0,0,0,0.0
treatment_629,treatment,0,simulated,0,0,0,0.0
treatment_630,treatment,0,simulated,0,0,0,0.0
treatment_631,treatment,0,simulated,0,0,0,0.0
treatment_632,treatment,0,simulated,0,0,0,0.0
treatment_633,treatment,0,simulated,0,0,0,0.0
treatment_634,treatment,0,simulated,0,0,0,0.0
treatment_635,treatment,0,simulated,0,0,0,0.0
treatment_636,treatment,0,simulated,0,0,0,0.0
treatment_637,treatment,0,simulated,0,0,0,0.0
treatment_638,treatment,0,simulated,0,0,0,0.0
treatment_639,treatment,0,simulated,0,0,0,0.0
treatment_640,treatment,0,simulated,0,0,0,0.0
treatment_641,treatment,1,simulated,0,0,0,0.0
treatment_642,treatment,0,simulated,0,0,0,0.0
treatment_643,treatment,0,simulated,0,0,0,0.0
treatment_644,treatment,0,simulated,0,0,0,0.0
treatment_645,treatment,0,simulated,0,0,0,0.0
treatment_646,treatment,0,simulated,0,0,0,0.0
treatment_647,treatment,0,simulated,0,0,0,0.0
treatment_648,treatment,0,simulated,0,0,0,0.0
treatment_649,treatment,0,simulated,0,0,0,0.0
treatment_650,treatment,0,simulated,0,0,0,0.0
treatment_651,treatment,0,simulated,0,0,0,0.0
treatment_652,treatment,0,simulated,0,0,0,0.0
treatment_653,treatment,0,simulated,0,0,0,0.0
treatment_654,treatment,0,simulated,0,0,0,0.0
treatment_655,treatment,0,simulated,0,0,0,0.0
treatment_656,treatment,0,simulated,0,0,0,0.0
treatment_657,treatment,0,simulated,0,0,0,0.0
treatment_658,treatment,0,simulated,0,0,0,0.0
treatment_659,treatment,0,simulated,0,0,0,0.0
treatment_660,treatment,0,simulated,0,0,0,0.0
treatment_661,treatment,1,simulated,0,1,0,17.1
treatment_662,treatment,0,simulated,0,0,0,0.0
treatment_663,treatment,0,simulated,0,0,0,0.0
treatment_664,treatment,0,simulated,0,0,0,0.0
treatment_665,treatment,0,simulated,0,0,0,0.0
treatment_666,treatment,0,simulated,0,0,0,0.0
treatment_667,treatment,0,simulated,0,0,0,0.0
treatment_668,treatment,1,simulated,0,0,0,0.0
treatment_669,treatment,1,simulated,0,0,0,0.0
treatment_670,treatment,1,simulated,0,0,0,0.0
treatment_671,treatment,1,simulated,0,0,0,0.0
treatment_672,treatment,0,simulated,0,0,0,0.0
treatment_673,treatment,0,simulated,0,0,0,0.0
treatment_674,treatment,0,simulated,0,0,0,0.0
treatment_675,treatment,1,simulated,0,0,0,0.0
treatment_676,treatment,0,simulated,0,0,0,0.0
treatment_677,treatment,1,simulated,0,0,0,0.0
treatment_678,treatment,0,simulated,0,0,0,0.0
treatment_679,treatment,0,simulated,0,0,0,0.0
treatment_680,treatment,0,simulated,0,0,0,0.0
treatment_681,treatment,0,simulated,0,0,0,0.0
treatment_682,treatment,0,simulated,0,0,0,0.0
treatment_683,treatment,0,simulated,0,0,0,0.0
treatment_684,treatment,1,simulated,0,0,0,0.0
treatment_685,treatment,1,simulated,1,0,0,0.0
treatment_686,treatment,1,simulated,0,0,0,0.0
treatment_687,treatment,1,simulated,0,0,0,0.0
treatment_688,treatment,0,simulated,0,0,0,0.0
treatment_689,treatment,0,simulated,0,0,0,0.0
treatment_690,treatment,0,simulated,0,0,0,0.0
treatment_691,treatment,1,simulated,0,0,0,0.0
treatment_692,treatment,1,simulated,0,0,0,0.0
treatment_693,treatment,1,simulated,0,0,0,0.0
treatment_694,treatment,0,simulated,0,0,0,0.0
treatment_695,treatment,0,simulated,0,0,0,0.0
treatment_696,treatment,1,simulated,0,0,0,0.0
treatment_697,treatment,1,simulated,0,0,0,0.0
treatment_698,treatment,1,simulated,1,0,0,0.0
treatment_699,treatment,0,simulated,0,0,0,0.0
treatment_700,treatment,0,simulated,0,0,0,0.0
treatment_701,treatment,0,simulated,0,0,0,0.0
treatment_702,treatment,0,simulated,0,0,0,0.0
treatment_703,treatment,1,simulated,0,0,0,0.0
treatment_704,treatment,1,simulated,1,0,0,0.0
treatment_705,treatment,0,simulated,0,0,0,0.0
treatment_706,treatment,0,simulated,0,0,0,0.0
treatment_707,treatment,0,simulated,0,0,0,0.0
treatment_708,treatment,0,simulated,0,0,0,0.0
treatment_709,treatment,1,simulated,1,0,0,0.0
treatment_710,treatment,1,simulated,0,0,0,0.0
treatment_711,treatment,1,simulated,0,0,0,0.0
treatment_712,treatment,0,simulated,0,0,0,0.0
treatment_713,treatment,0,simulated,0,0,0,0.0
treatment_714,treatment,0,simulated,0,0,0,0.0
treatment_715,treatment,0,simulated,0,0,0,0.0
treatment_716,treatment,0,simulated,0,0,0,0.0
treatment_717,treatment,0,simulated,0,0,0,0.0
treatment_718,treatment,0,simulated,0,0,0,0.0
treatment_719,treatment,0,simulated,0,0,0,0.0
treatment_720,treatment,0,simulated,0,0,0,0.0
treatment_721,treatment,0,simulated,0,0,0,0.0
treatment_722,treatment,0,simulated,0,0,0,0.0
treatment_723,treatment,0,simulated,0,0,1,0.0
treatment_724,treatment,0,simulated,0,0,0,0.0
treatment_725,treatment,0,simulated,0,0,0,0.0
treatment_726,treatment,0,simulated,0,0,0,0.0
treatment_727,treatment,0,simulated,0,0,0,0.0
treatment_728,treatment,0,simulated,0,0,0,0.0
treatment_729,treatment,0,simulated,0,0,0,0.0
treatment_730,treatment,0,simulated,0,0,0,0.0
treatment_731,treatment,1,simulated,0,0,0,0.0
treatment_732,treatment,0,simulated,0,0,0,0.0
treatment_733,treatment,1,simulated,0,0,0,0.0
treatment_734,treatment,0,simulated,0,0,0,0.0
treatment_735,treatment,0,simulated,0,0,0,0.0
treatment_736,treatment,1,simulated,0,0,0,0.0
treatment_737,treatment,0,simulated,0,0,0,0.0
treatment_738,treatment,0,simulated,0,0,0,0.0
treatment_739,treatment,0,simulated,0,0,0,0.0
treatment_740,treatment,1,simulated,0,0,0,0.0
treatment_741,treatment,0,simulated,0,0,0,0.0
treatment_742,treatment,1,simulated,0,0,0,0.0
treatment_743,treatment,0,simulated,0,0,0,0.0
treatment_744,treatment,1,simulated,0,0,0,0.0
treatment_745,treatment,0,simulated,0,0,0,0.0
treatment_746,treatment,0,simulated,0,0,0,0.0
treatment_747,treatment,0,simulated,0,0,0,0.0
treatment_748,treatment,0,simulated,0,0,0,0.0
treatment_749,treatment,0,simulated,0,0,0,0.0
treatment_750,treatment,0,simulated,0,0,0,0.0
treatment_751,treatment,0,simulated,0,0,0,0.0
treatment_752,treatment,0,simulated,0,0,0,0.0
treatment_753,treatment,0,simulated,0,0,0,0.0
treatment_754,treatment,1,simulated,0,0,0,0.0
treatment_755,treatment,0,simulated,0,0,0,0.0
treatment_756,treatment,0,simulated,0,0,0,0.0
treatment_757,treatment,1,simulated,0,0,0,0.0
treatment_758,treatment,0,simulated,0,0,0,0.0
treatment_759,treatment,0,simulated,0,0,0,0.0
treatment_760,treatment,0,simulated,0,0,0,0.0
treatment_761,treatment,1,simulated,0,0,0,0.0
treatment_762,treatment,0,simulated,0,0,0,0.0
treatment_763,treatment,0,simulated,0,0,0,0.0
treatment_764,treatment,1,simulated,0,0,0,0.0
treatment_765,treatment,1,simulated,0,0,0,0.0
treatment_766,treatment,1,simulated,0,0,0,0.0
treatment_767,treatment,0,simulated,0,0,0,0.0
treatment_768,treatment,0,simulated,0,0,0,0.0
treatment_769,treatment,1,simulated,0,0,0,0.0
treatment_770,treatment,1,simulated,0,0,0,0.0
treatment_771,treatment,0,simulated,0,0,0,0.0
treatment_772,treatment,0,simulated,0,0,0,0.0
treatment_773,treatment,0,simulated,0,0,0,0.0
treatment_774,treatment,0,simulated,0,0,0,0.0
treatment_775,treatment,0,simulated,0,0,0,0.0
treatment_776,treatment,1,simulated,0,0,0,0.0
treatment_777,treatment,0,simulated,0,0,0,0.0
treatment_778,treatment,0,simulated,0,0,0,0.0
treatment_779,treatment,0,simulated,0,0,0,0.0
treatment_780,treatment,0,simulated,0,0,0,0.0
treatment_781,treatment,0,simulated,0,0,0,0.0
treatment_782,treatment,0,simulated,0,0,0,0.0
treatment_783,treatment,1,simulated,0,0,0,0.0
treatment_784,treatment,1,simulated,0,0,0,0.0
treatment_785,treatment,0,simulated,0,0,0,0.0
treatment_786,treatment,0,simulated,0,0,0,0.0
treatment_787,treatment,1,simulated,0,0,0,0.0
treatment_788,treatment,0,simulated,0,0,0,0.0
treatment_789,treatment,0,simulated,0,0,0,0.0
treatment_790,treatment,1,simulated,0,0,0,0.0
treatment_791,treatment,0,simulated,0,0,0,0.0
treatment_792,treatment,0,simulated,0,0,0,0.0
treatment_793,treatment,0,simulated,0,0,0,0.0
treatment_794,treatment,0,simulated,0,0,1,0.0
treatment_795,treatment,0,simulated,0,0,0,0.0
treatment_796,treatment,0,simulated,0,0,0,0.0
treatment_797,treatment,0,simulated,0,0,0,0.0
treatment_798,treatment,1,simulated,0,0,0,0.0
treatment_799,treatment,0,simulated,0,0,0,0.0
treatment_800,treatment,1,simulated,0,0,0,0.0
treatment_801,treatment,0,simulated,0,0,0,0.0
treatment_802,treatment,0,simulated,0,0,0,0.0
treatment_803,treatment,0,simulated,0,0,0,0.0
treatment_804,treatment,0,simulated,0,0,0,0.0
treatment_805,treatment,0,simulated,0,0,0,0.0
treatment_806,treatment,0,simulated,0,0,0,0.0
treatment_807,treatment,0,simulated,0,0,0,0.0
treatment_808,treatment,1,simulated,0,0,0,0.0
treatment_809,treatment,0,simulated,0,0,1,0.0
treatment_810,treatment,0,simulated,0,0,0,0.0
treatment_811,treatment,0,simulated,0,0,0,0.0
treatment_812,treatment,0,simulated,0,0,0,0.0
treatment_813,treatment,0,simulated,0,0,0,0.0
treatment_814,treatment,0,simulated,0,0,0,0.0
treatment_815,treatment,0,simulated,0,0,0,0.0
treatment_816,treatment,0,simulated,0,0,0,0.0
treatment_817,treatment,0,simulated,0,0,0,0.0
treatment_818,treatment,0,simulated,0,0,0,0.0
treatment_819,treatment,0,simulated,0,0,0,0.0
treatment_820,treatment,0,simulated,0,0,0,0.0
treatment_821,treatment,1,simulated,0,0,0,0.0
treatment_822,treatment,0,simulated,0,0,0,0.0
treatment_823,treatment,0,simulated,0,0,0,0.0
treatment_824,treatment,0,simulated,0,0,0,0.0
treatment_825,treatment,0,simulated,0,0,0,0.0
treatment_826,treatment,0,simulated,0,0,0,0.0
treatment_827,treatment,0,simulated,0,0,0,0.0
treatment_828,treatment,0,simulated,0,0,1,0.0
treatment_829,treatment,0,simulated,0,0,0,0.0
treatment_830,treatment,1,simulated,0,0,0,0.0
treatment_831,treatment,0,simulated,0,0,0,0.0
treatment_832,treatment,0,simulated,0,0,0,0.0
treatment_833,treatment,0,simulated,0,0,0,0.0
treatment_834,treatment,0,simulated,0,0,0,0.0
treatment_835,treatment,0,simulated,0,0,0,0.0
treatment_836,treatment,0,simulated,0,0,0,0.0
treatment_837,treatment,0,simulated,0,0,0,0.0
treatment_838,treatment,0,simulated,0,0,0,0.0
treatment_839,treatment,0,simulated,0,0,0,0.0
treatment_840,treatment,0,simulated,0,0,0,0.0
treatment_841,treatment,0,simulated,0,0,0,0.0
treatment_842,treatment,0,simulated,0,0,0,0.0
treatment_843,treatment,0,simulated,0,0,0,0.0
treatment_844,treatment,0,simulated,0,0,0,0.0
treatment_845,treatment,0,simulated,0,0,0,0.0
treatment_846,treatment,0,simulated,0,0,0,0.0
treatment_847,treatment,0,simulated,0,0,0,0.0
treatment_848,treatment,0,simulated,0,0,0,0.0
treatment_849,treatment,0,simulated,0,0,0,0.0
treatment_850,treatment,0,simulated,0,0,0,0.0
treatment_851,treatment,0,simulated,0,0,0,0.0
treatment_852,treatment,0,simulated,0,0,0,0.0
treatment_853,treatment,0,simulated,0,0,0,0.0
treatment_854,treatment,0,simulated,0,0,0,0.0
treatment_855,treatment,0,simulated,0,0,0,0.0
treatment_856,treatment,0,simulated,0,0,0,0.0
treatment_857,treatment,1,simulated,0,0,0,0.0
treatment_858,treatment,0,simulated,0,0,0,0.0
treatment_859,treatment,1,simulated,0,0,0,0.0
treatment_860,treatment,0,simulated,0,0,0,0.0
treatment_861,treatment,0,simulated,0,0,0,0.0
treatment_862,treatment,0,simulated,0,0,0,0.0
treatment_863,treatment,0,simulated,0,0,0,0.0
treatment_864,treatment,0,simulated,0,0,0,0.0
treatment_865,treatment,0,simulated,0,0,0,0.0
treatment_866,treatment,1,simulated,0,0,0,0.0
treatment_867,treatment,0,simulated,0,0,0,0.0
treatment_868,treatment,0,simulated,0,0,0,0.0
treatment_869,treatment,0,simulated,0,0,0,0.0
treatment_870,treatment,0,simulated,0,0,0,0.0
treatment_871,treatment,0,simulated,0,0,0,0.0
treatment_872,treatment,0,simulated,0,0,0,0.0
treatment_873,treatment,0,simulated,0,0,0,0.0
treatment_874,treatment,1,simulated,0,0,0,0.0
treatment_875,treatment,0,simulated,0,0,0,0.0
treatment_876,treatment,0,simulated,0,0,0,0.0
treatment_877,treatment,0,simulated,0,0,0,0.0
treatment_878,treatment,0,simulated,0,0,0,0.0
treatment_879,treatment,1,simulated,0,0,0,0.0
treatment_880,treatment,0,simulated,0,0,0,0.0
treatment_881,treatment,1,simulated,0,0,0,0.0
treatment_882,treatment,0,simulated,0,0,0,0.0
treatment_883,treatment,0,simulated,0,0,0,0.0
treatment_884,treatment,1,simulated,0,1,0,27.22
treatment_885,treatment,0,simulated,0,0,0,0.0
treatment_886,treatment,1,simulated,1,0,0,0.0
treatment_887,treatment,0,simulated,0,0,0,0.0
treatment_888,treatment,0,simulated,0,0,0,0.0
treatment_889,treatment,0,simulated,0,0,0,0.0
treatment_890,treatment,0,simulated,0,0,0,0.0
treatment_891,treatment,0,simulated,0,0,0,0.0
treatment_892,treatment,0,simulated,0,0,0,0.0
treatment_893,treatment,0,simulated,0,0,0,0.0
treatment_894,treatment,0,simulated,0,0,0,0.0
treatment_895,treatment,0,simulated,0,0,0,0.0
treatment_896,treatment,0,simulated,0,0,0,0.0
treatment_897,treatment,0,simulated,0,0,0,0.0
treatment_898,treatment,1,simulated,1,0,0,0.0
treatment_899,treatment,0,simulated,0,0,0,0.0
treatment_900,treatment,0,simulated,0,0,0,0.0
treatment_901,treatment,1,simulated,0,0,0,0.0
treatment_902,treatment,0,simulated,0,0,0,0.0
treatment_903,treatment,1,simulated,0,0,0,0.0
treatment_904,treatment,0,simulated,0,0,0,0.0
treatment_905,treatment,0,simulated,0,0,0,0.0
treatment_906,treatment,0,simulated,0,0,0,0.0
treatment_907,treatment,1,simulated,0,0,0,0.0
treatment_908,treatment,0,simulated,0,0,0,0.0
treatment_909,treatment,0,simulated,0,0,0,0.0
treatment_910,treatment,0,simulated,0,0,0,0.0
treatment_911,treatment,0,simulated,0,0,0,0.0
treatment_912,treatment,0,simulated,0,0,0,0.0
treatment_913,treatment,0,simulated,0,0,1,0.0
treatment_914,treatment,0,simulated,0,0,0,0.0
treatment_915,treatment,1,simulated,0,0,0,0.0
treatment_916,treatment,0,simulated,0,0,0,0.0
treatment_917,treatment,0,simulated,0,0,0,0.0
treatment_918,treatment,0,simulated,0,0,0,0.0
treatment_919,treatment,1,simulated,0,0,0,0.0
treatment_920,treatment,1,simulated,0,0,0,0.0
treatment_921,treatment,0,simulated,0,0,0,0.0
treatment_922,treatment,1,simulated,0,0,0,0.0
treatment_923,treatment,0,simulated,0,0,0,0.0
treatment_924,treatment,0,simulated,0,0,0,0.0
treatment_925,treatment,0,simulated,0,0,0,0.0
treatment_926,treatment,0,simulated,0,0,0,0.0
treatment_927,treatment,0,simulated,0,0,0,0.0
treatment_928,treatment,1,simulated,0,0,0,0.0
treatment_929,treatment,0,simulated,0,0,0,0.0
treatment_930,treatment,0,simulated,0,0,0,0.0
treatment_931,treatment,0,simulated,0,0,0,0.0
treatment_932,treatment,0,simulated,0,0,0,0.0
treatment_933,treatment,0,simulated,0,0,0,0.0
treatment_934,treatment,0,simulated,0,0,0,0.0
treatment_935,treatment,0,simulated,0,0,0,0.0
treatment_936,treatment,0,simulated,0,0,0,0.0
treatment_937,treatment,0,simulated,0,0,0,0.0
treatment_938,treatment,0,simulated,0,0,0,0.0
treatment_939,treatment,0,simulated,0,0,0,0.0
treatment_940,treatment,1,simulated,0,0,0,0.0
treatment_941,treatment,0,simulated,0,0,0,0.0
treatment_942,treatment,1,simulated,0,0,0,0.0
treatment_943,treatment,0,simulated,0,0,0,0.0
treatment_944,treatment,1,simulated,0,0,0,0.0
treatment_945,treatment,0,simulated,0,0,0,0.0
treatment_946,treatment,0,simulated,0,0,0,0.0
treatment_947,treatment,0,simulated,0,0,0,0.0
treatment_948,treatment,1,simulated,1,0,0,0.0
treatment_949,treatment,0,simulated,0,0,0,0.0
treatment_950,treatment,0,simulated,0,0,0,0.0
treatment_951,treatment,0,simulated,0,0,0,0.0
treatment_952,treatment,0,simulated,0,0,0,0.0
treatment_953,treatment,0,simulated,0,0,0,0.0
treatment_954,treatment,0,simulated,0,0,0,0.0
treatment_955,treatment,0,simulated,0,0,0,0.0
treatment_956,treatment,0,simulated,0,0,0,0.0
treatment_957,treatment,0,simulated,0,0,0,0.0
treatment_958,treatment,0,simulated,0,0,0,0.0
treatment_959,treatment,0,simulated,0,0,0,0.0
treatment_960,treatment,0,simulated,0,0,0,0.0
treatment_961,treatment,0,simulated,0,0,0,0.0
treatment_962,treatment,0,simulated,0,0,0,0.0
treatment_963,treatment,0,simulated,0,0,0,0.0
treatment_964,treatment,0,simulated,0,0,0,0.0
treatment_965,treatment,0,simulated,0,0,0,0.0
treatment_966,treatment,0,simulated,0,0,0,0.0
treatment_967,treatment,0,simulated,0,0,0,0.0
treatment_968,treatment,0,simulated,0,0,0,0.0
treatment_969,treatment,0,simulated,0,0,0,0.0
treatment_970,treatment,0,simulated,0,0,0,0.0
treatment_971,treatment,0,simulated,0,0,0,0.0
treatment_972,treatment,0,simulated,0,0,0,0.0
treatment_973,treatment,0,simulated,0,0,0,0.0
treatment_974,treatment,0,simulated,0,0,0,0.0
treatment_975,treatment,0,simulated,0,0,0,0.0
treatment_976,treatment,0,simulated,0,0,0,0.0
treatment_977,treatment,0,simulated,0,0,0,0.0
treatment_978,treatment,0,simulated,0,0,0,0.0
treatment_979,treatment,0,simulated,0,0,0,0.0
treatment_980,treatment,0,simulated,0,0,0,0.0
treatment_981,treatment,0,simulated,0,0,0,0.0
treatment_982,treatment,0,simulated,0,0,0,0.0
treatment_983,treatment,0,simulated,0,0,0,0.0
treatment_984,treatment,0,simulated,0,0,0,0.0
treatment_985,treatment,1,simulated,0,0,0,0.0
treatment_986,treatment,0,simulated,0,0,0,0.0
treatment_987,treatment,0,simulated,0,0,0,0.0
treatment_988,treatment,0,simulated,0,0,0,0.0
treatment_989,treatment,1,simulated,0,0,0,0.0
treatment_990,treatment,0,simulated,0,0,0,0.0
treatment_991,treatment,1,simulated,0,0,0,0.0
treatment_992,treatment,0,simulated,0,0,0,0.0
treatment_993,treatment,1,simulated,0,0,0,0.0
treatment_994,treatment,0,simulated,0,0,0,0.0
treatment_995,treatment,0,simulated,0,0,0,0.0
treatment_996,treatment,1,simulated,0,0,0,0.0
treatment_997,treatment,0,simulated,0,0,0,0.0
treatment_998,treatment,0,simulated,0,0,0,0.0
treatment_999,treatment,0,simulated,0,0,0,0.0
treatment_1000,treatment,0,simulated,0,0,0,0.0
treatment_1001,treatment,0,simulated,0,0,0,0.0
treatment_1002,treatment,0,simulated,0,0,0,0.0
treatment_1003,treatment,0,simulated,0,0,0,0.0
treatment_1004,treatment,0,simulated,0,0,0,0.0
treatment_1005,treatment,1,simulated,0,0,0,0.0
treatment_1006,treatment,1,simulated,0,0,0,0.0
treatment_1007,treatment,0,simulated,0,0,0,0.0
treatment_1008,treatment,0,simulated,0,0,0,0.0
treatment_1009,treatment,0,simulated,0,0,0,0.0
treatment_1010,treatment,0,simulated,0,0,0,0.0
treatment_1011,treatment,0,simulated,0,0,0,0.0
treatment_1012,treatment,1,simulated,0,0,0,0.0
treatment_1013,treatment,0,simulated,0,0,0,0.0
treatment_1014,treatment,0,simulated,0,0,0,0.0
treatment_1015,treatment,1,simulated,0,0,0,0.0
treatment_1016,treatment,0,simulated,0,0,0,0.0
treatment_1017,treatment,1,simulated,0,0,0,0.0
treatment_1018,treatment,1,simulated,0,0,0,0.0
treatment_1019,treatment,0,simulated,0,0,0,0.0
treatment_1020,treatment,0,simulated,0,0,0,0.0
treatment_1021,treatment,1,simulated,0,0,0,0.0
treatment_1022,treatment,0,simulated,0,0,0,0.0
treatment_1023,treatment,0,simulated,0,0,0,0.0
treatment_1024,treatment,0,simulated,0,0,0,0.0
treatment_1025,treatment,0,simulated,0,0,0,0.0
treatment_1026,treatment,0,simulated,0,0,0,0.0
treatment_1027,treatment,0,simulated,0,0,0,0.0
treatment_1028,treatment,0,simulated,0,0,0,0.0
treatment_1029,treatment,0,simulated,0,0,0,0.0
treatment_1030,treatment,0,simulated,0,0,0,0.0
treatment_1031,treatment,0,simulated,0,0,0,0.0
treatment_1032,treatment,0,simulated,0,0,0,0.0
treatment_1033,treatment,0,simulated,0,0,0,0.0
treatment_1034,treatment,0,simulated,0,0,0,0.0
treatment_1035,treatment,1,simulated,1,0,0,0.0
treatment_1036,treatment,0,simulated,0,0,0,0.0
treatment_1037,treatment,1,simulated,0,0,0,0.0
treatment_1038,treatment,0,simulated,0,0,0,0.0
treatment_1039,treatment,0,simulated,0,0,0,0.0
treatment_1040,treatment,1,simulated,0,0,0,0.0
treatment_1041,treatment,1,simulated,0,0,0,0.0
treatment_1042,treatment,0,simulated,0,0,0,0.0
treatment_1043,treatment,0,simulated,0,0,0,0.0
treatment_1044,treatment,0,simulated,0,0,0,0.0
treatment_1045,treatment,0,simulated,0,0,0,0.0
treatment_1046,treatment,1,simulated,0,0,0,0.0
treatment_1047,treatment,0,simulated,0,0,0,0.0
treatment_1048,treatment,0,simulated,0,0,0,0.0
treatment_1049,treatment,1,simulated,0,0,0,0.0
treatment_1050,treatment,1,simulated,0,0,0,0.0
treatment_1051,treatment,0,simulated,0,0,0,0.0
treatment_1052,treatment,0,simulated,0,0,0,0.0
treatment_1053,treatment,0,simulated,0,0,0,0.0
treatment_1054,treatment,0,simulated,0,0,0,0.0
treatment_1055,treatment,0,simulated,0,0,0,0.0
treatment_1056,treatment,0,simulated,0,0,0,0.0
treatment_1057,treatment,0,simulated,0,0,0,0.0
treatment_1058,treatment,0,simulated,0,0,0,0.0
treatment_1059,treatment,1,simulated,0,0,0,0.0
treatment_1060,treatment,0,simulated,0,0,0,0.0
treatment_1061,treatment,1,simulated,0,0,0,0.0
treatment_1062,treatment,0,simulated,0,0,0,0.0
treatment_1063,treatment,0,simulated,0,0,0,0.0
treatment_1064,treatment,0,simulated,0,0,0,0.0
treatment_1065,treatment,0,simulated,0,0,0,0.0
treatment_1066,treatment,0,simulated,0,0,0,0.0
treatment_1067,treatment,1,simulated,0,0,0,0.0
treatment_1068,treatment,0,simulated,0,0,0,0.0
treatment_1069,treatment,0,simulated,0,0,0,0.0
treatment_1070,treatment,0,simulated,0,0,0,0.0
treatment_1071,treatment,0,simulated,0,0,0,0.0
treatment_1072,treatment,1,simulated,0,0,0,0.0
treatment_1073,treatment,0,simulated,0,0,0,0.0
treatment_1074,treatment,0,simulated,0,0,0,0.0
treatment_1075,treatment,0,simulated,0,0,0,0.0
treatment_1076,treatment,0,simulated,0,0,0,0.0
treatment_1077,treatment,1,simulated,0,0,0,0.0
treatment_1078,treatment,1,simulated,0,0,0,0.0
treatment_1079,treatment,0,simulated,0,0,0,0.0
treatment_1080,treatment,0,simulated,0,0,0,0.0
treatment_1081,treatment,1,simulated,0,0,0,0.0
treatment_1082,treatment,1,simulated,0,0,0,0.0
treatment_1083,treatment,0,simulated,0,0,0,0.0
treatment_1084,treatment,0,simulated,0,0,0,0.0
treatment_1085,treatment,0,simulated,0,0,0,0.0
treatment_1086,treatment,1,simulated,0,0,0,0.0
treatment_1087,treatment,0,simulated,0,0,0,0.0
treatment_1088,treatment,0,simulated,0,0,0,0.0
treatment_1089,treatment,1,simulated,0,0,0,0.0
treatment_1090,treatment,0,simulated,0,0,0,0.0
treatment_1091,treatment,0,simulated,0,0,0,0.0
treatment_1092,treatment,0,simulated,0,0,0,0.0
treatment_1093,treatment,0,simulated,0,0,0,0.0
treatment_1094,treatment,1,simulated,0,0,0,0.0
treatment_1095,treatment,0,simulated,0,0,0,0.0
treatment_1096,treatment,0,simulated,0,0,0,0.0
treatment_1097,treatment,0,simulated,0,0,0,0.0
treatment_1098,treatment,0,simulated,0,0,0,0.0
treatment_1099,treatment,0,simulated,0,0,0,0.0
treatment_1100,treatment,0,simulated,0,0,0,0.0
treatment_1101,treatment,0,simulated,0,0,0,0.0
treatment_1102,treatment,1,simulated,0,0,0,0.0
treatment_1103,treatment,0,simulated,0,0,0,0.0
treatment_1104,treatment,0,simulated,0,0,0,0.0
treatment_1105,treatment,1,simulated,0,0,0,0.0
treatment_1106,treatment,0,simulated,0,0,0,0.0
treatment_1107,treatment,0,simulated,0,0,0,0.0
treatment_1108,treatment,0,simulated,0,0,0,0.0
treatment_1109,treatment,0,simulated,0,0,0,0.0
treatment_1110,treatment,0,simulated,0,0,0,0.0
treatment_1111,treatment,0,simulated,0,0,0,0.0
treatment_1112,treatment,1,simulated,0,0,0,0.0
treatment_1113,treatment,0,simulated,0,0,0,0.0
treatment_1114,treatment,0,simulated,0,0,0,0.0
treatment_1115,treatment,0,simulated,0,0,0,0.0
treatment_1116,treatment,0,simulated,0,0,0,0.0
treatment_1117,treatment,0,simulated,0,0,0,0.0
treatment_1118,treatment,0,simulated,0,0,0,0.0
treatment_1119,treatment,0,simulated,0,0,0,0.0
treatment_1120,treatment,0,simulated,0,0,0,0.0
treatment_1121,treatment,1,simulated,1,0,0,0.0
treatment_1122,treatment,1,simulated,1,0,0,0.0
treatment_1123,treatment,0,simulated,0,0,0,0.0
treatment_1124,treatment,1,simulated,0,0,0,0.0
treatment_1125,treatment,1,simulated,0,0,0,0.0
treatment_1126,treatment,0,simulated,0,0,0,0.0
treatment_1127,treatment,1,simulated,0,0,0,0.0
treatment_1128,treatment,0,simulated,0,0,0,0.0
treatment_1129,treatment,0,simulated,0,0,0,0.0
treatment_1130,treatment,0,simulated,0,0,0,0.0
treatment_1131,treatment,0,simulated,0,0,0,0.0
treatment_1132,treatment,0,simulated,0,0,0,0.0
treatment_1133,treatment,0,simulated,0,0,0,0.0
treatment_1134,treatment,0,simulated,0,0,0,0.0
treatment_1135,treatment,0,simulated,0,0,0,0.0
treatment_1136,treatment,1,simulated,0,0,0,0.0
treatment_1137,treatment,0,simulated,0,0,0,0.0
treatment_1138,treatment,0,simulated,0,0,0,0.0
treatment_1139,treatment,1,simulated,0,0,0,0.0
treatment_1140,treatment,0,simulated,0,0,0,0.0
treatment_1141,treatment,1,simulated,0,0,0,0.0
treatment_1142,treatment,0,simulated,0,0,0,0.0
treatment_1143,treatment,0,simulated,0,0,0,0.0
treatment_1144,treatment,0,simulated,0,0,0,0.0
treatment_1145,treatment,1,simulated,0,1,0,16.72
treatment_1146,treatment,1,simulated,0,0,0,0.0
treatment_1147,treatment,0,simulated,0,0,0,0.0
treatment_1148,treatment,1,simulated,0,0,0,0.0
treatment_1149,treatment,1,simulated,1,0,0,0.0
treatment_1150,treatment,1,simulated,0,0,0,0.0
treatment_1151,treatment,0,simulated,0,0,0,0.0
treatment_1152,treatment,0,simulated,0,0,0,0.0
treatment_1153,treatment,0,simulated,0,0,0,0.0
treatment_1154,treatment,0,simulated,0,0,0,0.0
treatment_1155,treatment,0,simulated,0,0,0,0.0
treatment_1156,treatment,0,simulated,0,0,0,0.0
treatment_1157,treatment,0,simulated,0,0,0,0.0
treatment_1158,treatment,0,simulated,0,0,0,0.0
treatment_1159,treatment,0,simulated,0,0,0,0.0
treatment_1160,treatment,0,simulated,0,0,0,0.0
treatment_1161,treatment,0,simulated,0,0,0,0.0
treatment_1162,treatment,0,simulated,0,0,0,0.0
treatment_1163,treatment,0,simulated,0,0,0,0.0
treatment_1164,treatment,1,simulated,0,0,0,0.0
treatment_1165,treatment,0,simulated,0,0,0,0.0
treatment_1166,treatment,0,simulated,0,0,0,0.0
treatment_1167,treatment,0,simulated,0,0,0,0.0
treatment_1168,treatment,0,simulated,0,0,0,0.0
treatment_1169,treatment,0,simulated,0,0,0,0.0
treatment_1170,treatment,0,simulated,0,0,0,0.0
treatment_1171,treatment,1,simulated,0,0,0,0.0
treatment_1172,treatment,0,simulated,0,0,0,0.0
treatment_1173,treatment,0,simulated,0,0,0,0.0
treatment_1174,treatment,0,simulated,0,0,0,0.0
treatment_1175,treatment,0,simulated,0,0,0,0.0
treatment_1176,treatment,1,simulated,0,0,0,0.0
treatment_1177,treatment,0,simulated,0,0,0,0.0
treatment_1178,treatment,1,simulated,1,0,0,0.0
treatment_1179,treatment,0,simulated,0,0,0,0.0
treatment_1180,treatment,0,simulated,0,0,0,0.0
treatment_1181,treatment,0,simulated,0,0,0,0.0
treatment_1182,treatment,0,simulated,0,0,0,0.0
treatment_1183,treatment,0,simulated,0,0,0,0.0
treatment_1184,treatment,0,simulated,0,0,0,0.0
treatment_1185,treatment,1,simulated,0,0,0,0.0
treatment_1186,treatment,0,simulated,0,0,0,0.0
treatment_1187,treatment,1,simulated,0,0,0,0.0
treatment_1188,treatment,0,simulated,0,0,0,0.0
treatment_1189,treatment,0,simulated,0,0,0,0.0
treatment_1190,treatment,0,simulated,0,0,0,0.0
treatment_1191,treatment,0,simulated,0,0,0,0.0
treatment_1192,treatment,0,simulated,0,0,0,0.0
treatment_1193,treatment,0,simulated,0,0,0,0.0
treatment_1194,treatment,1,simulated,0,0,0,0.0
treatment_1195,treatment,0,simulated,0,0,0,0.0
treatment_1196,treatment,0,simulated,0,0,0,0.0
treatment_1197,treatment,0,simulated,0,0,0,0.0
treatment_1198,treatment,0,simulated,0,0,0,0.0
treatment_1199,treatment,0,simulated,0,0,0,0.0
treatment_1200,treatment,0,simulated,0,0,0,0.0
treatment_1201,treatment,0,simulated,0,0,0,0.0
treatment_1202,treatment,0,simulated,0,0,0,0.0
treatment_1203,treatment,1,simulated,0,0,0,0.0
treatment_1204,treatment,1,simulated,0,0,0,0.0
treatment_1205,treatment,0,simulated,0,0,0,0.0
treatment_1206,treatment,0,simulated,0,0,0,0.0
treatment_1207,treatment,0,simulated,0,0,0,0.0
treatment_1208,treatment,0,simulated,0,0,0,0.0
treatment_1209,treatment,1,simulated,0,0,0,0.0
treatment_1210,treatment,1,simulated,0,0,0,0.0
treatment_1211,treatment,0,simulated,0,0,0,0.0
treatment_1212,treatment,1,simulated,0,0,0,0.0
treatment_1213,treatment,0,simulated,0,0,0,0.0
treatment_1214,treatment,0,simulated,0,0,0,0.0
treatment_1215,treatment,0,simulated,0,0,0,0.0
treatment_1216,treatment,0,simulated,0,0,0,0.0
treatment_1217,treatment,0,simulated,0,0,0,0.0
treatment_1218,treatment,0,simulated,0,0,0,0.0
treatment_1219,treatment,0,simulated,0,0,0,0.0
treatment_1220,treatment,0,simulated,0,0,0,0.0
treatment_1221,treatment,1,simulated,0,0,0,0.0
treatment_1222,treatment,0,simulated,0,0,0,0.0
treatment_1223,treatment,0,simulated,0,0,0,0.0
treatment_1224,treatment,0,simulated,0,0,0,0.0
treatment_1225,treatment,1,simulated,0,0,0,0.0
treatment_1226,treatment,0,simulated,0,0,0,0.0
treatment_1227,treatment,0,simulated,0,0,0,0.0
treatment_1228,treatment,0,simulated,0,0,0,0.0
treatment_1229,treatment,0,simulated,0,0,0,0.0
treatment_1230,treatment,0,simulated,0,0,0,0.0
treatment_1231,treatment,0,simulated,0,0,0,0.0
treatment_1232,treatment,0,simulated,0,0,0,0.0
treatment_1233,treatment,0,simulated,0,0,0,0.0
treatment_1234,treatment,0,simulated,0,0,0,0.0
treatment_1235,treatment,0,simulated,0,0,0,0.0
treatment_1236,treatment,1,simulated,0,0,0,0.0
treatment_1237,treatment,0,simulated,0,0,1,0.0
treatment_1238,treatment,0,simulated,0,0,0,0.0
treatment_1239,treatment,1,simulated,0,0,0,0.0
treatment_1240,treatment,1,simulated,0,0,0,0.0
treatment_1241,treatment,0,simulated,0,0,0,0.0
treatment_1242,treatment,1,simulated,0,0,0,0.0
treatment_1243,treatment,0,simulated,0,0,0,0.0
treatment_1244,treatment,0,simulated,0,0,0,0.0
treatment_1245,treatment,1,simulated,1,0,0,0.0
treatment_1246,treatment,1,simulated,0,0,0,0.0
treatment_1247,treatment,0,simulated,0,0,0,0.0
treatment_1248,treatment,0,simulated,0,0,0,0.0
treatment_1249,treatment,0,simulated,0,0,0,0.0
treatment_1250,treatment,1,simulated,0,0,0,0.0
treatment_1251,treatment,0,simulated,0,0,0,0.0
treatment_1252,treatment,0,simulated,0,0,0,0.0
treatment_1253,treatment,0,simulated,0,0,0,0.0
treatment_1254,treatment,0,simulated,0,0,0,0.0
treatment_1255,treatment,1,simulated,0,0,0,0.0
treatment_1256,treatment,0,simulated,0,0,0,0.0
treatment_1257,treatment,1,simulated,0,0,0,0.0
treatment_1258,treatment,0,simulated,0,0,0,0.0
treatment_1259,treatment,0,simulated,0,0,0,0.0
treatment_1260,treatment,1,simulated,0,0,0,0.0
treatment_1261,treatment,1,simulated,0,0,0,0.0
treatment_1262,treatment,1,simulated,0,0,0,0.0
treatment_1263,treatment,0,simulated,0,0,0,0.0
treatment_1264,treatment,0,simulated,0,0,0,0.0
treatment_1265,treatment,1,simulated,0,0,0,0.0
treatment_1266,treatment,0,simulated,0,0,0,0.0
treatment_1267,treatment,1,simulated,0,0,0,0.0
treatment_1268,treatment,0,simulated,0,0,0,0.0
treatment_1269,treatment,0,simulated,0,0,0,0.0
treatment_1270,treatment,1,simulated,1,0,0,0.0
treatment_1271,treatment,0,simulated,0,0,0,0.0
treatment_1272,treatment,0,simulated,0,0,0,0.0
treatment_1273,treatment,0,simulated,0,0,0,0.0
treatment_1274,treatment,0,simulated,0,0,0,0.0
treatment_1275,treatment,0,simulated,0,0,0,0.0
treatment_1276,treatment,0,simulated,0,0,0,0.0
treatment_1277,treatment,0,simulated,0,0,0,0.0
treatment_1278,treatment,0,simulated,0,0,0,0.0
treatment_1279,treatment,0,simulated,0,0,0,0.0
treatment_1280,treatment,0,simulated,0,0,0,0.0
treatment_1281,treatment,0,simulated,0,0,0,0.0
treatment_1282,treatment,0,simulated,0,0,0,0.0
treatment_1283,treatment,1,simulated,0,0,0,0.0
treatment_1284,treatment,0,simulated,0,0,0,0.0
treatment_1285,treatment,1,simulated,0,0,0,0.0
treatment_1286,treatment,1,simulated,0,0,0,0.0
treatment_1287,treatment,1,simulated,0,0,0,0.0
treatment_1288,treatment,0,simulated,0,0,0,0.0
treatment_1289,treatment,1,simulated,1,0,0,0.0
treatment_1290,treatment,0,simulated,0,0,0,0.0
treatment_1291,treatment,0,simulated,0,0,0,0.0
treatment_1292,treatment,0,simulated,0,0,0,0.0
treatment_1293,treatment,1,simulated,0,0,0,0.0
treatment_1294,treatment,0,simulated,0,0,0,0.0
treatment_1295,treatment,1,simulated,1,0,0,0.0
treatment_1296,treatment,1,simulated,1,0,0,0.0
treatment_1297,treatment,1,simulated,0,0,0,0.0
treatment_1298,treatment,0,simulated,0,0,0,0.0
treatment_1299,treatment,1,simulated,0,0,0,0.0
treatment_1300,treatment,0,simulated,0,0,0,0.0
treatment_1301,treatment,0,simulated,0,0,0,0.0
treatment_1302,treatment,1,simulated,0,0,0,0.0
treatment_1303,treatment,0,simulated,0,0,0,0.0
treatment_1304,treatment,0,simulated,0,0,0,0.0
treatment_1305,treatment,0,simulated,0,0,0,0.0
treatment_1306,treatment,0,simulated,0,0,0,0.0
treatment_1307,treatment,1,simulated,0,0,0,0.0
treatment_1308,treatment,0,simulated,0,0,0,0.0
treatment_1309,treatment,0,simulated,0,0,0,0.0
treatment_1310,treatment,0,simulated,0,0,0,0.0
treatment_1311,treatment,1,simulated,0,0,0,0.0
treatment_1312,treatment,0,simulated,0,0,0,0.0
treatment_1313,treatment,0,simulated,0,0,0,0.0
treatment_1314,treatment,0,simulated,0,0,1,0.0
treatment_1315,treatment,0,simulated,0,0,0,0.0
treatment_1316,treatment,1,simulated,0,0,0,0.0
treatment_1317,treatment,0,simulated,0,0,0,0.0
treatment_1318,treatment,0,simulated,0,0,0,0.0
treatment_1319,treatment,1,simulated,0,0,0,0.0
treatment_1320,treatment,0,simulated,0,0,0,0.0
treatment_1321,treatment,0,simulated,0,0,0,0.0
treatment_1322,treatment,0,simulated,0,0,0,0.0
treatment_1323,treatment,0,simulated,0,0,0,0.0
treatment_1324,treatment,0,simulated,0,0,0,0.0
treatment_1325,treatment,1,simulated,0,0,0,0.0
treatment_1326,treatment,1,simulated,0,0,0,0.0
treatment_1327,treatment,0,simulated,0,0,0,0.0
treatment_1328,treatment,0,simulated,0,0,0,0.0
treatment_1329,treatment,0,simulated,0,0,0,0.0
treatment_1330,treatment,0,simulated,0,0,0,0.0
treatment_1331,treatment,0,simulated,0,0,0,0.0
treatment_1332,treatment,0,simulated,0,0,0,0.0
treatment_1333,treatment,1,simulated,0,0,0,0.0
treatment_1334,treatment,0,simulated,0,0,0,0.0
treatment_1335,treatment,0,simulated,0,0,0,0.0
treatment_1336,treatment,0,simulated,0,0,0,0.0
treatment_1337,treatment,1,simulated,0,0,0,0.0
treatment_1338,treatment,0,simulated,0,0,0,0.0
treatment_1339,treatment,0,simulated,0,0,0,0.0
treatment_1340,treatment,0,simulated,0,0,0,0.0
treatment_1341,treatment,0,simulated,0,0,0,0.0
treatment_1342,treatment,0,simulated,0,0,0,0.0
treatment_1343,treatment,1,simulated,0,0,0,0.0
treatment_1344,treatment,0,simulated,0,0,0,0.0
treatment_1345,treatment,0,simulated,0,0,0,0.0
treatment_1346,treatment,0,simulated,0,0,0,0.0
treatment_1347,treatment,0,simulated,0,0,0,0.0
treatment_1348,treatment,0,simulated,0,0,0,0.0
treatment_1349,treatment,0,simulated,0,0,0,0.0
treatment_1350,treatment,0,simulated,0,0,0,0.0
treatment_1351,treatment,0,simulated,0,0,0,0.0
treatment_1352,treatment,0,simulated,0,0,0,0.0
treatment_1353,treatment,1,simulated,0,0,0,0.0
treatment_1354,treatment,1,simulated,0,0,0,0.0
treatment_1355,treatment,1,simulated,1,0,0,0.0
treatment_1356,treatment,0,simulated,0,0,0,0.0
treatment_1357,treatment,0,simulated,0,0,0,0.0
treatment_1358,treatment,0,simulated,0,0,0,0.0
treatment_1359,treatment,0,simulated,0,0,0,0.0
treatment_1360,treatment,0,simulated,0,0,1,0.0
treatment_1361,treatment,0,simulated,0,0,0,0.0
treatment_1362,treatment,0,simulated,0,0,0,0.0
treatment_1363,treatment,0,simulated,0,0,0,0.0
treatment_1364,treatment,0,simulated,0,0,0,0.0
treatment_1365,treatment,0,simulated,0,0,0,0.0
treatment_1366,treatment,0,simulated,0,0,0,0.0
treatment_1367,treatment,1,simulated,0,0,0,0.0
treatment_1368,treatment,0,simulated,0,0,0,0.0
treatment_1369,treatment,0,simulated,0,0,0,0.0
treatment_1370,treatment,0,simulated,0,0,0,0.0
treatment_1371,treatment,0,simulated,0,0,0,0.0
treatment_1372,treatment,0,simulated,0,0,0,0.0
treatment_1373,treatment,0,simulated,0,0,0,0.0
treatment_1374,treatment,0,simulated,0,0,0,0.0
treatment_1375,treatment,0,simulated,0,0,0,0.0
treatment_1376,treatment,1,simulated,0,0,0,0.0
treatment_1377,treatment,0,simulated,0,0,0,0.0
treatment_1378,treatment,0,simulated,0,0,0,0.0
treatment_1379,treatment,0,simulated,0,0,0,0.0
treatment_1380,treatment,1,simulated,0,0,0,0.0
treatment_1381,treatment,0,simulated,0,0,0,0.0
treatment_1382,treatment,0,simulated,0,0,0,0.0
treatment_1383,treatment,0,simulated,0,0,0,0.0
treatment_1384,treatment,0,simulated,0,0,0,0.0
treatment_1385,treatment,0,simulated,0,0,0,0.0
treatment_1386,treatment,0,simulated,0,0,0,0.0
treatment_1387,treatment,0,simulated,0,0,0,0.0
treatment_1388,treatment,1,simulated,0,0,0,0.0
treatment_1389,treatment,0,simulated,0,0,0,0.0
treatment_1390,treatment,1,simulated,1,0,0,0.0
treatment_1391,treatment,0,simulated,0,0,0,0.0
treatment_1392,treatment,0,simulated,0,0,0,0.0
treatment_1393,treatment,1,simulated,0,0,0,0.0
treatment_1394,treatment,1,simulated,0,0,0,0.0
treatment_1395,treatment,1,simulated,0,0,0,0.0
treatment_1396,treatment,1,simulated,0,0,0,0.0
treatment_1397,treatment,0,simulated,0,0,0,0.0
treatment_1398,treatment,0,simulated,0,0,0,0.0
treatment_1399,treatment,0,simulated,0,0,0,0.0
treatment_1400,treatment,0,simulated,0,0,0,0.0
treatment_1401,treatment,0,simulated,0,0,0,0.0
treatment_1402,treatment,1,simulated,0,0,0,0.0
treatment_1403,treatment,0,simulated,0,0,0,0.0
treatment_1404,treatment,0,simulated,0,0,0,0.0
treatment_1405,treatment,0,simulated,0,0,0,0.0
treatment_1406,treatment,0,simulated,0,0,0,0.0
treatment_1407,treatment,1,simulated,0,0,0,0.0
treatment_1408,treatment,0,simulated,0,0,0,0.0
treatment_1409,treatment,0,simulated,0,0,0,0.0
treatment_1410,treatment,1,simulated,0,0,0,0.0
treatment_1411,treatment,0,simulated,0,0,0,0.0
treatment_1412,treatment,0,simulated,0,0,0,0.0
treatment_1413,treatment,0,simulated,0,0,0,0.0
treatment_1414,treatment,1,simulated,0,0,0,0.0
treatment_1415,treatment,0,simulated,0,0,0,0.0
treatment_1416,treatment,0,simulated,0,0,0,0.0
treatment_1417,treatment,1,simulated,0,0,0,0.0
treatment_1418,treatment,1,simulated,1,0,0,0.0
treatment_1419,treatment,0,simulated,0,0,0,0.0
treatment_1420,treatment,0,simulated,0,0,0,0.0
treatment_1421,treatment,0,simulated,0,0,0,0.0
treatment_1422,treatment,0,simulated,0,0,0,0.0
treatment_1423,treatment,0,simulated,0,0,0,0.0
treatment_1424,treatment,0,simulated,0,0,0,0.0
treatment_1425,treatment,0,simulated,0,0,0,0.0
treatment_1426,treatment,0,simulated,0,0,0,0.0
treatment_1427,treatment,1,simulated,0,0,0,0.0
treatment_1428,treatment,1,simulated,0,0,0,0.0
treatment_1429,treatment,0,simulated,0,0,0,0.0
treatment_1430,treatment,0,simulated,0,0,0,0.0
treatment_1431,treatment,1,simulated,0,0,0,0.0
treatment_1432,treatment,0,simulated,0,0,0,0.0
treatment_1433,treatment,0,simulated,0,0,0,0.0
treatment_1434,treatment,0,simulated,0,0,0,0.0
treatment_1435,treatment,0,simulated,0,0,0,0.0
treatment_1436,treatment,0,simulated,0,0,0,0.0
treatment_1437,treatment,0,simulated,0,0,0,0.0
treatment_1438,treatment,1,simulated,0,0,0,0.0
treatment_1439,treatment,0,simulated,0,0,0,0.0
treatment_1440,treatment,0,simulated,0,0,0,0.0
treatment_1441,treatment,1,simulated,0,0,0,0.0
treatment_1442,treatment,0,simulated,0,0,0,0.0
treatment_1443,treatment,1,simulated,0,0,0,0.0
treatment_1444,treatment,0,simulated,0,0,0,0.0
treatment_1445,treatment,0,simulated,0,0,0,0.0
treatment_1446,treatment,0,simulated,0,0,0,0.0
treatment_1447,treatment,0,simulated,0,0,0,0.0
treatment_1448,treatment,1,simulated,0,0,0,0.0
treatment_1449,treatment,0,simulated,0,0,0,0.0
treatment_1450,treatment,0,simulated,0,0,0,0.0
treatment_1451,treatment,0,simulated,0,0,0,0.0
treatment_1452,treatment,1,simulated,0,0,0,0.0
treatment_1453,treatment,1,simulated,0,0,0,0.0
treatment_1454,treatment,1,simulated,0,0,0,0.0
treatment_1455,treatment,0,simulated,0,0,1,0.0
treatment_1456,treatment,0,simulated,0,0,0,0.0
treatment_1457,treatment,0,simulated,0,0,0,0.0
treatment_1458,treatment,1,simulated,0,0,0,0.0
treatment_1459,treatment,0,simulated,0,0,0,0.0
treatment_1460,treatment,0,simulated,0,0,0,0.0
treatment_1461,treatment,1,simulated,0,0,0,0.0
treatment_1462,treatment,0,simulated,0,0,0,0.0
treatment_1463,treatment,1,simulated,0,0,0,0.0
treatment_1464,treatment,1,simulated,0,0,0,0.0
treatment_1465,treatment,0,simulated,0,0,0,0.0
treatment_1466,treatment,0,simulated,0,0,0,0.0
treatment_1467,treatment,0,simulated,0,0,0,0.0
treatment_1468,treatment,0,simulated,0,0,0,0.0
treatment_1469,treatment,0,simulated,0,0,0,0.0
treatment_1470,treatment,1,simulated,0,0,0,0.0
treatment_1471,treatment,1,simulated,0,0,0,0.0
treatment_1472,treatment,1,simulated,0,0,0,0.0
treatment_1473,treatment,1,simulated,0,0,0,0.0
treatment_1474,treatment,0,simulated,0,0,0,0.0
treatment_1475,treatment,0,simulated,0,0,0,0.0
treatment_1476,treatment,0,simulated,0,0,0,0.0
treatment_1477,treatment,0,simulated,0,0,0,0.0
treatment_1478,treatment,0,simulated,0,0,0,0.0
treatment_1479,treatment,0,simulated,0,0,0,0.0
treatment_1480,treatment,0,simulated,0,0,0,0.0
treatment_1481,treatment,0,simulated,0,0,0,0.0
treatment_1482,treatment,0,simulated,0,0,0,0.0
treatment_1483,treatment,0,simulated,0,0,0,0.0
treatment_1484,treatment,0,simulated,0,0,0,0.0
treatment_1485,treatment,1,simulated,0,0,0,0.0
treatment_1486,treatment,0,simulated,0,0,0,0.0
treatment_1487,treatment,1,simulated,0,0,0,0.0
treatment_1488,treatment,1,simulated,0,0,0,0.0
treatment_1489,treatment,1,simulated,0,0,0,0.0
treatment_1490,treatment,0,simulated,0,0,0,0.0
treatment_1491,treatment,0,simulated,0,0,0,0.0
treatment_1492,treatment,1,simulated,0,0,0,0.0
treatment_1493,treatment,1,simulated,0,0,0,0.0
treatment_1494,treatment,1,simulated,0,0,0,0.0
treatment_1495,treatment,0,simulated,0,0,0,0.0
treatment_1496,treatment,0,simulated,0,0,0,0.0
treatment_1497,treatment,1,simulated,0,0,0,0.0
treatment_1498,treatment,0,simulated,0,0,0,0.0
treatment_1499,treatment,0,simulated,0,0,0,0.0
treatment_1500,treatment,0,simulated,0,0,0,0.0
treatment_1501,treatment,0,simulated,0,0,0,0.0
treatment_1502,treatment,0,simulated,0,0,0,0.0
treatment_1503,treatment,0,simulated,0,0,0,0.0
treatment_1504,treatment,0,simulated,0,0,0,0.0
treatment_1505,treatment,0,simulated,0,0,0,0.0
treatment_1506,treatment,0,simulated,0,0,0,0.0
treatment_1507,treatment,0,simulated,0,0,0,0.0
treatment_1508,treatment,0,simulated,0,0,0,0.0
treatment_1509,treatment,0,simulated,0,0,0,0.0
treatment_1510,treatment,0,simulated,0,0,0,0.0
treatment_1511,treatment,1,simulated,0,0,0,0.0
treatment_1512,treatment,0,simulated,0,0,0,0.0
treatment_1513,treatment,1,simulated,0,0,0,0.0
treatment_1514,treatment,0,simulated,0,0,0,0.0
treatment_1515,treatment,0,simulated,0,0,0,0.0
treatment_1516,treatment,0,simulated,0,0,0,0.0
treatment_1517,treatment,0,simulated,0,0,0,0.0
treatment_1518,treatment,0,simulated,0,0,0,0.0
treatment_1519,treatment,0,simulated,0,0,0,0.0
treatment_1520,treatment,0,simulated,0,0,0,0.0
treatment_1521,treatment,0,simulated,0,0,0,0.0
treatment_1522,treatment,0,simulated,0,0,0,0.0
treatment_1523,treatment,0,simulated,0,0,0,0.0
treatment_1524,treatment,0,simulated,0,0,0,0.0
treatment_1525,treatment,0,simulated,0,0,0,0.0
treatment_1526,treatment,0,simulated,0,0,0,0.0
treatment_1527,treatment,1,simulated,0,0,0,0.0
treatment_1528,treatment,0,simulated,0,0,0,0.0
treatment_1529,treatment,0,simulated,0,0,0,0.0
treatment_1530,treatment,0,simulated,0,0,0,0.0
treatment_1531,treatment,0,simulated,0,0,0,0.0
treatment_1532,treatment,0,simulated,0,0,0,0.0
treatment_1533,treatment,1,simulated,0,0,0,0.0
treatment_1534,treatment,1,simulated,0,0,0,0.0
treatment_1535,treatment,1,simulated,0,0,0,0.0
treatment_1536,treatment,0,simulated,0,0,0,0.0
treatment_1537,treatment,0,simulated,0,0,0,0.0
treatment_1538,treatment,1,simulated,0,0,0,0.0
treatment_1539,treatment,0,simulated,0,0,0,0.0
treatment_1540,treatment,1,simulated,0,0,0,0.0
treatment_1541,treatment,0,simulated,0,0,0,0.0
treatment_1542,treatment,1,simulated,0,0,0,0.0
treatment_1543,treatment,0,simulated,0,0,0,0.0
treatment_1544,treatment,1,simulated,0,0,0,0.0
treatment_1545,treatment,1,simulated,0,0,0,0.0
treatment_1546,treatment,0,simulated,0,0,0,0.0
treatment_1547,treatment,0,simulated,0,0,0,0.0
treatment_1548,treatment,0,simulated,0,0,0,0.0
treatment_1549,treatment,0,simulated,0,0,0,0.0
treatment_1550,treatment,0,simulated,0,0,0,0.0
treatment_1551,treatment,1,simulated,0,0,0,0.0
treatment_1552,treatment,0,simulated,0,0,0,0.0
treatment_1553,treatment,0,simulated,0,0,0,0.0
treatment_1554,treatment,0,simulated,0,0,0,0.0
treatment_1555,treatment,0,simulated,0,0,0,0.0
treatment_1556,treatment,1,simulated,0,0,0,0.0
treatment_1557,treatment,0,simulated,0,0,0,0.0
treatment_1558,treatment,1,simulated,0,0,0,0.0
treatment_1559,treatment,0,simulated,0,0,0,0.0
treatment_1560,treatment,0,simulated,0,0,0,0.0
treatment_1561,treatment,1,simulated,0,0,0,0.0
treatment_1562,treatment,0,simulated,0,0,0,0.0
treatment_1563,treatment,0,simulated,0,0,0,0.0
treatment_1564,treatment,0,simulated,0,0,0,0.0
treatment_1565,treatment,1,simulated,0,0,0,0.0
treatment_1566,treatment,0,simulated,0,0,0,0.0
treatment_1567,treatment,0,simulated,0,0,1,0.0
treatment_1568,treatment,0,simulated,0,0,0,0.0
treatment_1569,treatment,1,simulated,0,0,0,0.0
treatment_1570,treatment,0,simulated,0,0,0,0.0
treatment_1571,treatment,0,simulated,0,0,0,0.0
treatment_1572,treatment,0,simulated,0,0,0,0.0
treatment_1573,treatment,1,simulated,0,0,0,0.0
treatment_1574,treatment,0,simulated,0,0,0,0.0
treatment_1575,treatment,0,simulated,0,0,0,0.0
treatment_1576,treatment,0,simulated,0,0,0,0.0
treatment_1577,treatment,0,simulated,0,0,0,0.0
treatment_1578,treatment,0,simulated,0,0,0,0.0
treatment_1579,treatment,1,simulated,0,0,0,0.0
treatment_1580,treatment,0,simulated,0,0,0,0.0
treatment_1581,treatment,0,simulated,0,0,0,0.0
treatment_1582,treatment,0,simulated,0,0,0,0.0
treatment_1583,treatment,0,simulated,0,0,0,0.0
treatment_1584,treatment,0,simulated,0,0,0,0.0
treatment_1585,treatment,0,simulated,0,0,0,0.0
treatment_1586,treatment,1,simulated,0,0,0,0.0
treatment_1587,treatment,1,simulated,0,0,0,0.0
treatment_1588,treatment,0,simulated,0,0,0,0.0
treatment_1589,treatment,1,simulated,0,0,0,0.0
treatment_1590,treatment,0,simulated,0,0,0,0.0
treatment_1591,treatment,0,simulated,0,0,0,0.0
treatment_1592,treatment,0,simulated,0,0,0,0.0
treatment_1593,treatment,0,simulated,0,0,0,0.0
treatment_1594,treatment,0,simulated,0,0,0,0.0
treatment_1595,treatment,1,simulated,0,0,0,0.0
treatment_1596,treatment,0,simulated,0,0,0,0.0
treatment_1597,treatment,1,simulated,0,0,0,0.0
treatment_1598,treatment,1,simulated,0,0,0,0.0
treatment_1599,treatment,0,simulated,0,0,0,0.0
treatment_1600,treatment,0,simulated,0,0,0,0.0
treatment_1601,treatment,0,simulated,0,0,0,0.0
treatment_1602,treatment,1,simulated,0,0,0,0.0
treatment_1603,treatment,0,simulated,0,0,0,0.0
treatment_1604,treatment,0,simulated,0,0,0,0.0
treatment_1605,treatment,0,simulated,0,0,0,0.0
treatment_1606,treatment,0,simulated,0,0,0,0.0
treatment_1607,treatment,0,simulated,0,0,0,0.0
treatment_1608,treatment,0,simulated,0,0,0,0.0
treatment_1609,treatment,0,simulated,0,0,0,0.0
treatment_1610,treatment,0,simulated,0,0,1,0.0
treatment_1611,treatment,1,simulated,0,0,0,0.0
treatment_1612,treatment,0,simulated,0,0,0,0.0
treatment_1613,treatment,0,simulated,0,0,0,0.0
treatment_1614,treatment,0,simulated,0,0,0,0.0
treatment_1615,treatment,1,simulated,0,0,0,0.0
treatment_1616,treatment,0,simulated,0,0,0,0.0
treatment_1617,treatment,0,simulated,0,0,0,0.0
treatment_1618,treatment,0,simulated,0,0,0,0.0
treatment_1619,treatment,0,simulated,0,0,0,0.0
treatment_1620,treatment,1,simulated,0,0,0,0.0
treatment_1621,treatment,0,simulated,0,0,0,0.0
treatment_1622,treatment,0,simulated,0,0,0,0.0
treatment_1623,treatment,0,simulated,0,0,0,0.0
treatment_1624,treatment,0,simulated,0,0,0,0.0
treatment_1625,treatment,0,simulated,0,0,0,0.0
treatment_1626,treatment,0,simulated,0,0,0,0.0
treatment_1627,treatment,1,simulated,0,0,0,0.0
treatment_1628,treatment,0,simulated,0,0,0,0.0
treatment_1629,treatment,0,simulated,0,0,0,0.0
treatment_1630,treatment,1,simulated,0,0,0,0.0
treatment_1631,treatment,0,simulated,0,0,0,0.0
treatment_1632,treatment,1,simulated,0,0,0,0.0
treatment_1633,treatment,0,simulated,0,0,0,0.0
treatment_1634,treatment,0,simulated,0,0,0,0.0
treatment_1635,treatment,0,simulated,0,0,0,0.0
treatment_1636,treatment,0,simulated,0,0,0,0.0
treatment_1637,treatment,0,simulated,0,0,0,0.0
treatment_1638,treatment,0,simulated,0,0,0,0.0
treatment_1639,treatment,0,simulated,0,0,0,0.0
treatment_1640,treatment,0,simulated,0,0,0,0.0
treatment_1641,treatment,0,simulated,0,0,0,0.0
treatment_1642,treatment,0,simulated,0,0,0,0.0
treatment_1643,treatment,1,simulated,1,0,0,0.0
treatment_1644,treatment,0,simulated,0,0,0,0.0
treatment_1645,treatment,0,simulated,0,0,0,0.0
treatment_1646,treatment,0,simulated,0,0,0,0.0
treatment_1647,treatment,0,simulated,0,0,0,0.0
treatment_1648,treatment,0,simulated,0,0,0,0.0
treatment_1649,treatment,0,simulated,0,0,1,0.0
treatment_1650,treatment,1,simulated,0,0,0,0.0
treatment_1651,treatment,0,simulated,0,0,0,0.0
treatment_1652,treatment,0,simulated,0,0,0,0.0
treatment_1653,treatment,0,simulated,0,0,0,0.0
treatment_1654,treatment,0,simulated,0,0,0,0.0
treatment_1655,treatment,0,simulated,0,0,0,0.0
treatment_1656,treatment,1,simulated,0,0,0,0.0
treatment_1657,treatment,0,simulated,0,0,0,0.0
treatment_1658,treatment,0,simulated,0,0,0,0.0
treatment_1659,treatment,0,simulated,0,0,0,0.0
treatment_1660,treatment,0,simulated,0,0,0,0.0
treatment_1661,treatment,1,simulated,0,0,0,0.0
treatment_1662,treatment,0,simulated,0,0,0,0.0
treatment_1663,treatment,0,simulated,0,0,0,0.0
treatment_1664,treatment,1,simulated,0,0,0,0.0
treatment_1665,treatment,0,simulated,0,0,0,0.0
treatment_1666,treatment,0,simulated,0,0,0,0.0
treatment_1667,treatment,0,simulated,0,0,0,0.0
treatment_1668,treatment,0,simulated,0,0,0,0.0
treatment_1669,treatment,0,simulated,0,0,0,0.0
treatment_1670,treatment,1,simulated,0,0,0,0.0
treatment_1671,treatment,1,simulated,0,0,0,0.0
treatment_1672,treatment,0,simulated,0,0,0,0.0
treatment_1673,treatment,0,simulated,0,0,0,0.0
treatment_1674,treatment,0,simulated,0,0,0,0.0
treatment_1675,treatment,0,simulated,0,0,0,0.0
treatment_1676,treatment,0,simulated,0,0,0,0.0
treatment_1677,treatment,1,simulated,0,0,0,0.0
treatment_1678,treatment,0,simulated,0,0,0,0.0
treatment_1679,treatment,0,simulated,0,0,0,0.0
treatment_1680,treatment,0,simulated,0,0,0,0.0
treatment_1681,treatment,0,simulated,0,0,0,0.0
treatment_1682,treatment,0,simulated,0,0,0,0.0
treatment_1683,treatment,0,simulated,0,0,0,0.0
treatment_1684,treatment,0,simulated,0,0,0,0.0
treatment_1685,treatment,0,simulated,0,0,0,0.0
treatment_1686,treatment,0,simulated,0,0,0,0.0
treatment_1687,treatment,0,simulated,0,0,0,0.0
treatment_1688,treatment,0,simulated,0,0,0,0.0
treatment_1689,treatment,0,simulated,0,0,0,0.0
treatment_1690,treatment,0,simulated,0,0,0,0.0
treatment_1691,treatment,1,simulated,0,0,0,0.0
treatment_1692,treatment,0,simulated,0,0,0,0.0
treatment_1693,treatment,1,simulated,0,0,0,0.0
treatment_1694,treatment,0,simulated,0,0,0,0.0
treatment_1695,treatment,0,simulated,0,0,0,0.0
treatment_1696,treatment,0,simulated,0,0,0,0.0
treatment_1697,treatment,0,simulated,0,0,0,0.0
treatment_1698,treatment,0,simulated,0,0,0,0.0
treatment_1699,treatment,0,simulated,0,0,0,0.0
treatment_1700,treatment,1,simulated,0,0,0,0.0
treatment_1701,treatment,0,simulated,0,0,0,0.0
treatment_1702,treatment,0,simulated,0,0,0,0.0
treatment_1703,treatment,0,simulated,0,0,0,0.0
treatment_1704,treatment,1,simulated,0,0,0,0.0
treatment_1705,treatment,0,simulated,0,0,0,0.0
treatment_1706,treatment,0,simulated,0,0,0,0.0
treatment_1707,treatment,1,simulated,0,0,0,0.0
treatment_1708,treatment,0,simulated,0,0,0,0.0
treatment_1709,treatment,0,simulated,0,0,0,0.0
treatment_1710,treatment,0,simulated,0,0,0,0.0
treatment_1711,treatment,0,simulated,0,0,0,0.0
treatment_1712,treatment,0,simulated,0,0,0,0.0
treatment_1713,treatment,0,simulated,0,0,0,0.0
treatment_1714,treatment,0,simulated,0,0,0,0.0
treatment_1715,treatment,1,simulated,0,0,0,0.0
treatment_1716,treatment,1,simulated,0,0,0,0.0
treatment_1717,treatment,0,simulated,0,0,0,0.0
treatment_1718,treatment,1,simulated,0,0,0,0.0
treatment_1719,treatment,0,simulated,0,0,0,0.0
treatment_1720,treatment,0,simulated,0,0,0,0.0
treatment_1721,treatment,0,simulated,0,0,0,0.0
treatment_1722,treatment,1,simulated,0,0,0,0.0
treatment_1723,treatment,0,simulated,0,0,0,0.0
treatment_1724,treatment,0,simulated,0,0,0,0.0
treatment_1725,treatment,0,simulated,0,0,0,0.0
treatment_1726,treatment,0,simulated,0,0,0,0.0
treatment_1727,treatment,1,simulated,0,0,0,0.0
treatment_1728,treatment,0,simulated,0,0,0,0.0
treatment_1729,treatment,1,simulated,0,0,0,0.0
treatment_1730,treatment,0,simulated,0,0,0,0.0
treatment_1731,treatment,1,simulated,0,0,0,0.0
treatment_1732,treatment,1,simulated,0,0,0,0.0
treatment_1733,treatment,0,simulated,0,0,0,0.0
treatment_1734,treatment,0,simulated,0,0,0,0.0
treatment_1735,treatment,1,simulated,0,0,0,0.0
treatment_1736,treatment,0,simulated,0,0,0,0.0
treatment_1737,treatment,0,simulated,0,0,0,0.0
treatment_1738,treatment,0,simulated,0,0,0,0.0
treatment_1739,treatment,1,simulated,0,0,0,0.0
treatment_1740,treatment,1,simulated,0,0,1,0.0
treatment_1741,treatment,0,simulated,0,0,0,0.0
treatment_1742,treatment,1,simulated,0,0,0,0.0
treatment_1743,treatment,0,simulated,0,0,0,0.0
treatment_1744,treatment,1,simulated,0,0,0,0.0
treatment_1745,treatment,0,simulated,0,0,0,0.0
treatment_1746,treatment,1,simulated,1,0,0,0.0
treatment_1747,treatment,0,simulated,0,0,0,0.0
treatment_1748,treatment,1,simulated,0,0,0,0.0
treatment_1749,treatment,0,simulated,0,0,0,0.0
treatment_1750,treatment,0,simulated,0,0,0,0.0
treatment_1751,treatment,0,simulated,0,0,0,0.0
treatment_1752,treatment,1,simulated,0,0,0,0.0
treatment_1753,treatment,0,simulated,0,0,0,0.0
treatment_1754,treatment,1,simulated,0,0,0,0.0
treatment_1755,treatment,0,simulated,0,0,0,0.0
treatment_1756,treatment,0,simulated,0,0,0,0.0
treatment_1757,treatment,0,simulated,0,0,0,0.0
treatment_1758,treatment,0,simulated,0,0,0,0.0
treatment_1759,treatment,0,simulated,0,0,0,0.0
treatment_1760,treatment,1,simulated,1,0,0,0.0
treatment_1761,treatment,0,simulated,0,0,0,0.0
treatment_1762,treatment,0,simulated,0,0,0,0.0
treatment_1763,treatment,1,simulated,0,1,0,17.48
treatment_1764,treatment,0,simulated,0,0,0,0.0
treatment_1765,treatment,0,simulated,0,0,0,0.0
treatment_1766,treatment,0,simulated,0,0,0,0.0
treatment_1767,treatment,1,simulated,0,0,0,0.0
treatment_1768,treatment,0,simulated,0,0,0,0.0
treatment_1769,treatment,1,simulated,0,0,0,0.0
treatment_1770,treatment,0,simulated,0,0,0,0.0
treatment_1771,treatment,0,simulated,0,0,0,0.0
treatment_1772,treatment,1,simulated,0,1,0,2.65
treatment_1773,treatment,1,simulated,0,0,0,0.0
treatment_1774,treatment,0,simulated,0,0,0,0.0
treatment_1775,treatment,1,simulated,0,0,0,0.0
treatment_1776,treatment,0,simulated,0,0,0,0.0
treatment_1777,treatment,1,simulated,1,0,0,0.0
treatment_1778,treatment,0,simulated,0,0,0,0.0
treatment_1779,treatment,1,simulated,0,0,0,0.0
treatment_1780,treatment,0,simulated,0,0,0,0.0
treatment_1781,treatment,0,simulated,0,0,0,0.0
treatment_1782,treatment,1,simulated,0,0,0,0.0
treatment_1783,treatment,0,simulated,0,0,0,0.0
treatment_1784,treatment,0,simulated,0,0,0,0.0
treatment_1785,treatment,1,simulated,0,0,0,0.0
treatment_1786,treatment,0,simulated,0,0,0,0.0
treatment_1787,treatment,0,simulated,0,0,0,0.0
treatment_1788,treatment,0,simulated,0,0,0,0.0
treatment_1789,treatment,0,simulated,0,0,0,0.0
treatment_1790,treatment,0,simulated,0,0,0,0.0
treatment_1791,treatment,0,simulated,0,0,0,0.0
treatment_1792,treatment,0,simulated,0,0,0,0.0
treatment_1793,treatment,0,simulated,0,0,0,0.0
treatment_1794,treatment,1,simulated,0,0,0,0.0
treatment_1795,treatment,1,simulated,0,0,0,0.0
treatment_1796,treatment,1,simulated,0,0,0,0.0
treatment_1797,treatment,0,simulated,0,0,0,0.0
treatment_1798,treatment,1,simulated,0,0,0,0.0
treatment_1799,treatment,0,simulated,0,0,0,0.0
treatment_1800,treatment,1,simulated,0,0,0,0.0
treatment_1801,treatment,0,simulated,0,0,0,0.0
treatment_1802,treatment,0,simulated,0,0,0,0.0
treatment_1803,treatment,0,simulated,0,0,0,0.0
treatment_1804,treatment,0,simulated,0,0,0,0.0
treatment_1805,treatment,0,simulated,0,0,0,0.0
treatment_1806,treatment,0,simulated,0,0,0,0.0
treatment_1807,treatment,0,simulated,0,0,0,0.0
treatment_1808,treatment,1,simulated,0,0,0,0.0
treatment_1809,treatment,1,simulated,0,0,0,0.0
treatment_1810,treatment,0,simulated,0,0,0,0.0
treatment_1811,treatment,0,simulated,0,0,0,0.0
treatment_1812,treatment,0,simulated,0,0,0,0.0
treatment_1813,treatment,0,simulated,0,0,0,0.0
treatment_1814,treatment,1,simulated,0,0,0,0.0
treatment_1815,treatment,0,simulated,0,0,0,0.0
treatment_1816,treatment,0,simulated,0,0,0,0.0
treatment_1817,treatment,0,simulated,0,0,0,0.0
treatment_1818,treatment,0,simulated,0,0,0,0.0
treatment_1819,treatment,0,simulated,0,0,0,0.0
treatment_1820,treatment,0,simulated,0,0,0,0.0
treatment_1821,treatment,0,simulated,0,0,0,0.0
treatment_1822,treatment,0,simulated,0,0,0,0.0
treatment_1823,treatment,1,simulated,0,0,0,0.0
treatment_1824,treatment,0,simulated,0,0,0,0.0
treatment_1825,treatment,1,simulated,0,0,0,0.0
treatment_1826,treatment,0,simulated,0,0,0,0.0
treatment_1827,treatment,0,simulated,0,0,0,0.0
treatment_1828,treatment,0,simulated,0,0,0,0.0
treatment_1829,treatment,0,simulated,0,0,0,0.0
treatment_1830,treatment,0,simulated,0,0,0,0.0
treatment_1831,treatment,1,simulated,0,0,0,0.0
treatment_1832,treatment,0,simulated,0,0,1,0.0
treatment_1833,treatment,0,simulated,0,0,0,0.0
treatment_1834,treatment,0,simulated,0,0,0,0.0
treatment_1835,treatment,0,simulated,0,0,0,0.0
treatment_1836,treatment,0,simulated,0,0,0,0.0
treatment_1837,treatment,1,simulated,0,0,0,0.0
treatment_1838,treatment,0,simulated,0,0,0,0.0
treatment_1839,treatment,0,simulated,0,0,0,0.0
treatment_1840,treatment,0,simulated,0,0,0,0.0
treatment_1841,treatment,1,simulated,0,0,0,0.0
treatment_1842,treatment,0,simulated,0,0,0,0.0
treatment_1843,treatment,0,simulated,0,0,0,0.0
treatment_1844,treatment,0,simulated,0,0,0,0.0
treatment_1845,treatment,0,simulated,0,0,0,0.0
treatment_1846,treatment,0,simulated,0,0,0,0.0
treatment_1847,treatment,0,simulated,0,0,0,0.0
treatment_1848,treatment,0,simulated,0,0,0,0.0
treatment_1849,treatment,1,simulated,0,0,0,0.0
treatment_1850,treatment,0,simulated,0,0,0,0.0
treatment_1851,treatment,0,simulated,0,0,0,0.0
treatment_1852,treatment,1,simulated,0,0,0,0.0
treatment_1853,treatment,1,simulated,0,0,0,0.0
treatment_1854,treatment,0,simulated,0,0,0,0.0
treatment_1855,treatment,0,simulated,0,0,0,0.0
treatment_1856,treatment,0,simulated,0,0,0,0.0
treatment_1857,treatment,1,simulated,0,0,0,0.0
treatment_1858,treatment,1,simulated,0,1,0,18.96
treatment_1859,treatment,0,simulated,0,0,0,0.0
treatment_1860,treatment,1,simulated,0,0,0,0.0
treatment_1861,treatment,0,simulated,0,0,0,0.0
treatment_1862,treatment,0,simulated,0,0,0,0.0
treatment_1863,treatment,0,simulated,0,0,0,0.0
treatment_1864,treatment,0,simulated,0,0,0,0.0
treatment_1865,treatment,0,simulated,0,0,0,0.0
treatment_1866,treatment,0,simulated,0,0,0,0.0
treatment_1867,treatment,0,simulated,0,0,0,0.0
treatment_1868,treatment,1,simulated,1,0,0,0.0
treatment_1869,treatment,0,simulated,0,0,0,0.0
treatment_1870,treatment,0,simulated,0,0,0,0.0
treatment_1871,treatment,0,simulated,0,0,0,0.0
treatment_1872,treatment,1,simulated,0,1,0,20.92
treatment_1873,treatment,1,simulated,0,0,0,0.0
treatment_1874,treatment,0,simulated,0,0,0,0.0
treatment_1875,treatment,0,simulated,0,0,0,0.0
treatment_1876,treatment,0,simulated,0,0,0,0.0
treatment_1877,treatment,1,simulated,0,0,0,0.0
treatment_1878,treatment,0,simulated,0,0,0,0.0
treatment_1879,treatment,0,simulated,0,0,0,0.0
treatment_1880,treatment,0,simulated,0,0,0,0.0
treatment_1881,treatment,0,simulated,0,0,0,0.0
treatment_1882,treatment,0,simulated,0,0,0,0.0
treatment_1883,treatment,1,simulated,0,0,0,0.0
treatment_1884,treatment,0,simulated,0,0,0,0.0
treatment_1885,treatment,0,simulated,0,0,0,0.0
treatment_1886,treatment,0,simulated,0,0,0,0.0
treatment_1887,treatment,0,simulated,0,0,1,0.0
treatment_1888,treatment,0,simulated,0,0,0,0.0
treatment_1889,treatment,0,simulated,0,0,0,0.0
treatment_1890,treatment,1,simulated,0,0,0,0.0
treatment_1891,treatment,0,simulated,0,0,0,0.0
treatment_1892,treatment,0,simulated,0,0,0,0.0
treatment_1893,treatment,1,simulated,0,0,0,0.0
treatment_1894,treatment,0,simulated,0,0,0,0.0
treatment_1895,treatment,0,simulated,0,0,0,0.0
treatment_1896,treatment,0,simulated,0,0,0,0.0
treatment_1897,treatment,0,simulated,0,0,0,0.0
treatment_1898,treatment,0,simulated,0,0,0,0.0
treatment_1899,treatment,1,simulated,0,0,0,0.0
treatment_1900,treatment,0,simulated,0,0,0,0.0
treatment_1901,treatment,0,simulated,0,0,0,0.0
treatment_1902,treatment,0,simulated,0,0,0,0.0
treatment_1903,treatment,0,simulated,0,0,0,0.0
treatment_1904,treatment,0,simulated,0,0,0,0.0
treatment_1905,treatment,1,simulated,0,0,0,0.0
treatment_1906,treatment,0,simulated,0,0,0,0.0
treatment_1907,treatment,0,simulated,0,0,0,0.0
treatment_1908,treatment,0,simulated,0,0,0,0.0
treatment_1909,treatment,0,simulated,0,0,0,0.0
treatment_1910,treatment,0,simulated,0,0,0,0.0
treatment_1911,treatment,0,simulated,0,0,0,0.0
treatment_1912,treatment,0,simulated,0,0,0,0.0
treatment_1913,treatment,0,simulated,0,0,0,0.0
treatment_1914,treatment,1,simulated,0,0,0,0.0
treatment_1915,treatment,0,simulated,0,0,0,0.0
treatment_1916,treatment,0,simulated,0,0,0,0.0
treatment_1917,treatment,0,simulated,0,0,0,0.0
treatment_1918,treatment,1,simulated,0,0,0,0.0
treatment_1919,treatment,0,simulated,0,0,0,0.0
treatment_1920,treatment,0,simulated,0,0,0,0.0
treatment_1921,treatment,0,simulated,0,0,0,0.0
treatment_1922,treatment,0,simulated,0,0,0,0.0
treatment_1923,treatment,0,simulated,0,0,0,0.0
treatment_1924,treatment,0,simulated,0,0,0,0.0
treatment_1925,treatment,0,simulated,0,0,0,0.0
treatment_1926,treatment,0,simulated,0,0,0,0.0
treatment_1927,treatment,1,simulated,0,0,0,0.0
treatment_1928,treatment,0,simulated,0,0,0,0.0
treatment_1929,treatment,0,simulated,0,0,0,0.0
treatment_1930,treatment,1,simulated,0,0,0,0.0
treatment_1931,treatment,0,simulated,0,0,0,0.0
treatment_1932,treatment,1,simulated,0,0,0,0.0
treatment_1933,treatment,1,simulated,0,0,0,0.0
treatment_1934,treatment,0,simulated,0,0,0,0.0
treatment_1935,treatment,0,simulated,0,0,0,0.0
treatment_1936,treatment,0,simulated,0,0,0,0.0
treatment_1937,treatment,0,simulated,0,0,0,0.0
treatment_1938,treatment,0,simulated,0,0,0,0.0
treatment_1939,treatment,0,simulated,0,0,0,0.0
treatment_1940,treatment,0,simulated,0,0,0,0.0
treatment_1941,treatment,1,simulated,0,0,0,0.0
treatment_1942,treatment,0,simulated,0,0,0,0.0
treatment_1943,treatment,0,simulated,0,0,0,0.0
treatment_1944,treatment,0,simulated,0,0,0,0.0
treatment_1945,treatment,0,simulated,0,0,0,0.0
treatment_1946,treatment,0,simulated,0,0,0,0.0
treatment_1947,treatment,0,simulated,0,0,0,0.0
treatment_1948,treatment,0,simulated,0,0,0,0.0
treatment_1949,treatment,0,simulated,0,0,0,0.0
treatment_1950,treatment,0,simulated,0,0,0,0.0
treatment_1951,treatment,1,simulated,1,0,0,0.0
treatment_1952,treatment,0,simulated,0,0,0,0.0
treatment_1953,treatment,1,simulated,0,0,0,0.0
treatment_1954,treatment,0,simulated,0,0,0,0.0
treatment_1955,treatment,0,simulated,0,0,0,0.0
treatment_1956,treatment,0,simulated,0,0,0,0.0
treatment_1957,treatment,0,simulated,0,0,0,0.0
treatment_1958,treatment,0,simulated,0,0,0,0.0
treatment_1959,treatment,1,simulated,0,0,0,0.0
treatment_1960,treatment,0,simulated,0,0,0,0.0
treatment_1961,treatment,0,simulated,0,0,0,0.0
treatment_1962,treatment,1,simulated,0,0,0,0.0
treatment_1963,treatment,0,simulated,0,0,0,0.0
treatment_1964,treatment,0,simulated,0,0,0,0.0
treatment_1965,treatment,0,simulated,0,0,0,0.0
treatment_1966,treatment,0,simulated,0,0,0,0.0
treatment_1967,treatment,0,simulated,0,0,0,0.0
treatment_1968,treatment,0,simulated,0,0,0,0.0
treatment_1969,treatment,0,simulated,0,0,0,0.0
treatment_1970,treatment,0,simulated,0,0,0,0.0
treatment_1971,treatment,0,simulated,0,0,0,0.0
treatment_1972,treatment,0,simulated,0,0,0,0.0
treatment_1973,treatment,0,simulated,0,0,0,0.0
treatment_1974,treatment,1,simulated,0,0,0,0.0
treatment_1975,treatment,1,simulated,0,0,0,0.0
treatment_1976,treatment,1,simulated,0,0,0,0.0
treatment_1977,treatment,0,simulated,0,0,0,0.0
treatment_1978,treatment,0,simulated,0,0,0,0.0
treatment_1979,treatment,0,simulated,0,0,0,0.0
treatment_1980,treatment,1,simulated,0,0,0,0.0
treatment_1981,treatment,0,simulated,0,0,0,0.0
treatment_1982,treatment,0,simulated,0,0,0,0.0
treatment_1983,treatment,1,simulated,0,0,0,0.0
treatment_1984,treatment,0,simulated,0,0,0,0.0
treatment_1985,treatment,0,simulated,0,0,0,0.0
treatment_1986,treatment,0,simulated,0,0,0,0.0
treatment_1987,treatment,0,simulated,0,0,0,0.0
treatment_1988,treatment,0,simulated,0,0,0,0.0
treatment_1989,treatment,0,simulated,0,0,1,0.0
treatment_1990,treatment,0,simulated,0,0,0,0.0
treatment_1991,treatment,0,simulated,0,0,0,0.0
treatment_1992,treatment,0,simulated,0,0,0,0.0
treatment_1993,treatment,1,simulated,0,0,0,0.0
treatment_1994,treatment,1,simulated,0,0,0,0.0
treatment_1995,treatment,0,simulated,0,0,0,0.0
treatment_1996,treatment,0,simulated,0,0,0,0.0
treatment_1997,treatment,0,simulated,0,0,0,0.0
treatment_1998,treatment,0,simulated,0,0,0,0.0
treatment_1999,treatment,0,simulated,0,0,0,0.0
treatment_2000,treatment,0,simulated,0,0,0,0.0
treatment_2001,treatment,0,simulated,0,0,0,0.0
treatment_2002,treatment,0,simulated,0,0,0,0.0
treatment_2003,treatment,1,simulated,0,0,0,0.0
treatment_2004,treatment,0,simulated,0,0,0,0.0
treatment_2005,treatment,0,simulated,0,0,0,0.0
treatment_2006,treatment,0,simulated,0,0,0,0.0
treatment_2007,treatment,0,simulated,0,0,0,0.0
treatment_2008,treatment,0,simulated,0,0,0,0.0
treatment_2009,treatment,0,simulated,0,0,0,0.0
treatment_2010,treatment,0,simulated,0,0,0,0.0
treatment_2011,treatment,0,simulated,0,0,0,0.0
treatment_2012,treatment,0,simulated,0,0,0,0.0
treatment_2013,treatment,1,simulated,0,0,0,0.0
treatment_2014,treatment,0,simulated,0,0,0,0.0
treatment_2015,treatment,1,simulated,0,0,0,0.0
treatment_2016,treatment,1,simulated,0,0,0,0.0
treatment_2017,treatment,0,simulated,0,0,0,0.0
treatment_2018,treatment,0,simulated,0,0,0,0.0
treatment_2019,treatment,1,simulated,0,0,0,0.0
treatment_2020,treatment,0,simulated,0,0,0,0.0
treatment_2021,treatment,1,simulated,0,0,0,0.0
treatment_2022,treatment,0,simulated,0,0,0,0.0
treatment_2023,treatment,0,simulated,0,0,0,0.0
treatment_2024,treatment,0,simulated,0,0,0,0.0
treatment_2025,treatment,0,simulated,0,0,0,0.0
treatment_2026,treatment,0,simulated,0,0,0,0.0
treatment_2027,treatment,0,simulated,0,0,0,0.0
treatment_2028,treatment,0,simulated,0,0,0,0.0
treatment_2029,treatment,0,simulated,0,0,0,0.0
treatment_2030,treatment,0,simulated,0,0,0,0.0
treatment_2031,treatment,0,simulated,0,0,0,0.0
treatment_2032,treatment,1,simulated,0,0,0,0.0
treatment_2033,treatment,0,simulated,0,0,0,0.0
treatment_2034,treatment,1,simulated,1,0,0,0.0
treatment_2035,treatment,0,simulated,0,0,0,0.0
treatment_2036,treatment,1,simulated,0,0,0,0.0
treatment_2037,treatment,1,simulated,0,0,0,0.0
treatment_2038,treatment,0,simulated,0,0,0,0.0
treatment_2039,treatment,1,simulated,0,0,0,0.0
treatment_2040,treatment,0,simulated,0,0,0,0.0
treatment_2041,treatment,0,simulated,0,0,0,0.0
treatment_2042,treatment,0,simulated,0,0,0,0.0
treatment_2043,treatment,0,simulated,0,0,0,0.0
treatment_2044,treatment,0,simulated,0,0,0,0.0
treatment_2045,treatment,0,simulated,0,0,0,0.0
treatment_2046,treatment,0,simulated,0,0,0,0.0
treatment_2047,treatment,0,simulated,0,0,0,0.0
treatment_2048,treatment,1,simulated,0,0,0,0.0
treatment_2049,treatment,0,simulated,0,0,0,0.0
treatment_2050,treatment,0,simulated,0,0,0,0.0
treatment_2051,treatment,0,simulated,0,0,0,0.0
treatment_2052,treatment,0,simulated,0,0,0,0.0
treatment_2053,treatment,0,simulated,0,0,0,0.0
treatment_2054,treatment,0,simulated,0,0,0,0.0
treatment_2055,treatment,0,simulated,0,0,0,0.0
treatment_2056,treatment,0,simulated,0,0,0,0.0
treatment_2057,treatment,1,simulated,0,0,0,0.0
treatment_2058,treatment,0,simulated,0,0,0,0.0
treatment_2059,treatment,0,simulated,0,0,0,0.0
treatment_2060,treatment,0,simulated,0,0,0,0.0
treatment_2061,treatment,0,simulated,0,0,0,0.0
treatment_2062,treatment,0,simulated,0,0,0,0.0
treatment_2063,treatment,1,simulated,0,0,0,0.0
treatment_2064,treatment,0,simulated,0,0,0,0.0
treatment_2065,treatment,0,simulated,0,0,0,0.0
treatment_2066,treatment,0,simulated,0,0,0,0.0
treatment_2067,treatment,0,simulated,0,0,0,0.0
treatment_2068,treatment,1,simulated,0,0,0,0.0
treatment_2069,treatment,0,simulated,0,0,0,0.0
treatment_2070,treatment,0,simulated,0,0,0,0.0
treatment_2071,treatment,0,simulated,0,0,0,0.0
treatment_2072,treatment,1,simulated,0,0,0,0.0
treatment_2073,treatment,1,simulated,0,0,0,0.0
treatment_2074,treatment,1,simulated,0,0,0,0.0
treatment_2075,treatment,1,simulated,0,0,0,0.0
treatment_2076,treatment,0,simulated,0,0,0,0.0
treatment_2077,treatment,0,simulated,0,0,0,0.0
treatment_2078,treatment,0,simulated,0,0,0,0.0
treatment_2079,treatment,0,simulated,0,0,0,0.0
treatment_2080,treatment,0,simulated,0,0,0,0.0
treatment_2081,treatment,0,simulated,0,0,0,0.0
treatment_2082,treatment,0,simulated,0,0,0,0.0
treatment_2083,treatment,1,simulated,0,0,1,0.0
treatment_2084,treatment,0,simulated,0,0,0,0.0
treatment_2085,treatment,0,simulated,0,0,0,0.0
treatment_2086,treatment,0,simulated,0,0,0,0.0
treatment_2087,treatment,0,simulated,0,0,0,0.0
treatment_2088,treatment,0,simulated,0,0,0,0.0
treatment_2089,treatment,0,simulated,0,0,0,0.0
treatment_2090,treatment,1,simulated,0,0,0,0.0
treatment_2091,treatment,1,simulated,0,0,0,0.0
treatment_2092,treatment,0,simulated,0,0,0,0.0
treatment_2093,treatment,1,simulated,1,0,0,0.0
treatment_2094,treatment,0,simulated,0,0,0,0.0
treatment_2095,treatment,0,simulated,0,0,0,0.0
treatment_2096,treatment,0,simulated,0,0,0,0.0
treatment_2097,treatment,1,simulated,0,0,0,0.0
treatment_2098,treatment,0,simulated,0,0,0,0.0
treatment_2099,treatment,0,simulated,0,0,0,0.0
treatment_2100,treatment,0,simulated,0,0,0,0.0
treatment_2101,treatment,0,simulated,0,0,0,0.0
treatment_2102,treatment,1,simulated,0,0,0,0.0
treatment_2103,treatment,0,simulated,0,0,0,0.0
treatment_2104,treatment,1,simulated,0,0,0,0.0
treatment_2105,treatment,0,simulated,0,0,0,0.0
treatment_2106,treatment,0,simulated,0,0,0,0.0
treatment_2107,treatment,0,simulated,0,0,0,0.0
treatment_2108,treatment,0,simulated,0,0,0,0.0
treatment_2109,treatment,0,simulated,0,0,0,0.0
treatment_2110,treatment,0,simulated,0,0,0,0.0
treatment_2111,treatment,0,simulated,0,0,0,0.0
treatment_2112,treatment,1,simulated,0,0,0,0.0
treatment_2113,treatment,0,simulated,0,0,0,0.0
treatment_2114,treatment,1,simulated,0,0,0,0.0
treatment_2115,treatment,0,simulated,0,0,0,0.0
treatment_2116,treatment,1,simulated,0,0,0,0.0
treatment_2117,treatment,0,simulated,0,0,0,0.0
treatment_2118,treatment,0,simulated,0,0,0,0.0
treatment_2119,treatment,0,simulated,0,0,0,0.0
treatment_2120,treatment,0,simulated,0,0,0,0.0
treatment_2121,treatment,1,simulated,0,0,0,0.0
treatment_2122,treatment,0,simulated,0,0,0,0.0
treatment_2123,treatment,0,simulated,0,0,0,0.0
treatment_2124,treatment,1,simulated,0,1,0,15.54
treatment_2125,treatment,0,simulated,0,0,0,0.0
treatment_2126,treatment,0,simulated,0,0,0,0.0
treatment_2127,treatment,0,simulated,0,0,0,0.0
treatment_2128,treatment,1,simulated,0,0,0,0.0
treatment_2129,treatment,0,simulated,0,0,0,0.0
treatment_2130,treatment,0,simulated,0,0,0,0.0
treatment_2131,treatment,1,simulated,0,0,0,0.0
treatment_2132,treatment,0,simulated,0,0,0,0.0
treatment_2133,treatment,0,simulated,0,0,0,0.0
treatment_2134,treatment,1,simulated,0,0,0,0.0
treatment_2135,treatment,0,simulated,0,0,0,0.0
treatment_2136,treatment,1,simulated,0,0,0,0.0
treatment_2137,treatment,0,simulated,0,0,0,0.0
treatment_2138,treatment,1,simulated,0,0,0,0.0
treatment_2139,treatment,1,simulated,0,0,0,0.0
treatment_2140,treatment,1,simulated,0,0,0,0.0
treatment_2141,treatment,1,simulated,0,0,0,0.0
treatment_2142,treatment,1,simulated,0,0,0,0.0
treatment_2143,treatment,0,simulated,0,0,0,0.0
treatment_2144,treatment,1,simulated,0,0,0,0.0
treatment_2145,treatment,1,simulated,0,0,0,0.0
treatment_2146,treatment,0,simulated,0,0,0,0.0
treatment_2147,treatment,0,simulated,0,0,0,0.0
treatment_2148,treatment,0,simulated,0,0,0,0.0
treatment_2149,treatment,0,simulated,0,0,0,0.0
treatment_2150,treatment,0,simulated,0,0,0,0.0
treatment_2151,treatment,1,simulated,1,0,0,0.0
treatment_2152,treatment,0,simulated,0,0,0,0.0
treatment_2153,treatment,0,simulated,0,0,0,0.0
treatment_2154,treatment,0,simulated,0,0,1,0.0
treatment_2155,treatment,0,simulated,0,0,0,0.0
treatment_2156,treatment,0,simulated,0,0,0,0.0
treatment_2157,treatment,0,simulated,0,0,0,0.0
treatment_2158,treatment,0,simulated,0,0,0,0.0
treatment_2159,treatment,0,simulated,0,0,0,0.0
treatment_2160,treatment,0,simulated,0,0,0,0.0
treatment_2161,treatment,0,simulated,0,0,0,0.0
treatment_2162,treatment,1,simulated,0,0,0,0.0
treatment_2163,treatment,0,simulated,0,0,0,0.0
treatment_2164,treatment,0,simulated,0,0,0,0.0
treatment_2165,treatment,0,simulated,0,0,0,0.0
treatment_2166,treatment,0,simulated,0,0,0,0.0
treatment_2167,treatment,0,simulated,0,0,0,0.0
treatment_2168,treatment,0,simulated,0,0,0,0.0
treatment_2169,treatment,0,simulated,0,0,0,0.0
treatment_2170,treatment,0,simulated,0,0,0,0.0
treatment_2171,treatment,0,simulated,0,0,0,0.0
treatment_2172,treatment,0,simulated,0,0,0,0.0
treatment_2173,treatment,0,simulated,0,0,0,0.0
treatment_2174,treatment,0,simulated,0,0,0,0.0
treatment_2175,treatment,0,simulated,0,0,1,0.0
treatment_2176,treatment,0,simulated,0,0,0,0.0
treatment_2177,treatment,1,simulated,0,0,0,0.0
treatment_2178,treatment,0,simulated,0,0,0,0.0
treatment_2179,treatment,0,simulated,0,0,0,0.0
treatment_2180,treatment,0,simulated,0,0,0,0.0
treatment_2181,treatment,0,simulated,0,0,0,0.0
treatment_2182,treatment,1,simulated,0,0,0,0.0
treatment_2183,treatment,1,simulated,0,0,0,0.0
treatment_2184,treatment,1,simulated,1,0,0,0.0
treatment_2185,treatment,0,simulated,0,0,0,0.0
treatment_2186,treatment,1,simulated,0,0,0,0.0
treatment_2187,treatment,0,simulated,0,0,0,0.0
treatment_2188,treatment,0,simulated,0,0,0,0.0
treatment_2189,treatment,0,simulated,0,0,0,0.0
treatment_2190,treatment,0,simulated,0,0,0,0.0
treatment_2191,treatment,0,simulated,0,0,0,0.0
treatment_2192,treatment,0,simulated,0,0,0,0.0
treatment_2193,treatment,1,simulated,0,0,0,0.0
treatment_2194,treatment,0,simulated,0,0,0,0.0
treatment_2195,treatment,0,simulated,0,0,0,0.0
treatment_2196,treatment,0,simulated,0,0,0,0.0
treatment_2197,treatment,0,simulated,0,0,0,0.0
treatment_2198,treatment,0,simulated,0,0,0,0.0
treatment_2199,treatment,1,simulated,0,0,0,0.0
treatment_2200,treatment,0,simulated,0,0,0,0.0
treatment_2201,treatment,0,simulated,0,0,0,0.0
treatment_2202,treatment,1,simulated,1,0,0,0.0
treatment_2203,treatment,1,simulated,0,0,0,0.0
treatment_2204,treatment,0,simulated,0,0,0,0.0
treatment_2205,treatment,1,simulated,0,0,0,0.0
treatment_2206,treatment,0,simulated,0,0,0,0.0
treatment_2207,treatment,0,simulated,0,0,0,0.0
treatment_2208,treatment,0,simulated,0,0,0,0.0
treatment_2209,treatment,0,simulated,0,0,0,0.0
treatment_2210,treatment,0,simulated,0,0,0,0.0
treatment_2211,treatment,0,simulated,0,0,0,0.0
treatment_2212,treatment,1,simulated,0,0,0,0.0
treatment_2213,treatment,1,simulated,0,0,0,0.0
treatment_2214,treatment,0,simulated,0,0,0,0.0
treatment_2215,treatment,0,simulated,0,0,0,0.0
treatment_2216,treatment,0,simulated,0,0,0,0.0
treatment_2217,treatment,0,simulated,0,0,0,0.0
treatment_2218,treatment,0,simulated,0,0,0,0.0
treatment_2219,treatment,1,simulated,1,0,0,0.0
treatment_2220,treatment,0,simulated,0,0,0,0.0
treatment_2221,treatment,1,simulated,0,0,0,0.0
treatment_2222,treatment,0,simulated,0,0,0,0.0
treatment_2223,treatment,0,simulated,0,0,0,0.0
treatment_2224,treatment,1,simulated,0,0,0,0.0
treatment_2225,treatment,0,simulated,0,0,0,0.0
treatment_2226,treatment,0,simulated,0,0,0,0.0
treatment_2227,treatment,0,simulated,0,0,0,0.0
treatment_2228,treatment,1,simulated,0,0,0,0.0
treatment_2229,treatment,0,simulated,0,0,0,0.0
treatment_2230,treatment,1,simulated,0,0,0,0.0
treatment_2231,treatment,0,simulated,0,0,0,0.0
treatment_2232,treatment,1,simulated,0,0,0,0.0
treatment_2233,treatment,0,simulated,0,0,0,0.0
treatment_2234,treatment,0,simulated,0,0,0,0.0
treatment_2235,treatment,1,simulated,0,0,0,0.0
treatment_2236,treatment,1,simulated,1,0,0,0.0
treatment_2237,treatment,0,simulated,0,0,0,0.0
treatment_2238,treatment,0,simulated,0,0,0,0.0
treatment_2239,treatment,0,simulated,0,0,0,0.0
treatment_2240,treatment,0,simulated,0,0,0,0.0
treatment_2241,treatment,1,simulated,0,0,0,0.0
treatment_2242,treatment,0,simulated,0,0,0,0.0
treatment_2243,treatment,0,simulated,0,0,0,0.0
treatment_2244,treatment,0,simulated,0,0,0,0.0
treatment_2245,treatment,1,simulated,1,0,0,0.0
treatment_2246,treatment,0,simulated,0,0,0,0.0
treatment_2247,treatment,0,simulated,0,0,0,0.0
treatment_2248,treatment,0,simulated,0,0,0,0.0
treatment_2249,treatment,0,simulated,0,0,0,0.0
treatment_2250,treatment,1,simulated,1,0,0,0.0
treatment_2251,treatment,0,simulated,0,0,0,0.0
treatment_2252,treatment,1,simulated,0,0,0,0.0
treatment_2253,treatment,1,simulated,0,1,0,21.55
treatment_2254,treatment,0,simulated,0,0,0,0.0
treatment_2255,treatment,1,simulated,0,0,0,0.0
treatment_2256,treatment,0,simulated,0,0,0,0.0
treatment_2257,treatment,0,simulated,0,0,0,0.0
treatment_2258,treatment,0,simulated,0,0,0,0.0
treatment_2259,treatment,0,simulated,0,0,1,0.0
treatment_2260,treatment,1,simulated,0,0,0,0.0
treatment_2261,treatment,0,simulated,0,0,0,0.0
treatment_2262,treatment,0,simulated,0,0,0,0.0
treatment_2263,treatment,1,simulated,1,0,0,0.0
treatment_2264,treatment,1,simulated,0,0,0,0.0
treatment_2265,treatment,0,simulated,0,0,0,0.0
treatment_2266,treatment,0,simulated,0,0,0,0.0
treatment_2267,treatment,0,simulated,0,0,0,0.0
treatment_2268,treatment,0,simulated,0,0,0,0.0
treatment_2269,treatment,0,simulated,0,0,0,0.0
treatment_2270,treatment,1,simulated,0,0,0,0.0
treatment_2271,treatment,0,simulated,0,0,0,0.0
treatment_2272,treatment,0,simulated,0,0,0,0.0
treatment_2273,treatment,0,simulated,0,0,0,0.0
treatment_2274,treatment,0,simulated,0,0,0,0.0
treatment_2275,treatment,0,simulated,0,0,0,0.0
treatment_2276,treatment,0,simulated,0,0,0,0.0
treatment_2277,treatment,0,simulated,0,0,0,0.0
treatment_2278,treatment,1,simulated,0,0,0,0.0
treatment_2279,treatment,0,simulated,0,0,0,0.0
treatment_2280,treatment,0,simulated,0,0,0,0.0
treatment_2281,treatment,0,simulated,0,0,0,0.0
treatment_2282,treatment,0,simulated,0,0,0,0.0
treatment_2283,treatment,0,simulated,0,0,0,0.0
treatment_2284,treatment,0,simulated,0,0,0,0.0
treatment_2285,treatment,0,simulated,0,0,0,0.0
treatment_2286,treatment,0,simulated,0,0,0,0.0
treatment_2287,treatment,0,simulated,0,0,0,0.0
treatment_2288,treatment,0,simulated,0,0,0,0.0
treatment_2289,treatment,0,simulated,0,0,0,0.0
treatment_2290,treatment,0,simulated,0,0,0,0.0
treatment_2291,treatment,0,simulated,0,0,0,0.0
treatment_2292,treatment,0,simulated,0,0,0,0.0
treatment_2293,treatment,1,simulated,1,0,0,0.0
treatment_2294,treatment,0,simulated,0,0,0,0.0
treatment_2295,treatment,0,simulated,0,0,0,0.0
treatment_2296,treatment,0,simulated,0,0,0,0.0
treatment_2297,treatment,1,simulated,0,0,0,0.0
treatment_2298,treatment,0,simulated,0,0,0,0.0
treatment_2299,treatment,0,simulated,0,0,0,0.0
treatment_2300,treatment,0,simulated,0,0,0,0.0
treatment_2301,treatment,0,simulated,0,0,0,0.0
treatment_2302,treatment,1,simulated,0,0,0,0.0
treatment_2303,treatment,0,simulated,0,0,0,0.0
treatment_2304,treatment,1,simulated,0,0,0,0.0
treatment_2305,treatment,0,simulated,0,0,0,0.0
treatment_2306,treatment,0,simulated,0,0,0,0.0
treatment_2307,treatment,1,simulated,0,0,0,0.0
treatment_2308,treatment,1,simulated,0,0,0,0.0
treatment_2309,treatment,0,simulated,0,0,0,0.0
treatment_2310,treatment,0,simulated,0,0,0,0.0
treatment_2311,treatment,0,simulated,0,0,0,0.0
treatment_2312,treatment,1,simulated,0,0,0,0.0
treatment_2313,treatment,0,simulated,0,0,0,0.0
treatment_2314,treatment,1,simulated,0,0,0,0.0
treatment_2315,treatment,0,simulated,0,0,0,0.0
treatment_2316,treatment,0,simulated,0,0,0,0.0
treatment_2317,treatment,0,simulated,0,0,0,0.0
treatment_2318,treatment,0,simulated,0,0,0,0.0
treatment_2319,treatment,1,simulated,0,0,0,0.0
treatment_2320,treatment,0,simulated,0,0,0,0.0
treatment_2321,treatment,0,simulated,0,0,0,0.0
treatment_2322,treatment,1,simulated,0,0,0,0.0
treatment_2323,treatment,0,simulated,0,0,0,0.0
treatment_2324,treatment,0,simulated,0,0,0,0.0
treatment_2325,treatment,1,simulated,0,0,0,0.0
treatment_2326,treatment,0,simulated,0,0,0,0.0
treatment_2327,treatment,0,simulated,0,0,0,0.0
treatment_2328,treatment,0,simulated,0,0,0,0.0
treatment_2329,treatment,1,simulated,0,0,0,0.0
treatment_2330,treatment,0,simulated,0,0,0,0.0
treatment_2331,treatment,0,simulated,0,0,0,0.0
treatment_2332,treatment,0,simulated,0,0,0,0.0
treatment_2333,treatment,0,simulated,0,0,0,0.0
treatment_2334,treatment,0,simulated,0,0,0,0.0
treatment_2335,treatment,0,simulated,0,0,0,0.0
treatment_2336,treatment,1,simulated,0,0,0,0.0
treatment_2337,treatment,0,simulated,0,0,0,0.0
treatment_2338,treatment,0,simulated,0,0,0,0.0
treatment_2339,treatment,0,simulated,0,0,0,0.0
treatment_2340,treatment,0,simulated,0,0,0,0.0
treatment_2341,treatment,1,simulated,0,0,0,0.0
treatment_2342,treatment,0,simulated,0,0,0,0.0
treatment_2343,treatment,0,simulated,0,0,0,0.0
treatment_2344,treatment,0,simulated,0,0,0,0.0
treatment_2345,treatment,0,simulated,0,0,0,0.0
treatment_2346,treatment,0,simulated,0,0,0,0.0
treatment_2347,treatment,0,simulated,0,0,0,0.0
treatment_2348,treatment,0,simulated,0,0,0,0.0
treatment_2349,treatment,0,simulated,0,0,0,0.0
treatment_2350,treatment,1,simulated,0,0,0,0.0
treatment_2351,treatment,0,simulated,0,0,0,0.0
treatment_2352,treatment,1,simulated,0,0,0,0.0
treatment_2353,treatment,0,simulated,0,0,0,0.0
treatment_2354,treatment,0,simulated,0,0,0,0.0
treatment_2355,treatment,0,simulated,0,0,0,0.0
treatment_2356,treatment,0,simulated,0,0,0,0.0
treatment_2357,treatment,0,simulated,0,0,0,0.0
treatment_2358,treatment,0,simulated,0,0,0,0.0
treatment_2359,treatment,0,simulated,0,0,0,0.0
treatment_2360,treatment,0,simulated,0,0,0,0.0
treatment_2361,treatment,1,simulated,0,1,0,25.23
treatment_2362,treatment,0,simulated,0,0,0,0.0
treatment_2363,treatment,1,simulated,0,0,0,0.0
treatment_2364,treatment,0,simulated,0,0,0,0.0
treatment_2365,treatment,1,simulated,0,0,0,0.0
treatment_2366,treatment,0,simulated,0,0,0,0.0
treatment_2367,treatment,1,simulated,0,0,0,0.0
treatment_2368,treatment,1,simulated,0,0,0,0.0
treatment_2369,treatment,0,simulated,0,0,0,0.0
treatment_2370,treatment,0,simulated,0,0,0,0.0
treatment_2371,treatment,0,simulated,0,0,0,0.0
treatment_2372,treatment,0,simulated,0,0,0,0.0
treatment_2373,treatment,0,simulated,0,0,0,0.0
treatment_2374,treatment,0,simulated,0,0,0,0.0
treatment_2375,treatment,0,simulated,0,0,0,0.0
treatment_2376,treatment,0,simulated,0,0,0,0.0
treatment_2377,treatment,0,simulated,0,0,0,0.0
treatment_2378,treatment,0,simulated,0,0,0,0.0
treatment_2379,treatment,1,simulated,0,0,0,0.0
treatment_2380,treatment,1,simulated,0,0,0,0.0
treatment_2381,treatment,0,simulated,0,0,0,0.0
treatment_2382,treatment,0,simulated,0,0,0,0.0
treatment_2383,treatment,0,simulated,0,0,0,0.0
treatment_2384,treatment,0,simulated,0,0,0,0.0
treatment_2385,treatment,0,simulated,0,0,0,0.0
treatment_2386,treatment,0,simulated,0,0,0,0.0
treatment_2387,treatment,0,simulated,0,0,0,0.0
treatment_2388,treatment,0,simulated,0,0,0,0.0
treatment_2389,treatment,0,simulated,0,0,0,0.0
treatment_2390,treatment,0,simulated,0,0,0,0.0
treatment_2391,treatment,0,simulated,0,0,0,0.0
treatment_2392,treatment,0,simulated,0,0,0,0.0
treatment_2393,treatment,0,simulated,0,0,0,0.0
treatment_2394,treatment,0,simulated,0,0,0,0.0
treatment_2395,treatment,1,simulated,0,0,0,0.0
treatment_2396,treatment,0,simulated,0,0,0,0.0
treatment_2397,treatment,0,simulated,0,0,0,0.0
treatment_2398,treatment,0,simulated,0,0,0,0.0
treatment_2399,treatment,1,simulated,0,0,0,0.0
treatment_2400,treatment,1,simulated,0,0,0,0.0
treatment_2401,treatment,0,simulated,0,0,0,0.0
treatment_2402,treatment,1,simulated,0,0,0,0.0
treatment_2403,treatment,1,simulated,0,0,0,0.0
treatment_2404,treatment,1,simulated,0,0,0,0.0
treatment_2405,treatment,0,simulated,0,0,0,0.0
treatment_2406,treatment,0,simulated,0,0,0,0.0
treatment_2407,treatment,0,simulated,0,0,0,0.0
treatment_2408,treatment,0,simulated,0,0,0,0.0
treatment_2409,treatment,0,simulated,0,0,0,0.0
treatment_2410,treatment,0,simulated,0,0,0,0.0
treatment_2411,treatment,0,simulated,0,0,0,0.0
treatment_2412,treatment,0,simulated,0,0,0,0.0
treatment_2413,treatment,0,simulated,0,0,0,0.0
treatment_2414,treatment,0,simulated,0,0,0,0.0
treatment_2415,treatment,0,simulated,0,0,0,0.0
treatment_2416,treatment,0,simulated,0,0,0,0.0
treatment_2417,treatment,0,simulated,0,0,0,0.0
treatment_2418,treatment,1,simulated,0,0,0,0.0
treatment_2419,treatment,1,simulated,0,0,0,0.0
treatment_2420,treatment,0,simulated,0,0,0,0.0
treatment_2421,treatment,0,simulated,0,0,0,0.0
treatment_2422,treatment,0,simulated,0,0,0,0.0
treatment_2423,treatment,0,simulated,0,0,0,0.0
treatment_2424,treatment,0,simulated,0,0,0,0.0
treatment_2425,treatment,1,simulated,0,0,0,0.0
treatment_2426,treatment,0,simulated,0,0,0,0.0
treatment_2427,treatment,0,simulated,0,0,0,0.0
treatment_2428,treatment,0,simulated,0,0,0,0.0
treatment_2429,treatment,0,simulated,0,0,0,0.0
treatment_2430,treatment,0,simulated,0,0,0,0.0
treatment_2431,treatment,0,simulated,0,0,0,0.0
treatment_2432,treatment,1,simulated,0,0,0,0.0
treatment_2433,treatment,0,simulated,0,0,0,0.0
treatment_2434,treatment,0,simulated,0,0,0,0.0
treatment_2435,treatment,0,simulated,0,0,0,0.0
treatment_2436,treatment,0,simulated,0,0,0,0.0
treatment_2437,treatment,1,simulated,1,0,0,0.0
treatment_2438,treatment,0,simulated,0,0,0,0.0
treatment_2439,treatment,0,simulated,0,0,0,0.0
treatment_2440,treatment,0,simulated,0,0,0,0.0
treatment_2441,treatment,0,simulated,0,0,0,0.0
treatment_2442,treatment,0,simulated,0,0,0,0.0
treatment_2443,treatment,0,simulated,0,0,0,0.0
treatment_2444,treatment,1,simulated,0,0,0,0.0
treatment_2445,treatment,0,simulated,0,0,0,0.0
treatment_2446,treatment,1,simulated,0,0,0,0.0
treatment_2447,treatment,0,simulated,0,0,0,0.0
treatment_2448,treatment,0,simulated,0,0,0,0.0
treatment_2449,treatment,0,simulated,0,0,0,0.0
treatment_2450,treatment,1,simulated,0,1,0,25.2
treatment_2451,treatment,0,simulated,0,0,0,0.0
treatment_2452,treatment,1,simulated,0,0,0,0.0
treatment_2453,treatment,0,simulated,0,0,0,0.0
treatment_2454,treatment,0,simulated,0,0,0,0.0
treatment_2455,treatment,0,simulated,0,0,0,0.0
treatment_2456,treatment,0,simulated,0,0,0,0.0
treatment_2457,treatment,0,simulated,0,0,0,0.0
treatment_2458,treatment,0,simulated,0,0,0,0.0
treatment_2459,treatment,0,simulated,0,0,0,0.0
treatment_2460,treatment,1,simulated,0,0,0,0.0
treatment_2461,treatment,0,simulated,0,0,0,0.0
treatment_2462,treatment,0,simulated,0,0,0,0.0
treatment_2463,treatment,0,simulated,0,0,0,0.0
treatment_2464,treatment,0,simulated,0,0,0,0.0
treatment_2465,treatment,0,simulated,0,0,0,0.0
treatment_2466,treatment,0,simulated,0,0,0,0.0
treatment_2467,treatment,1,simulated,0,0,0,0.0
treatment_2468,treatment,0,simulated,0,0,0,0.0
treatment_2469,treatment,1,simulated,0,0,0,0.0
treatment_2470,treatment,0,simulated,0,0,0,0.0
treatment_2471,treatment,0,simulated,0,0,0,0.0
treatment_2472,treatment,0,simulated,0,0,0,0.0
treatment_2473,treatment,0,simulated,0,0,0,0.0
treatment_2474,treatment,1,simulated,1,0,0,0.0
treatment_2475,treatment,0,simulated,0,0,0,0.0
treatment_2476,treatment,1,simulated,0,0,0,0.0
treatment_2477,treatment,0,simulated,0,0,0,0.0
treatment_2478,treatment,0,simulated,0,0,0,0.0
treatment_2479,treatment,0,simulated,0,0,0,0.0
treatment_2480,treatment,0,simulated,0,0,0,0.0
treatment_2481,treatment,0,simulated,0,0,0,0.0
treatment_2482,treatment,0,simulated,0,0,0,0.0
treatment_2483,treatment,0,simulated,0,0,0,0.0
treatment_2484,treatment,0,simulated,0,0,0,0.0
treatment_2485,treatment,0,simulated,0,0,0,0.0
treatment_2486,treatment,0,simulated,0,0,0,0.0
treatment_2487,treatment,0,simulated,0,0,0,0.0
treatment_2488,treatment,1,simulated,0,0,0,0.0
treatment_2489,treatment,0,simulated,0,0,0,0.0
treatment_2490,treatment,0,simulated,0,0,0,0.0
treatment_2491,treatment,1,simulated,0,0,0,0.0
treatment_2492,treatment,0,simulated,0,0,0,0.0
treatment_2493,treatment,0,simulated,0,0,0,0.0
treatment_2494,treatment,0,simulated,0,0,0,0.0
treatment_2495,treatment,0,simulated,0,0,0,0.0
treatment_2496,treatment,0,simulated,0,0,0,0.0
treatment_2497,treatment,0,simulated,0,0,0,0.0
treatment_2498,treatment,0,simulated,0,0,0,0.0
treatment_2499,treatment,0,simulated,0,0,0,0.0
treatment_2500,treatment,0,simulated,0,0,0,0.0
treatment_2501,treatment,0,simulated,0,0,0,0.0
treatment_2502,treatment,0,simulated,0,0,0,0.0
treatment_2503,treatment,1,simulated,0,0,0,0.0
treatment_2504,treatment,0,simulated,0,0,0,0.0
treatment_2505,treatment,0,simulated,0,0,0,0.0
treatment_2506,treatment,0,simulated,0,0,0,0.0
treatment_2507,treatment,0,simulated,0,0,0,0.0
treatment_2508,treatment,0,simulated,0,0,0,0.0
treatment_2509,treatment,0,simulated,0,0,0,0.0
treatment_2510,treatment,0,simulated,0,0,0,0.0
treatment_2511,treatment,0,simulated,0,0,1,0.0
treatment_2512,treatment,0,simulated,0,0,0,0.0
treatment_2513,treatment,0,simulated,0,0,0,0.0
treatment_2514,treatment,0,simulated,0,0,0,0.0
treatment_2515,treatment,0,simulated,0,0,0,0.0
treatment_2516,treatment,0,simulated,0,0,0,0.0
treatment_2517,treatment,0,simulated,0,0,0,0.0
treatment_2518,treatment,1,simulated,0,0,0,0.0
treatment_2519,treatment,1,simulated,0,0,0,0.0
treatment_2520,treatment,0,simulated,0,0,0,0.0
treatment_2521,treatment,0,simulated,0,0,0,0.0
treatment_2522,treatment,0,simulated,0,0,0,0.0
treatment_2523,treatment,0,simulated,0,0,0,0.0
treatment_2524,treatment,0,simulated,0,0,0,0.0
treatment_2525,treatment,0,simulated,0,0,0,0.0
treatment_2526,treatment,0,simulated,0,0,0,0.0
treatment_2527,treatment,0,simulated,0,0,0,0.0
treatment_2528,treatment,0,simulated,0,0,0,0.0
treatment_2529,treatment,0,simulated,0,0,0,0.0
treatment_2530,treatment,0,simulated,0,0,0,0.0
treatment_2531,treatment,1,simulated,0,0,0,0.0
treatment_2532,treatment,0,simulated,0,0,0,0.0
treatment_2533,treatment,0,simulated,0,0,0,0.0
treatment_2534,treatment,0,simulated,0,0,0,0.0
treatment_2535,treatment,0,simulated,0,0,0,0.0
treatment_2536,treatment,0,simulated,0,0,0,0.0
treatment_2537,treatment,0,simulated,0,0,0,0.0
treatment_2538,treatment,0,simulated,0,0,0,0.0
treatment_2539,treatment,0,simulated,0,0,0,0.0
treatment_2540,treatment,0,simulated,0,0,0,0.0
treatment_2541,treatment,0,simulated,0,0,0,0.0
treatment_2542,treatment,0,simulated,0,0,0,0.0
treatment_2543,treatment,1,simulated,0,0,0,0.0
treatment_2544,treatment,0,simulated,0,0,0,0.0
treatment_2545,treatment,0,simulated,0,0,0,0.0
treatment_2546,treatment,0,simulated,0,0,0,0.0
treatment_2547,treatment,0,simulated,0,0,0,0.0
treatment_2548,treatment,0,simulated,0,0,0,0.0
treatment_2549,treatment,0,simulated,0,0,0,0.0
treatment_2550,treatment,1,simulated,1,0,0,0.0
treatment_2551,treatment,0,simulated,0,0,0,0.0
treatment_2552,treatment,0,simulated,0,0,0,0.0
treatment_2553,treatment,0,simulated,0,0,0,0.0
treatment_2554,treatment,0,simulated,0,0,0,0.0
treatment_2555,treatment,1,simulated,0,0,0,0.0
treatment_2556,treatment,1,simulated,0,0,0,0.0
treatment_2557,treatment,0,simulated,0,0,0,0.0
treatment_2558,treatment,0,simulated,0,0,0,0.0
treatment_2559,treatment,1,simulated,0,0,0,0.0
treatment_2560,treatment,1,simulated,1,0,0,0.0
treatment_2561,treatment,0,simulated,0,0,0,0.0
treatment_2562,treatment,1,simulated,0,0,0,0.0
treatment_2563,treatment,0,simulated,0,0,0,0.0
treatment_2564,treatment,1,simulated,0,0,0,0.0
treatment_2565,treatment,0,simulated,0,0,0,0.0
treatment_2566,treatment,0,simulated,0,0,0,0.0
treatment_2567,treatment,0,simulated,0,0,0,0.0
treatment_2568,treatment,0,simulated,0,0,0,0.0
treatment_2569,treatment,1,simulated,0,0,0,0.0
treatment_2570,treatment,1,simulated,0,0,0,0.0
treatment_2571,treatment,0,simulated,0,0,0,0.0
treatment_2572,treatment,0,simulated,0,0,0,0.0
treatment_2573,treatment,1,simulated,0,0,0,0.0
treatment_2574,treatment,0,simulated,0,0,0,0.0
treatment_2575,treatment,0,simulated,0,0,0,0.0
treatment_2576,treatment,1,simulated,0,0,0,0.0
treatment_2577,treatment,1,simulated,0,0,0,0.0
treatment_2578,treatment,0,simulated,0,0,0,0.0
treatment_2579,treatment,1,simulated,1,0,0,0.0
treatment_2580,treatment,0,simulated,0,0,0,0.0
treatment_2581,treatment,1,simulated,0,0,0,0.0
treatment_2582,treatment,0,simulated,0,0,0,0.0
treatment_2583,treatment,0,simulated,0,0,0,0.0
treatment_2584,treatment,1,simulated,0,0,0,0.0
treatment_2585,treatment,0,simulated,0,0,0,0.0
treatment_2586,treatment,0,simulated,0,0,0,0.0
treatment_2587,treatment,1,simulated,0,0,0,0.0
treatment_2588,treatment,1,simulated,0,0,0,0.0
treatment_2589,treatment,1,simulated,0,0,0,0.0
treatment_2590,treatment,0,simulated,0,0,0,0.0
treatment_2591,treatment,0,simulated,0,0,0,0.0
treatment_2592,treatment,0,simulated,0,0,0,0.0
treatment_2593,treatment,0,simulated,0,0,0,0.0
treatment_2594,treatment,1,simulated,0,0,0,0.0
treatment_2595,treatment,0,simulated,0,0,0,0.0
treatment_2596,treatment,0,simulated,0,0,0,0.0
treatment_2597,treatment,0,simulated,0,0,0,0.0
treatment_2598,treatment,1,simulated,1,0,0,0.0
treatment_2599,treatment,0,simulated,0,0,0,0.0
treatment_2600,treatment,1,simulated,0,0,0,0.0
treatment_2601,treatment,0,simulated,0,0,0,0.0
treatment_2602,treatment,0,simulated,0,0,0,0.0
treatment_2603,treatment,0,simulated,0,0,0,0.0
treatment_2604,treatment,0,simulated,0,0,0,0.0
treatment_2605,treatment,0,simulated,0,0,0,0.0
treatment_2606,treatment,0,simulated,0,0,0,0.0
treatment_2607,treatment,0,simulated,0,0,0,0.0
treatment_2608,treatment,0,simulated,0,0,0,0.0
treatment_2609,treatment,1,simulated,0,0,0,0.0
treatment_2610,treatment,1,simulated,0,0,0,0.0
treatment_2611,treatment,0,simulated,0,0,0,0.0
treatment_2612,treatment,1,simulated,0,0,0,0.0
treatment_2613,treatment,1,simulated,0,0,0,0.0
treatment_2614,treatment,0,simulated,0,0,0,0.0
treatment_2615,treatment,1,simulated,0,0,0,0.0
treatment_2616,treatment,0,simulated,0,0,0,0.0
treatment_2617,treatment,1,simulated,0,0,0,0.0
treatment_2618,treatment,0,simulated,0,0,0,0.0
treatment_2619,treatment,0,simulated,0,0,0,0.0
treatment_2620,treatment,0,simulated,0,0,0,0.0
treatment_2621,treatment,1,simulated,0,0,0,0.0
treatment_2622,treatment,0,simulated,0,0,0,0.0
treatment_2623,treatment,1,simulated,0,0,0,0.0
treatment_2624,treatment,0,simulated,0,0,0,0.0
treatment_2625,treatment,0,simulated,0,0,0,0.0
treatment_2626,treatment,1,simulated,0,0,0,0.0
treatment_2627,treatment,0,simulated,0,0,0,0.0
treatment_2628,treatment,0,simulated,0,0,0,0.0
treatment_2629,treatment,0,simulated,0,0,0,0.0
treatment_2630,treatment,1,simulated,1,0,0,0.0
treatment_2631,treatment,0,simulated,0,0,0,0.0
treatment_2632,treatment,0,simulated,0,0,0,0.0
treatment_2633,treatment,0,simulated,0,0,1,0.0
treatment_2634,treatment,0,simulated,0,0,0,0.0
treatment_2635,treatment,0,simulated,0,0,0,0.0
treatment_2636,treatment,0,simulated,0,0,0,0.0
treatment_2637,treatment,0,simulated,0,0,0,0.0
treatment_2638,treatment,0,simulated,0,0,0,0.0
treatment_2639,treatment,0,simulated,0,0,0,0.0
treatment_2640,treatment,0,simulated,0,0,0,0.0
treatment_2641,treatment,1,simulated,0,0,0,0.0
treatment_2642,treatment,0,simulated,0,0,0,0.0
treatment_2643,treatment,0,simulated,0,0,0,0.0
treatment_2644,treatment,0,simulated,0,0,0,0.0
treatment_2645,treatment,0,simulated,0,0,0,0.0
treatment_2646,treatment,1,simulated,0,0,0,0.0
treatment_2647,treatment,0,simulated,0,0,0,0.0
treatment_2648,treatment,0,simulated,0,0,0,0.0
treatment_2649,treatment,0,simulated,0,0,0,0.0
treatment_2650,treatment,1,simulated,0,0,0,0.0
treatment_2651,treatment,0,simulated,0,0,0,0.0
treatment_2652,treatment,0,simulated,0,0,0,0.0
treatment_2653,treatment,1,simulated,0,0,0,0.0
treatment_2654,treatment,0,simulated,0,0,0,0.0
treatment_2655,treatment,0,simulated,0,0,0,0.0
treatment_2656,treatment,0,simulated,0,0,0,0.0
treatment_2657,treatment,0,simulated,0,0,0,0.0
treatment_2658,treatment,1,simulated,0,0,0,0.0
treatment_2659,treatment,0,simulated,0,0,0,0.0
treatment_2660,treatment,1,simulated,0,0,0,0.0
treatment_2661,treatment,0,simulated,0,0,0,0.0
treatment_2662,treatment,0,simulated,0,0,0,0.0
treatment_2663,treatment,0,simulated,0,0,0,0.0
treatment_2664,treatment,1,simulated,0,0,0,0.0
treatment_2665,treatment,0,simulated,0,0,0,0.0
treatment_2666,treatment,1,simulated,0,0,0,0.0
treatment_2667,treatment,0,simulated,0,0,0,0.0
treatment_2668,treatment,0,simulated,0,0,0,0.0
treatment_2669,treatment,0,simulated,0,0,0,0.0
treatment_2670,treatment,0,simulated,0,0,0,0.0
treatment_2671,treatment,0,simulated,0,0,0,0.0
treatment_2672,treatment,1,simulated,0,0,0,0.0
treatment_2673,treatment,0,simulated,0,0,0,0.0
treatment_2674,treatment,0,simulated,0,0,0,0.0
treatment_2675,treatment,0,simulated,0,0,0,0.0
treatment_2676,treatment,0,simulated,0,0,0,0.0
treatment_2677,treatment,0,simulated,0,0,0,0.0
treatment_2678,treatment,0,simulated,0,0,0,0.0
treatment_2679,treatment,1,simulated,0,0,0,0.0
treatment_2680,treatment,0,simulated,0,0,0,0.0
treatment_2681,treatment,0,simulated,0,0,0,0.0
treatment_2682,treatment,0,simulated,0,0,0,0.0
treatment_2683,treatment,1,simulated,0,0,0,0.0
treatment_2684,treatment,0,simulated,0,0,0,0.0
treatment_2685,treatment,1,simulated,1,0,0,0.0
treatment_2686,treatment,0,simulated,0,0,0,0.0
treatment_2687,treatment,0,simulated,0,0,0,0.0
treatment_2688,treatment,1,simulated,0,0,0,0.0
treatment_2689,treatment,0,simulated,0,0,0,0.0
treatment_2690,treatment,0,simulated,0,0,0,0.0
treatment_2691,treatment,0,simulated,0,0,0,0.0
treatment_2692,treatment,0,simulated,0,0,0,0.0
treatment_2693,treatment,0,simulated,0,0,0,0.0
treatment_2694,treatment,0,simulated,0,0,0,0.0
treatment_2695,treatment,0,simulated,0,0,1,0.0
treatment_2696,treatment,0,simulated,0,0,0,0.0
treatment_2697,treatment,0,simulated,0,0,0,0.0
treatment_2698,treatment,0,simulated,0,0,0,0.0
treatment_2699,treatment,1,simulated,0,0,0,0.0
treatment_2700,treatment,0,simulated,0,0,0,0.0
treatment_2701,treatment,0,simulated,0,0,0,0.0
treatment_2702,treatment,0,simulated,0,0,0,0.0
treatment_2703,treatment,1,simulated,0,0,0,0.0
treatment_2704,treatment,0,simulated,0,0,0,0.0
treatment_2705,treatment,0,simulated,0,0,0,0.0
treatment_2706,treatment,0,simulated,0,0,0,0.0
treatment_2707,treatment,1,simulated,0,0,1,0.0
treatment_2708,treatment,0,simulated,0,0,0,0.0
treatment_2709,treatment,0,simulated,0,0,0,0.0
treatment_2710,treatment,0,simulated,0,0,0,0.0
treatment_2711,treatment,1,simulated,0,0,0,0.0
treatment_2712,treatment,1,simulated,0,0,0,0.0
treatment_2713,treatment,0,simulated,0,0,0,0.0
treatment_2714,treatment,0,simulated,0,0,0,0.0
treatment_2715,treatment,1,simulated,0,0,0,0.0
treatment_2716,treatment,1,simulated,0,0,0,0.0
treatment_2717,treatment,0,simulated,0,0,0,0.0
treatment_2718,treatment,1,simulated,0,1,0,16.88
treatment_2719,treatment,0,simulated,0,0,0,0.0
treatment_2720,treatment,1,simulated,0,0,0,0.0
treatment_2721,treatment,0,simulated,0,0,0,0.0
treatment_2722,treatment,1,simulated,0,0,0,0.0
treatment_2723,treatment,0,simulated,0,0,0,0.0
treatment_2724,treatment,0,simulated,0,0,0,0.0
treatment_2725,treatment,1,simulated,0,0,0,0.0
treatment_2726,treatment,0,simulated,0,0,0,0.0
treatment_2727,treatment,0,simulated,0,0,0,0.0
treatment_2728,treatment,1,simulated,1,0,0,0.0
treatment_2729,treatment,0,simulated,0,0,0,0.0
treatment_2730,treatment,0,simulated,0,0,0,0.0
treatment_2731,treatment,0,simulated,0,0,0,0.0
treatment_2732,treatment,1,simulated,0,0,0,0.0
treatment_2733,treatment,0,simulated,0,0,0,0.0
treatment_2734,treatment,1,simulated,0,0,0,0.0
treatment_2735,treatment,1,simulated,0,0,0,0.0
treatment_2736,treatment,0,simulated,0,0,0,0.0
treatment_2737,treatment,0,simulated,0,0,0,0.0
treatment_2738,treatment,0,simulated,0,0,0,0.0
treatment_2739,treatment,1,simulated,0,0,0,0.0
treatment_2740,treatment,0,simulated,0,0,0,0.0
treatment_2741,treatment,0,simulated,0,0,0,0.0
treatment_2742,treatment,0,simulated,0,0,0,0.0
treatment_2743,treatment,0,simulated,0,0,0,0.0
treatment_2744,treatment,1,simulated,0,0,0,0.0
treatment_2745,treatment,1,simulated,0,0,0,0.0
treatment_2746,treatment,0,simulated,0,0,0,0.0
treatment_2747,treatment,1,simulated,0,0,0,0.0
treatment_2748,treatment,0,simulated,0,0,0,0.0
treatment_2749,treatment,1,simulated,0,0,0,0.0
treatment_2750,treatment,1,simulated,0,0,0,0.0
treatment_2751,treatment,1,simulated,0,0,0,0.0
treatment_2752,treatment,0,simulated,0,0,0,0.0
treatment_2753,treatment,0,simulated,0,0,0,0.0
treatment_2754,treatment,0,simulated,0,0,0,0.0
treatment_2755,treatment,0,simulated,0,0,0,0.0
treatment_2756,treatment,0,simulated,0,0,0,0.0
treatment_2757,treatment,0,simulated,0,0,0,0.0
treatment_2758,treatment,0,simulated,0,0,0,0.0
treatment_2759,treatment,1,simulated,0,0,0,0.0
treatment_2760,treatment,0,simulated,0,0,0,0.0
treatment_2761,treatment,1,simulated,0,0,0,0.0
treatment_2762,treatment,0,simulated,0,0,0,0.0
treatment_2763,treatment,1,simulated,0,0,0,0.0
treatment_2764,treatment,0,simulated,0,0,0,0.0
treatment_2765,treatment,0,simulated,0,0,0,0.0
treatment_2766,treatment,0,simulated,0,0,0,0.0
treatment_2767,treatment,1,simulated,1,0,0,0.0
treatment_2768,treatment,1,simulated,0,0,0,0.0
treatment_2769,treatment,0,simulated,0,0,0,0.0
treatment_2770,treatment,0,simulated,0,0,0,0.0
treatment_2771,treatment,0,simulated,0,0,0,0.0
treatment_2772,treatment,0,simulated,0,0,0,0.0
treatment_2773,treatment,0,simulated,0,0,0,0.0
treatment_2774,treatment,1,simulated,0,0,0,0.0
treatment_2775,treatment,1,simulated,0,0,0,0.0
treatment_2776,treatment,0,simulated,0,0,0,0.0
treatment_2777,treatment,1,simulated,0,0,0,0.0
treatment_2778,treatment,1,simulated,0,0,0,0.0
treatment_2779,treatment,1,simulated,0,0,0,0.0
treatment_2780,treatment,0,simulated,0,0,0,0.0
treatment_2781,treatment,0,simulated,0,0,0,0.0
treatment_2782,treatment,0,simulated,0,0,0,0.0
treatment_2783,treatment,0,simulated,0,0,0,0.0
treatment_2784,treatment,0,simulated,0,0,0,0.0
treatment_2785,treatment,0,simulated,0,0,0,0.0
treatment_2786,treatment,1,simulated,0,0,0,0.0
treatment_2787,treatment,0,simulated,0,0,0,0.0
treatment_2788,treatment,0,simulated,0,0,0,0.0
treatment_2789,treatment,0,simulated,0,0,0,0.0
treatment_2790,treatment,0,simulated,0,0,0,0.0
treatment_2791,treatment,1,simulated,0,0,0,0.0
treatment_2792,treatment,0,simulated,0,0,0,0.0
treatment_2793,treatment,0,simulated,0,0,0,0.0
treatment_2794,treatment,0,simulated,0,0,0,0.0
treatment_2795,treatment,0,simulated,0,0,0,0.0
treatment_2796,treatment,0,simulated,0,0,0,0.0
treatment_2797,treatment,1,simulated,0,0,0,0.0
treatment_2798,treatment,0,simulated,0,0,0,0.0
treatment_2799,treatment,0,simulated,0,0,0,0.0
treatment_2800,treatment,1,simulated,0,0,0,0.0
treatment_2801,treatment,0,simulated,0,0,0,0.0
treatment_2802,treatment,0,simulated,0,0,0,0.0
treatment_2803,treatment,1,simulated,0,0,0,0.0
treatment_2804,treatment,1,simulated,0,0,0,0.0
treatment_2805,treatment,0,simulated,0,0,0,0.0
treatment_2806,treatment,0,simulated,0,0,0,0.0
treatment_2807,treatment,1,simulated,0,0,0,0.0
treatment_2808,treatment,0,simulated,0,0,0,0.0
treatment_2809,treatment,0,simulated,0,0,0,0.0
treatment_2810,treatment,0,simulated,0,0,0,0.0
treatment_2811,treatment,0,simulated,0,0,0,0.0
treatment_2812,treatment,1,simulated,0,0,0,0.0
treatment_2813,treatment,0,simulated,0,0,0,0.0
treatment_2814,treatment,1,simulated,0,0,0,0.0
treatment_2815,treatment,0,simulated,0,0,0,0.0
treatment_2816,treatment,0,simulated,0,0,0,0.0
treatment_2817,treatment,0,simulated,0,0,0,0.0
treatment_2818,treatment,0,simulated,0,0,0,0.0
treatment_2819,treatment,0,simulated,0,0,0,0.0
treatment_2820,treatment,0,simulated,0,0,0,0.0
treatment_2821,treatment,0,simulated,0,0,0,0.0
treatment_2822,treatment,1,simulated,0,0,0,0.0
treatment_2823,treatment,1,simulated,0,0,0,0.0
treatment_2824,treatment,1,simulated,0,0,0,0.0
treatment_2825,treatment,0,simulated,0,0,0,0.0
treatment_2826,treatment,0,simulated,0,0,0,0.0
treatment_2827,treatment,1,simulated,0,0,0,0.0
treatment_2828,treatment,0,simulated,0,0,0,0.0
treatment_2829,treatment,0,simulated,0,0,0,0.0
treatment_2830,treatment,0,simulated,0,0,0,0.0
treatment_2831,treatment,0,simulated,0,0,1,0.0
treatment_2832,treatment,0,simulated,0,0,0,0.0
treatment_2833,treatment,0,simulated,0,0,0,0.0
treatment_2834,treatment,0,simulated,0,0,0,0.0
treatment_2835,treatment,0,simulated,0,0,0,0.0
treatment_2836,treatment,0,simulated,0,0,0,0.0
treatment_2837,treatment,0,simulated,0,0,0,0.0
treatment_2838,treatment,0,simulated,0,0,0,0.0
treatment_2839,treatment,1,simulated,0,0,0,0.0
treatment_2840,treatment,0,simulated,0,0,0,0.0
treatment_2841,treatment,1,simulated,1,0,0,0.0
treatment_2842,treatment,0,simulated,0,0,0,0.0
treatment_2843,treatment,0,simulated,0,0,0,0.0
treatment_2844,treatment,0,simulated,0,0,0,0.0
treatment_2845,treatment,0,simulated,0,0,0,0.0
treatment_2846,treatment,0,simulated,0,0,0,0.0
treatment_2847,treatment,0,simulated,0,0,0,0.0
treatment_2848,treatment,1,simulated,0,0,0,0.0
treatment_2849,treatment,1,simulated,0,0,0,0.0
treatment_2850,treatment,0,simulated,0,0,0,0.0
treatment_2851,treatment,0,simulated,0,0,0,0.0
treatment_2852,treatment,0,simulated,0,0,0,0.0
treatment_2853,treatment,0,simulated,0,0,0,0.0
treatment_2854,treatment,0,simulated,0,0,0,0.0
treatment_2855,treatment,1,simulated,0,0,0,0.0
treatment_2856,treatment,0,simulated,0,0,0,0.0
treatment_2857,treatment,1,simulated,0,0,0,0.0
treatment_2858,treatment,0,simulated,0,0,0,0.0
treatment_2859,treatment,1,simulated,0,0,0,0.0
treatment_2860,treatment,0,simulated,0,0,0,0.0
treatment_2861,treatment,0,simulated,0,0,0,0.0
treatment_2862,treatment,1,simulated,0,0,0,0.0
treatment_2863,treatment,0,simulated,0,0,0,0.0
treatment_2864,treatment,0,simulated,0,0,0,0.0
treatment_2865,treatment,0,simulated,0,0,0,0.0
treatment_2866,treatment,1,simulated,0,0,0,0.0
treatment_2867,treatment,1,simulated,0,0,0,0.0
treatment_2868,treatment,0,simulated,0,0,0,0.0
treatment_2869,treatment,1,simulated,0,0,0,0.0
treatment_2870,treatment,1,simulated,1,0,0,0.0
treatment_2871,treatment,0,simulated,0,0,0,0.0
treatment_2872,treatment,1,simulated,0,0,0,0.0
treatment_2873,treatment,1,simulated,0,0,0,0.0
treatment_2874,treatment,0,simulated,0,0,0,0.0
treatment_2875,treatment,0,simulated,0,0,0,0.0
treatment_2876,treatment,0,simulated,0,0,0,0.0
treatment_2877,treatment,0,simulated,0,0,0,0.0
treatment_2878,treatment,0,simulated,0,0,0,0.0
treatment_2879,treatment,1,simulated,0,0,0,0.0
treatment_2880,treatment,1,simulated,0,0,0,0.0
treatment_2881,treatment,1,simulated,0,0,0,0.0
treatment_2882,treatment,0,simulated,0,0,0,0.0
treatment_2883,treatment,1,simulated,0,0,0,0.0
treatment_2884,treatment,0,simulated,0,0,0,0.0
treatment_2885,treatment,1,simulated,0,0,0,0.0
treatment_2886,treatment,0,simulated,0,0,0,0.0
treatment_2887,treatment,0,simulated,0,0,0,0.0
treatment_2888,treatment,0,simulated,0,0,0,0.0
treatment_2889,treatment,0,simulated,0,0,0,0.0
treatment_2890,treatment,0,simulated,0,0,0,0.0
treatment_2891,treatment,0,simulated,0,0,0,0.0
treatment_2892,treatment,0,simulated,0,0,0,0.0
treatment_2893,treatment,0,simulated,0,0,0,0.0
treatment_2894,treatment,1,simulated,0,0,0,0.0
treatment_2895,treatment,0,simulated,0,0,0,0.0
treatment_2896,treatment,1,simulated,0,0,0,0.0
treatment_2897,treatment,0,simulated,0,0,0,0.0
treatment_2898,treatment,0,simulated,0,0,0,0.0
treatment_2899,treatment,1,simulated,0,0,0,0.0
treatment_2900,treatment,0,simulated,0,0,0,0.0
treatment_2901,treatment,1,simulated,0,0,0,0.0
treatment_2902,treatment,1,simulated,0,0,1,0.0
treatment_2903,treatment,1,simulated,0,0,0,0.0
treatment_2904,treatment,1,simulated,0,0,0,0.0
treatment_2905,treatment,1,simulated,0,0,0,0.0
treatment_2906,treatment,0,simulated,0,0,0,0.0
treatment_2907,treatment,1,simulated,0,0,0,0.0
treatment_2908,treatment,0,simulated,0,0,0,0.0
treatment_2909,treatment,0,simulated,0,0,0,0.0
treatment_2910,treatment,0,simulated,0,0,0,0.0
treatment_2911,treatment,1,simulated,0,0,0,0.0
treatment_2912,treatment,0,simulated,0,0,0,0.0
treatment_2913,treatment,0,simulated,0,0,0,0.0
treatment_2914,treatment,0,simulated,0,0,0,0.0
treatment_2915,treatment,0,simulated,0,0,0,0.0
treatment_2916,treatment,0,simulated,0,0,0,0.0
treatment_2917,treatment,0,simulated,0,0,0,0.0
treatment_2918,treatment,0,simulated,0,0,0,0.0
treatment_2919,treatment,0,simulated,0,0,0,0.0
treatment_2920,treatment,0,simulated,0,0,0,0.0
treatment_2921,treatment,1,simulated,1,0,0,0.0
treatment_2922,treatment,1,simulated,0,0,0,0.0
treatment_2923,treatment,0,simulated,0,0,0,0.0
treatment_2924,treatment,1,simulated,0,0,0,0.0
treatment_2925,treatment,0,simulated,0,0,0,0.0
treatment_2926,treatment,1,simulated,0,0,0,0.0
treatment_2927,treatment,0,simulated,0,0,0,0.0
treatment_2928,treatment,0,simulated,0,0,0,0.0
treatment_2929,treatment,0,simulated,0,0,0,0.0
treatment_2930,treatment,0,simulated,0,0,0,0.0
treatment_2931,treatment,0,simulated,0,0,0,0.0
treatment_2932,treatment,0,simulated,0,0,0,0.0
treatment_2933,treatment,0,simulated,0,0,0,0.0
treatment_2934,treatment,0,simulated,0,0,0,0.0
treatment_2935,treatment,0,simulated,0,0,0,0.0
treatment_2936,treatment,0,simulated,0,0,0,0.0
treatment_2937,treatment,1,simulated,0,0,0,0.0
treatment_2938,treatment,1,simulated,0,0,0,0.0
treatment_2939,treatment,0,simulated,0,0,0,0.0
treatment_2940,treatment,0,simulated,0,0,0,0.0
treatment_2941,treatment,1,simulated,0,0,0,0.0
treatment_2942,treatment,0,simulated,0,0,0,0.0
treatment_2943,treatment,0,simulated,0,0,0,0.0
treatment_2944,treatment,0,simulated,0,0,0,0.0
treatment_2945,treatment,0,simulated,0,0,0,0.0
treatment_2946,treatment,0,simulated,0,0,0,0.0
treatment_2947,treatment,0,simulated,0,0,0,0.0
treatment_2948,treatment,1,simulated,0,0,0,0.0
treatment_2949,treatment,0,simulated,0,0,0,0.0
treatment_2950,treatment,0,simulated,0,0,0,0.0
treatment_2951,treatment,0,simulated,0,0,0,0.0
treatment_2952,treatment,0,simulated,0,0,0,0.0
treatment_2953,treatment,0,simulated,0,0,0,0.0
treatment_2954,treatment,1,simulated,0,0,0,0.0
treatment_2955,treatment,0,simulated,0,0,0,0.0
treatment_2956,treatment,0,simulated,0,0,0,0.0
treatment_2957,treatment,0,simulated,0,0,0,0.0
treatment_2958,treatment,1,simulated,0,0,0,0.0
treatment_2959,treatment,1,simulated,0,0,0,0.0
treatment_2960,treatment,0,simulated,0,0,0,0.0
treatment_2961,treatment,0,simulated,0,0,1,0.0
treatment_2962,treatment,0,simulated,0,0,0,0.0
treatment_2963,treatment,0,simulated,0,0,0,0.0
treatment_2964,treatment,0,simulated,0,0,0,0.0
treatment_2965,treatment,1,simulated,0,0,0,0.0
treatment_2966,treatment,1,simulated,0,0,0,0.0
treatment_2967,treatment,0,simulated,0,0,0,0.0
treatment_2968,treatment,0,simulated,0,0,0,0.0
treatment_2969,treatment,1,simulated,0,0,0,0.0
treatment_2970,treatment,0,simulated,0,0,0,0.0
treatment_2971,treatment,0,simulated,0,0,0,0.0
treatment_2972,treatment,0,simulated,0,0,0,0.0
treatment_2973,treatment,0,simulated,0,0,0,0.0
treatment_2974,treatment,1,simulated,0,0,0,0.0
treatment_2975,treatment,0,simulated,0,0,0,0.0
treatment_2976,treatment,0,simulated,0,0,0,0.0
treatment_2977,treatment,0,simulated,0,0,0,0.0
treatment_2978,treatment,0,simulated,0,0,0,0.0
treatment_2979,treatment,0,simulated,0,0,0,0.0
treatment_2980,treatment,1,simulated,0,0,0,0.0
treatment_2981,treatment,1,simulated,0,0,0,0.0
treatment_2982,treatment,0,simulated,0,0,0,0.0
treatment_2983,treatment,1,simulated,0,0,0,0.0
treatment_2984,treatment,1,simulated,0,0,0,0.0
treatment_2985,treatment,1,simulated,0,0,0,0.0
treatment_2986,treatment,0,simulated,0,0,0,0.0
treatment_2987,treatment,1,simulated,0,0,0,0.0
treatment_2988,treatment,0,simulated,0,0,0,0.0
treatment_2989,treatment,0,simulated,0,0,0,0.0
treatment_2990,treatment,0,simulated,0,0,0,0.0
treatment_2991,treatment,1,simulated,1,0,0,0.0
treatment_2992,treatment,0,simulated,0,0,0,0.0
treatment_2993,treatment,0,simulated,0,0,0,0.0
treatment_2994,treatment,1,simulated,0,0,0,0.0
treatment_2995,treatment,0,simulated,0,0,0,0.0
treatment_2996,treatment,0,simulated,0,0,0,0.0
treatment_2997,treatment,0,simulated,0,0,0,0.0
treatment_2998,treatment,0,simulated,0,0,0,0.0
treatment_2999,treatment,0,simulated,0,0,0,0.0
treatment_3000,treatment,0,simulated,0,0,0,0.0
treatment_3001,treatment,1,simulated,0,0,0,0.0
treatment_3002,treatment,1,simulated,0,0,0,0.0
treatment_3003,treatment,0,simulated,0,0,0,0.0
treatment_3004,treatment,0,simulated,0,0,0,0.0
treatment_3005,treatment,0,simulated,0,0,0,0.0
treatment_3006,treatment,0,simulated,0,0,0,0.0
treatment_3007,treatment,0,simulated,0,0,0,0.0
treatment_3008,treatment,0,simulated,0,0,0,0.0
treatment_3009,treatment,1,simulated,0,0,0,0.0
treatment_3010,treatment,0,simulated,0,0,0,0.0
treatment_3011,treatment,0,simulated,0,0,0,0.0
treatment_3012,treatment,0,simulated,0,0,0,0.0
treatment_3013,treatment,0,simulated,0,0,0,0.0
treatment_3014,treatment,0,simulated,0,0,0,0.0
treatment_3015,treatment,0,simulated,0,0,0,0.0
treatment_3016,treatment,0,simulated,0,0,0,0.0
treatment_3017,treatment,0,simulated,0,0,0,0.0
treatment_3018,treatment,0,simulated,0,0,0,0.0
treatment_3019,treatment,1,simulated,0,0,0,0.0
treatment_3020,treatment,0,simulated,0,0,0,0.0
treatment_3021,treatment,0,simulated,0,0,0,0.0
treatment_3022,treatment,1,simulated,0,0,0,0.0
treatment_3023,treatment,0,simulated,0,0,0,0.0
treatment_3024,treatment,1,simulated,0,0,0,0.0
treatment_3025,treatment,0,simulated,0,0,0,0.0
treatment_3026,treatment,0,simulated,0,0,0,0.0
treatment_3027,treatment,0,simulated,0,0,0,0.0
treatment_3028,treatment,0,simulated,0,0,0,0.0
treatment_3029,treatment,1,simulated,0,0,0,0.0
treatment_3030,treatment,0,simulated,0,0,0,0.0
treatment_3031,treatment,0,simulated,0,0,0,0.0
treatment_3032,treatment,0,simulated,0,0,0,0.0
treatment_3033,treatment,0,simulated,0,0,0,0.0
treatment_3034,treatment,1,simulated,0,0,0,0.0
treatment_3035,treatment,1,simulated,0,0,0,0.0
treatment_3036,treatment,0,simulated,0,0,0,0.0
treatment_3037,treatment,0,simulated,0,0,0,0.0
treatment_3038,treatment,0,simulated,0,0,0,0.0
treatment_3039,treatment,1,simulated,0,0,0,0.0
treatment_3040,treatment,0,simulated,0,0,1,0.0
treatment_3041,treatment,0,simulated,0,0,0,0.0
treatment_3042,treatment,0,simulated,0,0,0,0.0
treatment_3043,treatment,1,simulated,0,0,0,0.0
treatment_3044,treatment,1,simulated,0,0,0,0.0
treatment_3045,treatment,1,simulated,0,0,0,0.0
treatment_3046,treatment,0,simulated,0,0,0,0.0
treatment_3047,treatment,0,simulated,0,0,0,0.0
treatment_3048,treatment,0,simulated,0,0,0,0.0
treatment_3049,treatment,0,simulated,0,0,0,0.0
treatment_3050,treatment,0,simulated,0,0,0,0.0
treatment_3051,treatment,0,simulated,0,0,0,0.0
treatment_3052,treatment,0,simulated,0,0,0,0.0
treatment_3053,treatment,0,simulated,0,0,0,0.0
treatment_3054,treatment,0,simulated,0,0,0,0.0
treatment_3055,treatment,0,simulated,0,0,0,0.0
treatment_3056,treatment,0,simulated,0,0,0,0.0
treatment_3057,treatment,0,simulated,0,0,0,0.0
treatment_3058,treatment,0,simulated,0,0,0,0.0
treatment_3059,treatment,1,simulated,1,0,0,0.0
treatment_3060,treatment,0,simulated,0,0,0,0.0
treatment_3061,treatment,0,simulated,0,0,0,0.0
treatment_3062,treatment,0,simulated,0,0,0,0.0
treatment_3063,treatment,1,simulated,0,0,0,0.0
treatment_3064,treatment,0,simulated,0,0,0,0.0
treatment_3065,treatment,0,simulated,0,0,0,0.0
treatment_3066,treatment,0,simulated,0,0,0,0.0
treatment_3067,treatment,0,simulated,0,0,0,0.0
treatment_3068,treatment,0,simulated,0,0,0,0.0
treatment_3069,treatment,0,simulated,0,0,0,0.0
treatment_3070,treatment,0,simulated,0,0,0,0.0
treatment_3071,treatment,1,simulated,0,0,0,0.0
treatment_3072,treatment,0,simulated,0,0,0,0.0
treatment_3073,treatment,1,simulated,0,0,0,0.0
treatment_3074,treatment,1,simulated,0,0,0,0.0
treatment_3075,treatment,0,simulated,0,0,0,0.0
treatment_3076,treatment,0,simulated,0,0,0,0.0
treatment_3077,treatment,0,simulated,0,0,0,0.0
treatment_3078,treatment,0,simulated,0,0,0,0.0
treatment_3079,treatment,1,simulated,0,0,0,0.0
treatment_3080,treatment,0,simulated,0,0,0,0.0
treatment_3081,treatment,0,simulated,0,0,0,0.0
treatment_3082,treatment,0,simulated,0,0,0,0.0
treatment_3083,treatment,0,simulated,0,0,0,0.0
treatment_3084,treatment,0,simulated,0,0,0,0.0
treatment_3085,treatment,0,simulated,0,0,0,0.0
treatment_3086,treatment,0,simulated,0,0,0,0.0
treatment_3087,treatment,1,simulated,0,0,0,0.0
treatment_3088,treatment,0,simulated,0,0,0,0.0
treatment_3089,treatment,1,simulated,0,0,0,0.0
treatment_3090,treatment,0,simulated,0,0,0,0.0
treatment_3091,treatment,0,simulated,0,0,0,0.0
treatment_3092,treatment,0,simulated,0,0,0,0.0
treatment_3093,treatment,0,simulated,0,0,0,0.0
treatment_3094,treatment,0,simulated,0,0,0,0.0
treatment_3095,treatment,0,simulated,0,0,0,0.0
treatment_3096,treatment,0,simulated,0,0,0,0.0
treatment_3097,treatment,0,simulated,0,0,0,0.0
treatment_3098,treatment,1,simulated,1,0,0,0.0
treatment_3099,treatment,1,simulated,0,0,0,0.0
treatment_3100,treatment,0,simulated,0,0,0,0.0
treatment_3101,treatment,0,simulated,0,0,0,0.0
treatment_3102,treatment,0,simulated,0,0,0,0.0
treatment_3103,treatment,0,simulated,0,0,0,0.0
treatment_3104,treatment,0,simulated,0,0,0,0.0
treatment_3105,treatment,0,simulated,0,0,0,0.0
treatment_3106,treatment,0,simulated,0,0,0,0.0
treatment_3107,treatment,0,simulated,0,0,0,0.0
treatment_3108,treatment,0,simulated,0,0,0,0.0
treatment_3109,treatment,0,simulated,0,0,0,0.0
treatment_3110,treatment,0,simulated,0,0,0,0.0
treatment_3111,treatment,0,simulated,0,0,0,0.0
treatment_3112,treatment,1,simulated,0,0,0,0.0
treatment_3113,treatment,0,simulated,0,0,0,0.0
treatment_3114,treatment,0,simulated,0,0,0,0.0
treatment_3115,treatment,0,simulated,0,0,0,0.0
treatment_3116,treatment,1,simulated,1,0,0,0.0
treatment_3117,treatment,1,simulated,0,0,0,0.0
treatment_3118,treatment,0,simulated,0,0,0,0.0
treatment_3119,treatment,0,simulated,0,0,0,0.0
treatment_3120,treatment,1,simulated,0,0,0,0.0
treatment_3121,treatment,1,simulated,0,0,0,0.0
treatment_3122,treatment,1,simulated,0,0,0,0.0
treatment_3123,treatment,0,simulated,0,0,0,0.0
treatment_3124,treatment,0,simulated,0,0,0,0.0
treatment_3125,treatment,0,simulated,0,0,0,0.0
treatment_3126,treatment,1,simulated,0,0,0,0.0
treatment_3127,treatment,0,simulated,0,0,0,0.0
treatment_3128,treatment,0,simulated,0,0,0,0.0
treatment_3129,treatment,0,simulated,0,0,0,0.0
treatment_3130,treatment,0,simulated,0,0,0,0.0
treatment_3131,treatment,0,simulated,0,0,0,0.0
treatment_3132,treatment,0,simulated,0,0,0,0.0
treatment_3133,treatment,0,simulated,0,0,0,0.0
treatment_3134,treatment,0,simulated,0,0,0,0.0
treatment_3135,treatment,0,simulated,0,0,0,0.0
treatment_3136,treatment,0,simulated,0,0,0,0.0
treatment_3137,treatment,0,simulated,0,0,0,0.0
treatment_3138,treatment,0,simulated,0,0,0,0.0
treatment_3139,treatment,1,simulated,0,0,0,0.0
treatment_3140,treatment,0,simulated,0,0,0,0.0
treatment_3141,treatment,0,simulated,0,0,0,0.0
treatment_3142,treatment,0,simulated,0,0,0,0.0
treatment_3143,treatment,0,simulated,0,0,0,0.0
treatment_3144,treatment,0,simulated,0,0,0,0.0
treatment_3145,treatment,1,simulated,0,0,0,0.0
treatment_3146,treatment,0,simulated,0,0,0,0.0
treatment_3147,treatment,0,simulated,0,0,0,0.0
treatment_3148,treatment,0,simulated,0,0,0,0.0
treatment_3149,treatment,0,simulated,0,0,0,0.0
treatment_3150,treatment,0,simulated,0,0,0,0.0
treatment_3151,treatment,0,simulated,0,0,0,0.0
treatment_3152,treatment,0,simulated,0,0,0,0.0
treatment_3153,treatment,0,simulated,0,0,0,0.0
treatment_3154,treatment,0,simulated,0,0,0,0.0
treatment_3155,treatment,0,simulated,0,0,0,0.0
treatment_3156,treatment,0,simulated,0,0,0,0.0
treatment_3157,treatment,0,simulated,0,0,0,0.0
treatment_3158,treatment,0,simulated,0,0,0,0.0
treatment_3159,treatment,1,simulated,0,0,0,0.0
treatment_3160,treatment,0,simulated,0,0,0,0.0
treatment_3161,treatment,0,simulated,0,0,0,0.0
treatment_3162,treatment,0,simulated,0,0,0,0.0
treatment_3163,treatment,1,simulated,0,0,0,0.0
treatment_3164,treatment,0,simulated,0,0,0,0.0
treatment_3165,treatment,0,simulated,0,0,0,0.0
treatment_3166,treatment,0,simulated,0,0,0,0.0
treatment_3167,treatment,0,simulated,0,0,0,0.0
treatment_3168,treatment,0,simulated,0,0,0,0.0
treatment_3169,treatment,1,simulated,0,0,0,0.0
treatment_3170,treatment,0,simulated,0,0,0,0.0
treatment_3171,treatment,0,simulated,0,0,0,0.0
treatment_3172,treatment,0,simulated,0,0,0,0.0
treatment_3173,treatment,0,simulated,0,0,0,0.0
treatment_3174,treatment,0,simulated,0,0,0,0.0
treatment_3175,treatment,0,simulated,0,0,0,0.0
treatment_3176,treatment,0,simulated,0,0,0,0.0
treatment_3177,treatment,0,simulated,0,0,0,0.0
treatment_3178,treatment,0,simulated,0,0,0,0.0
treatment_3179,treatment,1,simulated,0,0,0,0.0
treatment_3180,treatment,0,simulated,0,0,0,0.0
treatment_3181,treatment,0,simulated,0,0,0,0.0
treatment_3182,treatment,0,simulated,0,0,0,0.0
treatment_3183,treatment,1,simulated,0,0,0,0.0
treatment_3184,treatment,0,simulated,0,0,0,0.0
treatment_3185,treatment,0,simulated,0,0,0,0.0
treatment_3186,treatment,0,simulated,0,0,0,0.0
treatment_3187,treatment,0,simulated,0,0,0,0.0
treatment_3188,treatment,0,simulated,0,0,0,0.0
treatment_3189,treatment,0,simulated,0,0,0,0.0
treatment_3190,treatment,0,simulated,0,0,0,0.0
treatment_3191,treatment,0,simulated,0,0,0,0.0
treatment_3192,treatment,1,simulated,0,0,0,0.0
treatment_3193,treatment,0,simulated,0,0,0,0.0
treatment_3194,treatment,0,simulated,0,0,0,0.0
treatment_3195,treatment,1,simulated,0,0,0,0.0
treatment_3196,treatment,1,simulated,0,0,0,0.0
treatment_3197,treatment,0,simulated,0,0,0,0.0
treatment_3198,treatment,0,simulated,0,0,0,0.0
treatment_3199,treatment,0,simulated,0,0,0,0.0
treatment_3200,treatment,0,simulated,0,0,0,0.0
treatment_3201,treatment,0,simulated,0,0,0,0.0
treatment_3202,treatment,0,simulated,0,0,0,0.0
treatment_3203,treatment,1,simulated,0,0,0,0.0
treatment_3204,treatment,0,simulated,0,0,0,0.0
treatment_3205,treatment,0,simulated,0,0,0,0.0
treatment_3206,treatment,0,simulated,0,0,0,0.0
treatment_3207,treatment,0,simulated,0,0,0,0.0
treatment_3208,treatment,0,simulated,0,0,0,0.0
treatment_3209,treatment,0,simulated,0,0,0,0.0
treatment_3210,treatment,1,simulated,0,0,0,0.0
treatment_3211,treatment,0,simulated,0,0,0,0.0
treatment_3212,treatment,1,simulated,0,0,0,0.0
treatment_3213,treatment,0,simulated,0,0,0,0.0
treatment_3214,treatment,0,simulated,0,0,0,0.0
treatment_3215,treatment,0,simulated,0,0,0,0.0
treatment_3216,treatment,1,simulated,0,0,0,0.0
treatment_3217,treatment,1,simulated,0,0,0,0.0
treatment_3218,treatment,0,simulated,0,0,0,0.0
treatment_3219,treatment,1,simulated,0,0,0,0.0
treatment_3220,treatment,0,simulated,0,0,0,0.0
treatment_3221,treatment,0,simulated,0,0,0,0.0
treatment_3222,treatment,0,simulated,0,0,0,0.0
treatment_3223,treatment,0,simulated,0,0,0,0.0
treatment_3224,treatment,0,simulated,0,0,0,0.0
treatment_3225,treatment,0,simulated,0,0,0,0.0
treatment_3226,treatment,0,simulated,0,0,0,0.0
treatment_3227,treatment,0,simulated,0,0,0,0.0
treatment_3228,treatment,0,simulated,0,0,0,0.0
treatment_3229,treatment,0,simulated,0,0,0,0.0
treatment_3230,treatment,0,simulated,0,0,0,0.0
treatment_3231,treatment,0,simulated,0,0,0,0.0
treatment_3232,treatment,0,simulated,0,0,0,0.0
treatment_3233,treatment,0,simulated,0,0,0,0.0
treatment_3234,treatment,1,simulated,0,0,0,0.0
treatment_3235,treatment,0,simulated,0,0,0,0.0
treatment_3236,treatment,1,simulated,0,0,0,0.0
treatment_3237,treatment,1,simulated,0,0,0,0.0
treatment_3238,treatment,0,simulated,0,0,0,0.0
treatment_3239,treatment,0,simulated,0,0,0,0.0
treatment_3240,treatment,0,simulated,0,0,0,0.0
treatment_3241,treatment,0,simulated,0,0,0,0.0
treatment_3242,treatment,0,simulated,0,0,0,0.0
treatment_3243,treatment,0,simulated,0,0,0,0.0
treatment_3244,treatment,0,simulated,0,0,0,0.0
treatment_3245,treatment,1,simulated,0,0,0,0.0
treatment_3246,treatment,0,simulated,0,0,0,0.0
treatment_3247,treatment,1,simulated,0,0,0,0.0
treatment_3248,treatment,0,simulated,0,0,0,0.0
treatment_3249,treatment,0,simulated,0,0,0,0.0
treatment_3250,treatment,0,simulated,0,0,0,0.0
treatment_3251,treatment,0,simulated,0,0,0,0.0
treatment_3252,treatment,0,simulated,0,0,0,0.0
treatment_3253,treatment,0,simulated,0,0,0,0.0
treatment_3254,treatment,0,simulated,0,0,0,0.0
treatment_3255,treatment,0,simulated,0,0,0,0.0
treatment_3256,treatment,0,simulated,0,0,0,0.0
treatment_3257,treatment,0,simulated,0,0,0,0.0
treatment_3258,treatment,0,simulated,0,0,0,0.0
treatment_3259,treatment,1,simulated,0,0,0,0.0
treatment_3260,treatment,0,simulated,0,0,0,0.0
treatment_3261,treatment,0,simulated,0,0,0,0.0
treatment_3262,treatment,0,simulated,0,0,0,0.0
treatment_3263,treatment,0,simulated,0,0,0,0.0
treatment_3264,treatment,0,simulated,0,0,0,0.0
treatment_3265,treatment,0,simulated,0,0,0,0.0
treatment_3266,treatment,0,simulated,0,0,0,0.0
treatment_3267,treatment,0,simulated,0,0,0,0.0
treatment_3268,treatment,0,simulated,0,0,0,0.0
treatment_3269,treatment,1,simulated,0,0,0,0.0
treatment_3270,treatment,0,simulated,0,0,0,0.0
treatment_3271,treatment,1,simulated,0,0,0,0.0
treatment_3272,treatment,0,simulated,0,0,0,0.0
treatment_3273,treatment,0,simulated,0,0,0,0.0
treatment_3274,treatment,0,simulated,0,0,0,0.0
treatment_3275,treatment,1,simulated,0,0,0,0.0
treatment_3276,treatment,0,simulated,0,0,0,0.0
treatment_3277,treatment,0,simulated,0,0,0,0.0
treatment_3278,treatment,0,simulated,0,0,0,0.0
treatment_3279,treatment,0,simulated,0,0,0,0.0
treatment_3280,treatment,1,simulated,0,0,0,0.0
treatment_3281,treatment,1,simulated,0,0,0,0.0
treatment_3282,treatment,0,simulated,0,0,0,0.0
treatment_3283,treatment,1,simulated,0,0,0,0.0
treatment_3284,treatment,0,simulated,0,0,0,0.0
treatment_3285,treatment,1,simulated,0,0,0,0.0
treatment_3286,treatment,1,simulated,0,0,0,0.0
treatment_3287,treatment,1,simulated,0,0,0,0.0
treatment_3288,treatment,0,simulated,0,0,0,0.0
treatment_3289,treatment,1,simulated,0,0,0,0.0
treatment_3290,treatment,0,simulated,0,0,0,0.0
treatment_3291,treatment,1,simulated,0,0,0,0.0
treatment_3292,treatment,0,simulated,0,0,0,0.0
treatment_3293,treatment,1,simulated,0,0,0,0.0
treatment_3294,treatment,0,simulated,0,0,0,0.0
treatment_3295,treatment,0,simulated,0,0,0,0.0
treatment_3296,treatment,0,simulated,0,0,0,0.0
treatment_3297,treatment,0,simulated,0,0,0,0.0
treatment_3298,treatment,0,simulated,0,0,0,0.0
treatment_3299,treatment,1,simulated,0,0,0,0.0
treatment_3300,treatment,1,simulated,0,0,1,0.0
treatment_3301,treatment,0,simulated,0,0,0,0.0
treatment_3302,treatment,0,simulated,0,0,0,0.0
treatment_3303,treatment,0,simulated,0,0,0,0.0
treatment_3304,treatment,0,simulated,0,0,0,0.0
treatment_3305,treatment,0,simulated,0,0,0,0.0
treatment_3306,treatment,0,simulated,0,0,0,0.0
treatment_3307,treatment,0,simulated,0,0,0,0.0
treatment_3308,treatment,0,simulated,0,0,0,0.0
treatment_3309,treatment,1,simulated,0,0,0,0.0
treatment_3310,treatment,0,simulated,0,0,0,0.0
treatment_3311,treatment,1,simulated,0,0,0,0.0
treatment_3312,treatment,0,simulated,0,0,0,0.0
treatment_3313,treatment,1,simulated,0,0,0,0.0
treatment_3314,treatment,0,simulated,0,0,0,0.0
treatment_3315,treatment,0,simulated,0,0,0,0.0
treatment_3316,treatment,1,simulated,0,0,0,0.0
treatment_3317,treatment,0,simulated,0,0,0,0.0
treatment_3318,treatment,0,simulated,0,0,0,0.0
treatment_3319,treatment,0,simulated,0,0,0,0.0
treatment_3320,treatment,0,simulated,0,0,0,0.0
treatment_3321,treatment,0,simulated,0,0,0,0.0
treatment_3322,treatment,0,simulated,0,0,0,0.0
treatment_3323,treatment,1,simulated,0,0,0,0.0
treatment_3324,treatment,0,simulated,0,0,0,0.0
treatment_3325,treatment,1,simulated,0,0,0,0.0
treatment_3326,treatment,1,simulated,0,0,0,0.0
treatment_3327,treatment,0,simulated,0,0,0,0.0
treatment_3328,treatment,0,simulated,0,0,0,0.0
treatment_3329,treatment,0,simulated,0,0,0,0.0
treatment_3330,treatment,1,simulated,0,0,0,0.0
treatment_3331,treatment,1,simulated,0,0,0,0.0
treatment_3332,treatment,0,simulated,0,0,0,0.0
treatment_3333,treatment,0,simulated,0,0,0,0.0
treatment_3334,treatment,1,simulated,0,0,0,0.0
treatment_3335,treatment,1,simulated,0,0,0,0.0
treatment_3336,treatment,0,simulated,0,0,0,0.0
treatment_3337,treatment,0,simulated,0,0,0,0.0
treatment_3338,treatment,0,simulated,0,0,0,0.0
treatment_3339,treatment,1,simulated,0,0,0,0.0
treatment_3340,treatment,0,simulated,0,0,0,0.0
treatment_3341,treatment,0,simulated,0,0,0,0.0
treatment_3342,treatment,0,simulated,0,0,0,0.0
treatment_3343,treatment,0,simulated,0,0,0,0.0
treatment_3344,treatment,1,simulated,1,0,0,0.0
treatment_3345,treatment,0,simulated,0,0,0,0.0
treatment_3346,treatment,1,simulated,0,0,0,0.0
treatment_3347,treatment,1,simulated,0,0,0,0.0
treatment_3348,treatment,0,simulated,0,0,0,0.0
treatment_3349,treatment,0,simulated,0,0,0,0.0
treatment_3350,treatment,1,simulated,0,0,0,0.0
treatment_3351,treatment,0,simulated,0,0,0,0.0
treatment_3352,treatment,0,simulated,0,0,0,0.0
treatment_3353,treatment,0,simulated,0,0,0,0.0
treatment_3354,treatment,1,simulated,0,0,0,0.0
treatment_3355,treatment,0,simulated,0,0,0,0.0
treatment_3356,treatment,0,simulated,0,0,0,0.0
treatment_3357,treatment,1,simulated,0,0,0,0.0
treatment_3358,treatment,0,simulated,0,0,0,0.0
treatment_3359,treatment,0,simulated,0,0,0,0.0
treatment_3360,treatment,0,simulated,0,0,0,0.0
treatment_3361,treatment,0,simulated,0,0,0,0.0
treatment_3362,treatment,0,simulated,0,0,0,0.0
treatment_3363,treatment,0,simulated,0,0,0,0.0
treatment_3364,treatment,0,simulated,0,0,0,0.0
treatment_3365,treatment,0,simulated,0,0,0,0.0
treatment_3366,treatment,0,simulated,0,0,0,0.0
treatment_3367,treatment,0,simulated,0,0,0,0.0
treatment_3368,treatment,0,simulated,0,0,0,0.0
treatment_3369,treatment,0,simulated,0,0,0,0.0
treatment_3370,treatment,0,simulated,0,0,0,0.0
treatment_3371,treatment,0,simulated,0,0,0,0.0
treatment_3372,treatment,0,simulated,0,0,0,0.0
treatment_3373,treatment,1,simulated,1,0,0,0.0
treatment_3374,treatment,0,simulated,0,0,0,0.0
treatment_3375,treatment,0,simulated,0,0,0,0.0
treatment_3376,treatment,0,simulated,0,0,0,0.0
treatment_3377,treatment,0,simulated,0,0,0,0.0
treatment_3378,treatment,0,simulated,0,0,0,0.0
treatment_3379,treatment,0,simulated,0,0,0,0.0
treatment_3380,treatment,0,simulated,0,0,0,0.0
treatment_3381,treatment,0,simulated,0,0,0,0.0
treatment_3382,treatment,0,simulated,0,0,0,0.0
treatment_3383,treatment,0,simulated,0,0,0,0.0
treatment_3384,treatment,0,simulated,0,0,0,0.0
treatment_3385,treatment,0,simulated,0,0,0,0.0
treatment_3386,treatment,0,simulated,0,0,0,0.0
treatment_3387,treatment,0,simulated,0,0,0,0.0
treatment_3388,treatment,1,simulated,0,0,0,0.0
treatment_3389,treatment,0,simulated,0,0,0,0.0
treatment_3390,treatment,0,simulated,0,0,0,0.0
treatment_3391,treatment,1,simulated,1,0,0,0.0
treatment_3392,treatment,1,simulated,0,0,0,0.0
treatment_3393,treatment,1,simulated,0,0,0,0.0
treatment_3394,treatment,0,simulated,0,0,0,0.0
treatment_3395,treatment,0,simulated,0,0,0,0.0
treatment_3396,treatment,1,simulated,0,0,0,0.0
treatment_3397,treatment,0,simulated,0,0,0,0.0
treatment_3398,treatment,0,simulated,0,0,0,0.0
treatment_3399,treatment,0,simulated,0,0,0,0.0
treatment_3400,treatment,0,simulated,0,0,0,0.0
treatment_3401,treatment,0,simulated,0,0,0,0.0
treatment_3402,treatment,0,simulated,0,0,0,0.0
treatment_3403,treatment,0,simulated,0,0,0,0.0
treatment_3404,treatment,1,simulated,0,0,0,0.0
treatment_3405,treatment,0,simulated,0,0,0,0.0
treatment_3406,treatment,0,simulated,0,0,0,0.0
treatment_3407,treatment,0,simulated,0,0,0,0.0
treatment_3408,treatment,1,simulated,0,0,0,0.0
treatment_3409,treatment,0,simulated,0,0,0,0.0
treatment_3410,treatment,0,simulated,0,0,0,0.0
treatment_3411,treatment,0,simulated,0,0,0,0.0
treatment_3412,treatment,1,simulated,0,0,0,0.0
treatment_3413,treatment,1,simulated,0,0,0,0.0
treatment_3414,treatment,0,simulated,0,0,0,0.0
treatment_3415,treatment,0,simulated,0,0,0,0.0
treatment_3416,treatment,0,simulated,0,0,0,0.0
treatment_3417,treatment,0,simulated,0,0,0,0.0
treatment_3418,treatment,0,simulated,0,0,0,0.0
treatment_3419,treatment,1,simulated,0,0,0,0.0
treatment_3420,treatment,0,simulated,0,0,0,0.0
treatment_3421,treatment,0,simulated,0,0,0,0.0
treatment_3422,treatment,1,simulated,0,0,0,0.0
treatment_3423,treatment,0,simulated,0,0,0,0.0
treatment_3424,treatment,1,simulated,0,0,0,0.0
treatment_3425,treatment,0,simulated,0,0,0,0.0
treatment_3426,treatment,1,simulated,0,0,0,0.0
treatment_3427,treatment,1,simulated,0,0,0,0.0
treatment_3428,treatment,1,simulated,0,0,0,0.0
treatment_3429,treatment,0,simulated,0,0,0,0.0
treatment_3430,treatment,0,simulated,0,0,0,0.0
treatment_3431,treatment,0,simulated,0,0,0,0.0
treatment_3432,treatment,0,simulated,0,0,0,0.0
treatment_3433,treatment,1,simulated,0,0,0,0.0
treatment_3434,treatment,1,simulated,0,0,0,0.0
treatment_3435,treatment,0,simulated,0,0,0,0.0
treatment_3436,treatment,0,simulated,0,0,0,0.0
treatment_3437,treatment,1,simulated,0,0,0,0.0
treatment_3438,treatment,0,simulated,0,0,0,0.0
treatment_3439,treatment,0,simulated,0,0,0,0.0
treatment_3440,treatment,0,simulated,0,0,0,0.0
treatment_3441,treatment,0,simulated,0,0,0,0.0
treatment_3442,treatment,1,simulated,0,0,1,0.0
treatment_3443,treatment,0,simulated,0,0,0,0.0
treatment_3444,treatment,0,simulated,0,0,0,0.0
treatment_3445,treatment,1,simulated,0,0,0,0.0
treatment_3446,treatment,0,simulated,0,0,0,0.0
treatment_3447,treatment,0,simulated,0,0,0,0.0
treatment_3448,treatment,0,simulated,0,0,0,0.0
treatment_3449,treatment,0,simulated,0,0,0,0.0
treatment_3450,treatment,1,simulated,1,0,0,0.0
treatment_3451,treatment,0,simulated,0,0,0,0.0
treatment_3452,treatment,1,simulated,0,0,0,0.0
treatment_3453,treatment,0,simulated,0,0,0,0.0
treatment_3454,treatment,0,simulated,0,0,0,0.0
treatment_3455,treatment,0,simulated,0,0,0,0.0
treatment_3456,treatment,1,simulated,0,0,0,0.0
treatment_3457,treatment,0,simulated,0,0,0,0.0
treatment_3458,treatment,0,simulated,0,0,0,0.0
treatment_3459,treatment,0,simulated,0,0,0,0.0
treatment_3460,treatment,1,simulated,0,0,0,0.0
treatment_3461,treatment,0,simulated,0,0,0,0.0
treatment_3462,treatment,0,simulated,0,0,0,0.0
treatment_3463,treatment,1,simulated,0,0,0,0.0
treatment_3464,treatment,0,simulated,0,0,0,0.0
treatment_3465,treatment,0,simulated,0,0,0,0.0
treatment_3466,treatment,0,simulated,0,0,0,0.0
treatment_3467,treatment,0,simulated,0,0,0,0.0
treatment_3468,treatment,1,simulated,0,0,0,0.0
treatment_3469,treatment,0,simulated,0,0,0,0.0
treatment_3470,treatment,1,simulated,0,0,0,0.0
treatment_3471,treatment,0,simulated,0,0,0,0.0
treatment_3472,treatment,0,simulated,0,0,0,0.0
treatment_3473,treatment,0,simulated,0,0,1,0.0
treatment_3474,treatment,0,simulated,0,0,0,0.0
treatment_3475,treatment,0,simulated,0,0,0,0.0
treatment_3476,treatment,0,simulated,0,0,0,0.0
treatment_3477,treatment,0,simulated,0,0,0,0.0
treatment_3478,treatment,0,simulated,0,0,0,0.0
treatment_3479,treatment,0,simulated,0,0,0,0.0
treatment_3480,treatment,0,simulated,0,0,0,0.0
treatment_3481,treatment,0,simulated,0,0,0,0.0
treatment_3482,treatment,0,simulated,0,0,0,0.0
treatment_3483,treatment,0,simulated,0,0,0,0.0
treatment_3484,treatment,1,simulated,0,0,0,0.0
treatment_3485,treatment,0,simulated,0,0,0,0.0
treatment_3486,treatment,1,simulated,0,0,0,0.0
treatment_3487,treatment,1,simulated,0,0,0,0.0
treatment_3488,treatment,0,simulated,0,0,0,0.0
treatment_3489,treatment,0,simulated,0,0,0,0.0
treatment_3490,treatment,0,simulated,0,0,0,0.0
treatment_3491,treatment,0,simulated,0,0,0,0.0
treatment_3492,treatment,0,simulated,0,0,0,0.0
treatment_3493,treatment,0,simulated,0,0,0,0.0
treatment_3494,treatment,0,simulated,0,0,0,0.0
treatment_3495,treatment,0,simulated,0,0,0,0.0
treatment_3496,treatment,0,simulated,0,0,0,0.0
treatment_3497,treatment,0,simulated,0,0,0,0.0
treatment_3498,treatment,0,simulated,0,0,0,0.0
treatment_3499,treatment,1,simulated,0,0,0,0.0
treatment_3500,treatment,0,simulated,0,0,0,0.0
treatment_3501,treatment,1,simulated,0,0,0,0.0
treatment_3502,treatment,1,simulated,0,0,0,0.0
treatment_3503,treatment,0,simulated,0,0,0,0.0
treatment_3504,treatment,0,simulated,0,0,0,0.0
treatment_3505,treatment,0,simulated,0,0,0,0.0
treatment_3506,treatment,0,simulated,0,0,0,0.0
treatment_3507,treatment,0,simulated,0,0,0,0.0
treatment_3508,treatment,1,simulated,0,0,0,0.0
treatment_3509,treatment,0,simulated,0,0,0,0.0
treatment_3510,treatment,1,simulated,0,0,0,0.0
treatment_3511,treatment,0,simulated,0,0,0,0.0
treatment_3512,treatment,1,simulated,1,0,0,0.0
treatment_3513,treatment,1,simulated,0,0,0,0.0
treatment_3514,treatment,1,simulated,0,0,0,0.0
treatment_3515,treatment,0,simulated,0,0,0,0.0
treatment_3516,treatment,0,simulated,0,0,0,0.0
treatment_3517,treatment,0,simulated,0,0,0,0.0
treatment_3518,treatment,1,simulated,1,0,0,0.0
treatment_3519,treatment,1,simulated,0,0,0,0.0
treatment_3520,treatment,0,simulated,0,0,0,0.0
treatment_3521,treatment,1,simulated,0,0,0,0.0
treatment_3522,treatment,1,simulated,0,0,0,0.0
treatment_3523,treatment,0,simulated,0,0,0,0.0
treatment_3524,treatment,1,simulated,0,0,0,0.0
treatment_3525,treatment,0,simulated,0,0,0,0.0
treatment_3526,treatment,0,simulated,0,0,0,0.0
treatment_3527,treatment,0,simulated,0,0,0,0.0
treatment_3528,treatment,0,simulated,0,0,0,0.0
treatment_3529,treatment,1,simulated,0,0,0,0.0
treatment_3530,treatment,1,simulated,0,0,0,0.0
treatment_3531,treatment,1,simulated,0,0,0,0.0
treatment_3532,treatment,0,simulated,0,0,0,0.0
treatment_3533,treatment,0,simulated,0,0,0,0.0
treatment_3534,treatment,1,simulated,0,0,0,0.0
treatment_3535,treatment,0,simulated,0,0,0,0.0
treatment_3536,treatment,0,simulated,0,0,0,0.0
treatment_3537,treatment,0,simulated,0,0,0,0.0
treatment_3538,treatment,0,simulated,0,0,0,0.0
treatment_3539,treatment,0,simulated,0,0,0,0.0
treatment_3540,treatment,1,simulated,0,0,0,0.0
treatment_3541,treatment,0,simulated,0,0,0,0.0
treatment_3542,treatment,1,simulated,0,0,0,0.0
treatment_3543,treatment,0,simulated,0,0,0,0.0
treatment_3544,treatment,0,simulated,0,0,0,0.0
treatment_3545,treatment,0,simulated,0,0,0,0.0
treatment_3546,treatment,0,simulated,0,0,0,0.0
treatment_3547,treatment,0,simulated,0,0,0,0.0
treatment_3548,treatment,0,simulated,0,0,0,0.0
treatment_3549,treatment,0,simulated,0,0,0,0.0
treatment_3550,treatment,1,simulated,0,0,0,0.0
treatment_3551,treatment,0,simulated,0,0,0,0.0
treatment_3552,treatment,1,simulated,0,0,0,0.0
treatment_3553,treatment,1,simulated,0,0,0,0.0
treatment_3554,treatment,0,simulated,0,0,0,0.0
treatment_3555,treatment,1,simulated,0,0,0,0.0
treatment_3556,treatment,0,simulated,0,0,0,0.0
treatment_3557,treatment,0,simulated,0,0,0,0.0
treatment_3558,treatment,1,simulated,0,1,0,23.16
treatment_3559,treatment,0,simulated,0,0,0,0.0
treatment_3560,treatment,0,simulated,0,0,0,0.0
treatment_3561,treatment,0,simulated,0,0,0,0.0
treatment_3562,treatment,1,simulated,0,0,0,0.0
treatment_3563,treatment,0,simulated,0,0,0,0.0
treatment_3564,treatment,0,simulated,0,0,0,0.0
treatment_3565,treatment,1,simulated,0,0,1,0.0
treatment_3566,treatment,1,simulated,0,0,0,0.0
treatment_3567,treatment,0,simulated,0,0,0,0.0
treatment_3568,treatment,1,simulated,0,0,0,0.0
treatment_3569,treatment,1,simulated,0,0,0,0.0
treatment_3570,treatment,0,simulated,0,0,0,0.0
treatment_3571,treatment,0,simulated,0,0,0,0.0
treatment_3572,treatment,0,simulated,0,0,0,0.0
treatment_3573,treatment,0,simulated,0,0,0,0.0
treatment_3574,treatment,0,simulated,0,0,0,0.0
treatment_3575,treatment,0,simulated,0,0,0,0.0
treatment_3576,treatment,0,simulated,0,0,0,0.0
treatment_3577,treatment,0,simulated,0,0,0,0.0
treatment_3578,treatment,0,simulated,0,0,0,0.0
treatment_3579,treatment,0,simulated,0,0,0,0.0
treatment_3580,treatment,0,simulated,0,0,0,0.0
treatment_3581,treatment,0,simulated,0,0,0,0.0
treatment_3582,treatment,0,simulated,0,0,0,0.0
treatment_3583,treatment,0,simulated,0,0,0,0.0
treatment_3584,treatment,0,simulated,0,0,0,0.0
treatment_3585,treatment,0,simulated,0,0,0,0.0
treatment_3586,treatment,0,simulated,0,0,0,0.0
treatment_3587,treatment,1,simulated,0,0,0,0.0
treatment_3588,treatment,0,simulated,0,0,0,0.0
treatment_3589,treatment,0,simulated,0,0,0,0.0
treatment_3590,treatment,1,simulated,0,0,0,0.0
treatment_3591,treatment,1,simulated,0,0,0,0.0
treatment_3592,treatment,0,simulated,0,0,0,0.0
treatment_3593,treatment,1,simulated,0,0,0,0.0
treatment_3594,treatment,1,simulated,0,0,0,0.0
treatment_3595,treatment,0,simulated,0,0,0,0.0
treatment_3596,treatment,1,simulated,0,0,0,0.0
treatment_3597,treatment,1,simulated,0,0,0,0.0
treatment_3598,treatment,1,simulated,0,0,0,0.0
treatment_3599,treatment,0,simulated,0,0,0,0.0
treatment_3600,treatment,0,simulated,0,0,0,0.0
treatment_3601,treatment,0,simulated,0,0,0,0.0
treatment_3602,treatment,0,simulated,0,0,0,0.0
treatment_3603,treatment,0,simulated,0,0,0,0.0
treatment_3604,treatment,0,simulated,0,0,0,0.0
treatment_3605,treatment,1,simulated,0,0,0,0.0
treatment_3606,treatment,0,simulated,0,0,0,0.0
treatment_3607,treatment,0,simulated,0,0,0,0.0
treatment_3608,treatment,1,simulated,0,0,0,0.0
treatment_3609,treatment,0,simulated,0,0,0,0.0
treatment_3610,treatment,0,simulated,0,0,0,0.0
treatment_3611,treatment,0,simulated,0,0,0,0.0
treatment_3612,treatment,0,simulated,0,0,0,0.0
treatment_3613,treatment,0,simulated,0,0,0,0.0
treatment_3614,treatment,1,simulated,0,0,0,0.0
treatment_3615,treatment,0,simulated,0,0,0,0.0
treatment_3616,treatment,1,simulated,0,0,0,0.0
treatment_3617,treatment,0,simulated,0,0,0,0.0
treatment_3618,treatment,0,simulated,0,0,0,0.0
treatment_3619,treatment,0,simulated,0,0,0,0.0
treatment_3620,treatment,1,simulated,0,0,0,0.0
treatment_3621,treatment,0,simulated,0,0,0,0.0
treatment_3622,treatment,0,simulated,0,0,0,0.0
treatment_3623,treatment,0,simulated,0,0,0,0.0
treatment_3624,treatment,0,simulated,0,0,0,0.0
treatment_3625,treatment,1,simulated,0,0,0,0.0
treatment_3626,treatment,0,simulated,0,0,0,0.0
treatment_3627,treatment,1,simulated,0,0,0,0.0
treatment_3628,treatment,0,simulated,0,0,0,0.0
treatment_3629,treatment,0,simulated,0,0,0,0.0
treatment_3630,treatment,0,simulated,0,0,0,0.0
treatment_3631,treatment,0,simulated,0,0,0,0.0
treatment_3632,treatment,0,simulated,0,0,0,0.0
treatment_3633,treatment,1,simulated,0,0,0,0.0
treatment_3634,treatment,0,simulated,0,0,0,0.0
treatment_3635,treatment,0,simulated,0,0,0,0.0
treatment_3636,treatment,0,simulated,0,0,0,0.0
treatment_3637,treatment,1,simulated,0,0,0,0.0
treatment_3638,treatment,0,simulated,0,0,0,0.0
treatment_3639,treatment,0,simulated,0,0,0,0.0
treatment_3640,treatment,0,simulated,0,0,1,0.0
treatment_3641,treatment,0,simulated,0,0,0,0.0
treatment_3642,treatment,0,simulated,0,0,0,0.0
treatment_3643,treatment,0,simulated,0,0,0,0.0
treatment_3644,treatment,1,simulated,0,0,0,0.0
treatment_3645,treatment,0,simulated,0,0,0,0.0
treatment_3646,treatment,0,simulated,0,0,0,0.0
treatment_3647,treatment,0,simulated,0,0,0,0.0
treatment_3648,treatment,0,simulated,0,0,0,0.0
treatment_3649,treatment,1,simulated,0,0,0,0.0
treatment_3650,treatment,0,simulated,0,0,0,0.0
treatment_3651,treatment,0,simulated,0,0,0,0.0
treatment_3652,treatment,0,simulated,0,0,0,0.0
treatment_3653,treatment,0,simulated,0,0,0,0.0
treatment_3654,treatment,0,simulated,0,0,0,0.0
treatment_3655,treatment,0,simulated,0,0,0,0.0
treatment_3656,treatment,0,simulated,0,0,0,0.0
treatment_3657,treatment,0,simulated,0,0,0,0.0
treatment_3658,treatment,1,simulated,0,0,0,0.0
treatment_3659,treatment,1,simulated,1,0,0,0.0
treatment_3660,treatment,0,simulated,0,0,0,0.0
treatment_3661,treatment,0,simulated,0,0,0,0.0
treatment_3662,treatment,0,simulated,0,0,0,0.0
treatment_3663,treatment,0,simulated,0,0,0,0.0
treatment_3664,treatment,0,simulated,0,0,0,0.0
treatment_3665,treatment,0,simulated,0,0,0,0.0
treatment_3666,treatment,0,simulated,0,0,0,0.0
treatment_3667,treatment,0,simulated,0,0,0,0.0
treatment_3668,treatment,0,simulated,0,0,0,0.0
treatment_3669,treatment,0,simulated,0,0,0,0.0
treatment_3670,treatment,0,simulated,0,0,0,0.0
treatment_3671,treatment,0,simulated,0,0,0,0.0
treatment_3672,treatment,0,simulated,0,0,0,0.0
treatment_3673,treatment,1,simulated,0,0,0,0.0
treatment_3674,treatment,1,simulated,0,0,0,0.0
treatment_3675,treatment,0,simulated,0,0,0,0.0
treatment_3676,treatment,0,simulated,0,0,0,0.0
treatment_3677,treatment,0,simulated,0,0,0,0.0
treatment_3678,treatment,1,simulated,0,0,0,0.0
treatment_3679,treatment,0,simulated,0,0,0,0.0
treatment_3680,treatment,0,simulated,0,0,0,0.0
treatment_3681,treatment,1,simulated,0,0,0,0.0
treatment_3682,treatment,0,simulated,0,0,0,0.0
treatment_3683,treatment,1,simulated,0,0,0,0.0
treatment_3684,treatment,0,simulated,0,0,0,0.0
treatment_3685,treatment,0,simulated,0,0,0,0.0
treatment_3686,treatment,0,simulated,0,0,0,0.0
treatment_3687,treatment,0,simulated,0,0,0,0.0
treatment_3688,treatment,1,simulated,0,0,0,0.0
treatment_3689,treatment,0,simulated,0,0,0,0.0
treatment_3690,treatment,0,simulated,0,0,0,0.0
treatment_3691,treatment,0,simulated,0,0,0,0.0
treatment_3692,treatment,0,simulated,0,0,0,0.0
treatment_3693,treatment,0,simulated,0,0,0,0.0
treatment_3694,treatment,0,simulated,0,0,0,0.0
treatment_3695,treatment,1,simulated,1,0,0,0.0
treatment_3696,treatment,1,simulated,0,0,0,0.0
treatment_3697,treatment,1,simulated,0,0,0,0.0
treatment_3698,treatment,0,simulated,0,0,0,0.0
treatment_3699,treatment,0,simulated,0,0,0,0.0
treatment_3700,treatment,0,simulated,0,0,0,0.0
treatment_3701,treatment,0,simulated,0,0,0,0.0
treatment_3702,treatment,0,simulated,0,0,0,0.0
treatment_3703,treatment,0,simulated,0,0,0,0.0
treatment_3704,treatment,0,simulated,0,0,0,0.0
treatment_3705,treatment,0,simulated,0,0,0,0.0
treatment_3706,treatment,1,simulated,0,0,0,0.0
treatment_3707,treatment,0,simulated,0,0,0,0.0
treatment_3708,treatment,1,simulated,0,0,0,0.0
treatment_3709,treatment,0,simulated,0,0,0,0.0
treatment_3710,treatment,0,simulated,0,0,0,0.0
treatment_3711,treatment,0,simulated,0,0,0,0.0
treatment_3712,treatment,0,simulated,0,0,0,0.0
treatment_3713,treatment,0,simulated,0,0,0,0.0
treatment_3714,treatment,0,simulated,0,0,0,0.0
treatment_3715,treatment,1,simulated,0,0,0,0.0
treatment_3716,treatment,0,simulated,0,0,0,0.0
treatment_3717,treatment,0,simulated,0,0,0,0.0
treatment_3718,treatment,1,simulated,0,0,0,0.0
treatment_3719,treatment,1,simulated,1,0,0,0.0
treatment_3720,treatment,0,simulated,0,0,0,0.0
treatment_3721,treatment,0,simulated,0,0,0,0.0
treatment_3722,treatment,0,simulated,0,0,0,0.0
treatment_3723,treatment,1,simulated,0,0,0,0.0
treatment_3724,treatment,0,simulated,0,0,0,0.0
treatment_3725,treatment,1,simulated,0,0,0,0.0
treatment_3726,treatment,1,simulated,0,0,0,0.0
treatment_3727,treatment,0,simulated,0,0,0,0.0
treatment_3728,treatment,0,simulated,0,0,0,0.0
treatment_3729,treatment,1,simulated,0,0,0,0.0
treatment_3730,treatment,0,simulated,0,0,0,0.0
treatment_3731,treatment,0,simulated,0,0,0,0.0
treatment_3732,treatment,1,simulated,0,0,0,0.0
treatment_3733,treatment,0,simulated,0,0,0,0.0
treatment_3734,treatment,0,simulated,0,0,0,0.0
treatment_3735,treatment,0,simulated,0,0,1,0.0
treatment_3736,treatment,0,simulated,0,0,0,0.0
treatment_3737,treatment,0,simulated,0,0,0,0.0
treatment_3738,treatment,0,simulated,0,0,0,0.0
treatment_3739,treatment,0,simulated,0,0,0,0.0
treatment_3740,treatment,0,simulated,0,0,0,0.0
treatment_3741,treatment,0,simulated,0,0,0,0.0
treatment_3742,treatment,0,simulated,0,0,0,0.0
treatment_3743,treatment,0,simulated,0,0,0,0.0
treatment_3744,treatment,0,simulated,0,0,0,0.0
treatment_3745,treatment,0,simulated,0,0,0,0.0
treatment_3746,treatment,0,simulated,0,0,0,0.0
treatment_3747,treatment,1,simulated,0,0,0,0.0
treatment_3748,treatment,0,simulated,0,0,1,0.0
treatment_3749,treatment,1,simulated,0,0,0,0.0
treatment_3750,treatment,1,simulated,0,0,0,0.0
treatment_3751,treatment,0,simulated,0,0,0,0.0
treatment_3752,treatment,0,simulated,0,0,0,0.0
treatment_3753,treatment,0,simulated,0,0,0,0.0
treatment_3754,treatment,0,simulated,0,0,0,0.0
treatment_3755,treatment,0,simulated,0,0,0,0.0
treatment_3756,treatment,0,simulated,0,0,0,0.0
treatment_3757,treatment,1,simulated,0,0,0,0.0
treatment_3758,treatment,0,simulated,0,0,0,0.0
treatment_3759,treatment,0,simulated,0,0,0,0.0
treatment_3760,treatment,0,simulated,0,0,0,0.0
treatment_3761,treatment,0,simulated,0,0,0,0.0
treatment_3762,treatment,1,simulated,0,0,0,0.0
treatment_3763,treatment,0,simulated,0,0,0,0.0
treatment_3764,treatment,0,simulated,0,0,0,0.0
treatment_3765,treatment,0,simulated,0,0,0,0.0
treatment_3766,treatment,0,simulated,0,0,0,0.0
treatment_3767,treatment,0,simulated,0,0,0,0.0
treatment_3768,treatment,0,simulated,0,0,0,0.0
treatment_3769,treatment,1,simulated,0,0,0,0.0
treatment_3770,treatment,1,simulated,0,0,0,0.0
treatment_3771,treatment,1,simulated,0,0,0,0.0
treatment_3772,treatment,0,simulated,0,0,0,0.0
treatment_3773,treatment,0,simulated,0,0,0,0.0
treatment_3774,treatment,0,simulated,0,0,0,0.0
treatment_3775,treatment,0,simulated,0,0,0,0.0
treatment_3776,treatment,0,simulated,0,0,0,0.0
treatment_3777,treatment,0,simulated,0,0,0,0.0
treatment_3778,treatment,0,simulated,0,0,0,0.0
treatment_3779,treatment,1,simulated,0,1,0,23.93
treatment_3780,treatment,1,simulated,0,0,0,0.0
treatment_3781,treatment,1,simulated,0,0,0,0.0
treatment_3782,treatment,1,simulated,0,0,0,0.0
treatment_3783,treatment,1,simulated,0,0,0,0.0
treatment_3784,treatment,0,simulated,0,0,0,0.0
treatment_3785,treatment,0,simulated,0,0,0,0.0
treatment_3786,treatment,1,simulated,0,0,0,0.0
treatment_3787,treatment,1,simulated,0,0,0,0.0
treatment_3788,treatment,0,simulated,0,0,0,0.0
treatment_3789,treatment,1,simulated,1,0,0,0.0
treatment_3790,treatment,0,simulated,0,0,0,0.0
treatment_3791,treatment,0,simulated,0,0,0,0.0
treatment_3792,treatment,1,simulated,0,0,0,0.0
treatment_3793,treatment,1,simulated,0,0,0,0.0
treatment_3794,treatment,1,simulated,0,0,0,0.0
treatment_3795,treatment,0,simulated,0,0,0,0.0
treatment_3796,treatment,0,simulated,0,0,0,0.0
treatment_3797,treatment,0,simulated,0,0,0,0.0
treatment_3798,treatment,1,simulated,1,0,0,0.0
treatment_3799,treatment,0,simulated,0,0,0,0.0
treatment_3800,treatment,0,simulated,0,0,0,0.0
treatment_3801,treatment,0,simulated,0,0,0,0.0
treatment_3802,treatment,0,simulated,0,0,0,0.0
treatment_3803,treatment,0,simulated,0,0,0,0.0
treatment_3804,treatment,0,simulated,0,0,0,0.0
treatment_3805,treatment,1,simulated,0,0,0,0.0
treatment_3806,treatment,0,simulated,0,0,0,0.0
treatment_3807,treatment,0,simulated,0,0,0,0.0
treatment_3808,treatment,0,simulated,0,0,0,0.0
treatment_3809,treatment,0,simulated,0,0,0,0.0
treatment_3810,treatment,1,simulated,0,0,0,0.0
treatment_3811,treatment,0,simulated,0,0,0,0.0
treatment_3812,treatment,0,simulated,0,0,0,0.0
treatment_3813,treatment,0,simulated,0,0,0,0.0
treatment_3814,treatment,1,simulated,0,0,0,0.0
treatment_3815,treatment,0,simulated,0,0,0,0.0
treatment_3816,treatment,0,simulated,0,0,0,0.0
treatment_3817,treatment,1,simulated,0,0,0,0.0
treatment_3818,treatment,0,simulated,0,0,0,0.0
treatment_3819,treatment,0,simulated,0,0,0,0.0
treatment_3820,treatment,0,simulated,0,0,0,0.0
treatment_3821,treatment,1,simulated,0,0,0,0.0
treatment_3822,treatment,1,simulated,0,0,0,0.0
treatment_3823,treatment,0,simulated,0,0,0,0.0
treatment_3824,treatment,1,simulated,0,0,0,0.0
treatment_3825,treatment,1,simulated,0,0,0,0.0
treatment_3826,treatment,0,simulated,0,0,0,0.0
treatment_3827,treatment,1,simulated,0,0,0,0.0
treatment_3828,treatment,1,simulated,0,0,0,0.0
treatment_3829,treatment,0,simulated,0,0,0,0.0
treatment_3830,treatment,0,simulated,0,0,0,0.0
treatment_3831,treatment,0,simulated,0,0,0,0.0
treatment_3832,treatment,0,simulated,0,0,0,0.0
treatment_3833,treatment,0,simulated,0,0,0,0.0
treatment_3834,treatment,0,simulated,0,0,0,0.0
treatment_3835,treatment,0,simulated,0,0,0,0.0
treatment_3836,treatment,1,simulated,0,0,0,0.0
treatment_3837,treatment,0,simulated,0,0,0,0.0
treatment_3838,treatment,1,simulated,0,0,0,0.0
treatment_3839,treatment,0,simulated,0,0,0,0.0
treatment_3840,treatment,0,simulated,0,0,0,0.0
treatment_3841,treatment,0,simulated,0,0,0,0.0
treatment_3842,treatment,0,simulated,0,0,0,0.0
treatment_3843,treatment,0,simulated,0,0,0,0.0
treatment_3844,treatment,0,simulated,0,0,0,0.0
treatment_3845,treatment,0,simulated,0,0,0,0.0
treatment_3846,treatment,0,simulated,0,0,0,0.0
treatment_3847,treatment,0,simulated,0,0,0,0.0
treatment_3848,treatment,0,simulated,0,0,0,0.0
treatment_3849,treatment,0,simulated,0,0,0,0.0
treatment_3850,treatment,0,simulated,0,0,0,0.0
treatment_3851,treatment,0,simulated,0,0,0,0.0
treatment_3852,treatment,0,simulated,0,0,0,0.0
treatment_3853,treatment,1,simulated,0,0,0,0.0
treatment_3854,treatment,0,simulated,0,0,0,0.0
treatment_3855,treatment,0,simulated,0,0,0,0.0
treatment_3856,treatment,0,simulated,0,0,0,0.0
treatment_3857,treatment,1,simulated,0,0,0,0.0
treatment_3858,treatment,0,simulated,0,0,0,0.0
treatment_3859,treatment,0,simulated,0,0,0,0.0
treatment_3860,treatment,1,simulated,0,0,0,0.0
treatment_3861,treatment,0,simulated,0,0,0,0.0
treatment_3862,treatment,0,simulated,0,0,0,0.0
treatment_3863,treatment,0,simulated,0,0,0,0.0
treatment_3864,treatment,1,simulated,0,0,0,0.0
treatment_3865,treatment,0,simulated,0,0,0,0.0
treatment_3866,treatment,0,simulated,0,0,0,0.0
treatment_3867,treatment,0,simulated,0,0,0,0.0
treatment_3868,treatment,0,simulated,0,0,0,0.0
treatment_3869,treatment,0,simulated,0,0,0,0.0
treatment_3870,treatment,0,simulated,0,0,0,0.0
treatment_3871,treatment,0,simulated,0,0,0,0.0
treatment_3872,treatment,0,simulated,0,0,0,0.0
treatment_3873,treatment,0,simulated,0,0,0,0.0
treatment_3874,treatment,0,simulated,0,0,0,0.0
treatment_3875,treatment,0,simulated,0,0,0,0.0
treatment_3876,treatment,1,simulated,0,0,0,0.0
treatment_3877,treatment,0,simulated,0,0,0,0.0
treatment_3878,treatment,0,simulated,0,0,0,0.0
treatment_3879,treatment,0,simulated,0,0,0,0.0
treatment_3880,treatment,0,simulated,0,0,0,0.0
treatment_3881,treatment,0,simulated,0,0,0,0.0
treatment_3882,treatment,1,simulated,0,0,0,0.0
treatment_3883,treatment,0,simulated,0,0,0,0.0
treatment_3884,treatment,0,simulated,0,0,0,0.0
treatment_3885,treatment,0,simulated,0,0,0,0.0
treatment_3886,treatment,0,simulated,0,0,0,0.0
treatment_3887,treatment,0,simulated,0,0,0,0.0
treatment_3888,treatment,1,simulated,0,0,0,0.0
treatment_3889,treatment,0,simulated,0,0,0,0.0
treatment_3890,treatment,0,simulated,0,0,0,0.0
treatment_3891,treatment,1,simulated,0,0,0,0.0
treatment_3892,treatment,0,simulated,0,0,0,0.0
treatment_3893,treatment,0,simulated,0,0,0,0.0
treatment_3894,treatment,0,simulated,0,0,0,0.0
treatment_3895,treatment,0,simulated,0,0,0,0.0
treatment_3896,treatment,0,simulated,0,0,0,0.0
treatment_3897,treatment,1,simulated,0,0,0,0.0
treatment_3898,treatment,0,simulated,0,0,0,0.0
treatment_3899,treatment,0,simulated,0,0,0,0.0
treatment_3900,treatment,0,simulated,0,0,0,0.0
treatment_3901,treatment,0,simulated,0,0,0,0.0
treatment_3902,treatment,0,simulated,0,0,0,0.0
treatment_3903,treatment,0,simulated,0,0,0,0.0
treatment_3904,treatment,0,simulated,0,0,0,0.0
treatment_3905,treatment,0,simulated,0,0,0,0.0
treatment_3906,treatment,0,simulated,0,0,0,0.0
treatment_3907,treatment,0,simulated,0,0,0,0.0
treatment_3908,treatment,0,simulated,0,0,0,0.0
treatment_3909,treatment,1,simulated,1,0,0,0.0
treatment_3910,treatment,0,simulated,0,0,0,0.0
treatment_3911,treatment,1,simulated,0,0,0,0.0
treatment_3912,treatment,0,simulated,0,0,0,0.0
treatment_3913,treatment,0,simulated,0,0,0,0.0
treatment_3914,treatment,0,simulated,0,0,0,0.0
treatment_3915,treatment,0,simulated,0,0,0,0.0
treatment_3916,treatment,0,simulated,0,0,0,0.0
treatment_3917,treatment,1,simulated,0,0,0,0.0
treatment_3918,treatment,0,simulated,0,0,0,0.0
treatment_3919,treatment,0,simulated,0,0,0,0.0
treatment_3920,treatment,1,simulated,0,0,0,0.0
treatment_3921,treatment,0,simulated,0,0,0,0.0
treatment_3922,treatment,0,simulated,0,0,0,0.0
treatment_3923,treatment,1,simulated,0,0,0,0.0
treatment_3924,treatment,0,simulated,0,0,0,0.0
treatment_3925,treatment,0,simulated,0,0,0,0.0
treatment_3926,treatment,0,simulated,0,0,0,0.0
treatment_3927,treatment,0,simulated,0,0,0,0.0
treatment_3928,treatment,1,simulated,0,1,0,28.03
treatment_3929,treatment,0,simulated,0,0,0,0.0
treatment_3930,treatment,0,simulated,0,0,0,0.0
treatment_3931,treatment,1,simulated,0,0,0,0.0
treatment_3932,treatment,1,simulated,0,0,0,0.0
treatment_3933,treatment,0,simulated,0,0,0,0.0
treatment_3934,treatment,0,simulated,0,0,0,0.0
treatment_3935,treatment,0,simulated,0,0,0,0.0
treatment_3936,treatment,0,simulated,0,0,0,0.0
treatment_3937,treatment,0,simulated,0,0,0,0.0
treatment_3938,treatment,0,simulated,0,0,0,0.0
treatment_3939,treatment,0,simulated,0,0,0,0.0
treatment_3940,treatment,0,simulated,0,0,0,0.0
treatment_3941,treatment,0,simulated,0,0,0,0.0
treatment_3942,treatment,1,simulated,1,0,0,0.0
treatment_3943,treatment,1,simulated,0,0,0,0.0
treatment_3944,treatment,0,simulated,0,0,0,0.0
treatment_3945,treatment,0,simulated,0,0,0,0.0
treatment_3946,treatment,0,simulated,0,0,0,0.0
treatment_3947,treatment,0,simulated,0,0,0,0.0
treatment_3948,treatment,0,simulated,0,0,0,0.0
treatment_3949,treatment,0,simulated,0,0,0,0.0
treatment_3950,treatment,1,simulated,0,0,0,0.0
treatment_3951,treatment,0,simulated,0,0,0,0.0
treatment_3952,treatment,1,simulated,0,0,0,0.0
treatment_3953,treatment,0,simulated,0,0,0,0.0
treatment_3954,treatment,0,simulated,0,0,0,0.0
treatment_3955,treatment,0,simulated,0,0,0,0.0
treatment_3956,treatment,0,simulated,0,0,0,0.0
treatment_3957,treatment,1,simulated,0,0,0,0.0
treatment_3958,treatment,0,simulated,0,0,0,0.0
treatment_3959,treatment,1,simulated,0,0,0,0.0
treatment_3960,treatment,0,simulated,0,0,0,0.0
treatment_3961,treatment,0,simulated,0,0,0,0.0
treatment_3962,treatment,0,simulated,0,0,0,0.0
treatment_3963,treatment,0,simulated,0,0,0,0.0
treatment_3964,treatment,0,simulated,0,0,0,0.0
treatment_3965,treatment,0,simulated,0,0,0,0.0
treatment_3966,treatment,0,simulated,0,0,0,0.0
treatment_3967,treatment,1,simulated,0,0,0,0.0
treatment_3968,treatment,0,simulated,0,0,0,0.0
treatment_3969,treatment,1,simulated,0,0,0,0.0
treatment_3970,treatment,0,simulated,0,0,0,0.0
treatment_3971,treatment,0,simulated,0,0,0,0.0
treatment_3972,treatment,0,simulated,0,0,0,0.0
treatment_3973,treatment,0,simulated,0,0,0,0.0
treatment_3974,treatment,0,simulated,0,0,0,0.0
treatment_3975,treatment,0,simulated,0,0,0,0.0
treatment_3976,treatment,0,simulated,0,0,0,0.0
treatment_3977,treatment,0,simulated,0,0,0,0.0
treatment_3978,treatment,0,simulated,0,0,0,0.0
treatment_3979,treatment,0,simulated,0,0,1,0.0
treatment_3980,treatment,0,simulated,0,0,0,0.0
treatment_3981,treatment,1,simulated,0,0,0,0.0
treatment_3982,treatment,0,simulated,0,0,0,0.0
treatment_3983,treatment,0,simulated,0,0,0,0.0
treatment_3984,treatment,0,simulated,0,0,0,0.0
treatment_3985,treatment,1,simulated,0,0,0,0.0
treatment_3986,treatment,0,simulated,0,0,0,0.0
treatment_3987,treatment,0,simulated,0,0,0,0.0
treatment_3988,treatment,0,simulated,0,0,0,0.0
treatment_3989,treatment,0,simulated,0,0,0,0.0
treatment_3990,treatment,0,simulated,0,0,0,0.0
treatment_3991,treatment,0,simulated,0,0,0,0.0
treatment_3992,treatment,0,simulated,0,0,0,0.0
treatment_3993,treatment,0,simulated,0,0,0,0.0
treatment_3994,treatment,1,simulated,0,0,0,0.0
treatment_3995,treatment,0,simulated,0,0,0,0.0
treatment_3996,treatment,0,simulated,0,0,0,0.0
treatment_3997,treatment,1,simulated,0,0,0,0.0
treatment_3998,treatment,1,simulated,0,0,0,0.0
treatment_3999,treatment,1,simulated,0,0,0,0.0
treatment_4000,treatment,1,simulated,0,0,0,0.0
treatment_4001,treatment,0,simulated,0,0,0,0.0
treatment_4002,treatment,0,simulated,0,0,0,0.0
treatment_4003,treatment,0,simulated,0,0,0,0.0
treatment_4004,treatment,1,simulated,0,0,0,0.0
treatment_4005,treatment,0,simulated,0,0,0,0.0
treatment_4006,treatment,0,simulated,0,0,0,0.0
treatment_4007,treatment,1,simulated,0,0,0,0.0
treatment_4008,treatment,1,simulated,0,0,0,0.0
treatment_4009,treatment,0,simulated,0,0,0,0.0
treatment_4010,treatment,0,simulated,0,0,0,0.0
treatment_4011,treatment,1,simulated,0,0,0,0.0
treatment_4012,treatment,1,simulated,0,0,0,0.0
treatment_4013,treatment,0,simulated,0,0,0,0.0
treatment_4014,treatment,1,simulated,1,0,0,0.0
treatment_4015,treatment,0,simulated,0,0,0,0.0
treatment_4016,treatment,0,simulated,0,0,0,0.0
treatment_4017,treatment,1,simulated,0,0,0,0.0
treatment_4018,treatment,0,simulated,0,0,0,0.0
treatment_4019,treatment,0,simulated,0,0,0,0.0
treatment_4020,treatment,0,simulated,0,0,0,0.0
treatment_4021,treatment,1,simulated,0,0,0,0.0
treatment_4022,treatment,0,simulated,0,0,0,0.0
treatment_4023,treatment,1,simulated,0,0,0,0.0
treatment_4024,treatment,1,simulated,0,0,0,0.0
treatment_4025,treatment,0,simulated,0,0,0,0.0
treatment_4026,treatment,0,simulated,0,0,0,0.0
treatment_4027,treatment,0,simulated,0,0,0,0.0
treatment_4028,treatment,1,simulated,1,0,0,0.0
treatment_4029,treatment,0,simulated,0,0,0,0.0
treatment_4030,treatment,0,simulated,0,0,0,0.0
treatment_4031,treatment,0,simulated,0,0,0,0.0
treatment_4032,treatment,0,simulated,0,0,0,0.0
treatment_4033,treatment,0,simulated,0,0,0,0.0
treatment_4034,treatment,1,simulated,0,0,0,0.0
treatment_4035,treatment,0,simulated,0,0,0,0.0
treatment_4036,treatment,0,simulated,0,0,0,0.0
treatment_4037,treatment,0,simulated,0,0,0,0.0
treatment_4038,treatment,0,simulated,0,0,0,0.0
treatment_4039,treatment,1,simulated,0,1,0,25.71
treatment_4040,treatment,0,simulated,0,0,0,0.0
treatment_4041,treatment,0,simulated,0,0,0,0.0
treatment_4042,treatment,0,simulated,0,0,0,0.0
treatment_4043,treatment,0,simulated,0,0,0,0.0
treatment_4044,treatment,0,simulated,0,0,0,0.0
treatment_4045,treatment,0,simulated,0,0,0,0.0
treatment_4046,treatment,0,simulated,0,0,0,0.0
treatment_4047,treatment,0,simulated,0,0,0,0.0
treatment_4048,treatment,0,simulated,0,0,0,0.0
treatment_4049,treatment,0,simulated,0,0,0,0.0
treatment_4050,treatment,0,simulated,0,0,0,0.0
treatment_4051,treatment,0,simulated,0,0,0,0.0
treatment_4052,treatment,0,simulated,0,0,0,0.0
treatment_4053,treatment,0,simulated,0,0,0,0.0
treatment_4054,treatment,0,simulated,0,0,0,0.0
treatment_4055,treatment,1,simulated,0,0,0,0.0
treatment_4056,treatment,1,simulated,0,0,0,0.0
treatment_4057,treatment,0,simulated,0,0,0,0.0
treatment_4058,treatment,0,simulated,0,0,0,0.0
treatment_4059,treatment,0,simulated,0,0,0,0.0
treatment_4060,treatment,0,simulated,0,0,0,0.0
treatment_4061,treatment,0,simulated,0,0,0,0.0
treatment_4062,treatment,0,simulated,0,0,0,0.0
treatment_4063,treatment,0,simulated,0,0,0,0.0
treatment_4064,treatment,1,simulated,0,0,0,0.0
treatment_4065,treatment,0,simulated,0,0,0,0.0
treatment_4066,treatment,0,simulated,0,0,0,0.0
treatment_4067,treatment,0,simulated,0,0,0,0.0
treatment_4068,treatment,1,simulated,0,0,0,0.0
treatment_4069,treatment,1,simulated,0,0,1,0.0
treatment_4070,treatment,0,simulated,0,0,0,0.0
treatment_4071,treatment,0,simulated,0,0,0,0.0
treatment_4072,treatment,0,simulated,0,0,0,0.0
treatment_4073,treatment,0,simulated,0,0,0,0.0
treatment_4074,treatment,0,simulated,0,0,0,0.0
treatment_4075,treatment,0,simulated,0,0,0,0.0
treatment_4076,treatment,1,simulated,0,0,0,0.0
treatment_4077,treatment,0,simulated,0,0,0,0.0
treatment_4078,treatment,0,simulated,0,0,0,0.0
treatment_4079,treatment,0,simulated,0,0,0,0.0
treatment_4080,treatment,0,simulated,0,0,0,0.0
treatment_4081,treatment,1,simulated,0,0,0,0.0
treatment_4082,treatment,1,simulated,1,0,0,0.0
treatment_4083,treatment,0,simulated,0,0,0,0.0
treatment_4084,treatment,0,simulated,0,0,0,0.0
treatment_4085,treatment,0,simulated,0,0,0,0.0
treatment_4086,treatment,0,simulated,0,0,0,0.0
treatment_4087,treatment,1,simulated,0,0,0,0.0
treatment_4088,treatment,1,simulated,1,0,0,0.0
treatment_4089,treatment,0,simulated,0,0,0,0.0
treatment_4090,treatment,1,simulated,0,0,0,0.0
treatment_4091,treatment,0,simulated,0,0,0,0.0
treatment_4092,treatment,1,simulated,0,0,0,0.0
treatment_4093,treatment,1,simulated,0,0,0,0.0
treatment_4094,treatment,0,simulated,0,0,0,0.0
treatment_4095,treatment,1,simulated,0,0,0,0.0
treatment_4096,treatment,0,simulated,0,0,0,0.0
treatment_4097,treatment,1,simulated,0,0,0,0.0
treatment_4098,treatment,1,simulated,1,0,0,0.0
treatment_4099,treatment,1,simulated,1,0,0,0.0
treatment_4100,treatment,0,simulated,0,0,0,0.0
treatment_4101,treatment,0,simulated,0,0,0,0.0
treatment_4102,treatment,1,simulated,0,0,0,0.0
treatment_4103,treatment,0,simulated,0,0,0,0.0
treatment_4104,treatment,1,simulated,0,0,0,0.0
treatment_4105,treatment,0,simulated,0,0,0,0.0
treatment_4106,treatment,0,simulated,0,0,0,0.0
treatment_4107,treatment,1,simulated,0,0,0,0.0
treatment_4108,treatment,1,simulated,0,0,0,0.0
treatment_4109,treatment,0,simulated,0,0,0,0.0
treatment_4110,treatment,1,simulated,0,0,0,0.0
treatment_4111,treatment,0,simulated,0,0,0,0.0
treatment_4112,treatment,1,simulated,0,0,0,0.0
treatment_4113,treatment,0,simulated,0,0,0,0.0
treatment_4114,treatment,0,simulated,0,0,0,0.0
treatment_4115,treatment,0,simulated,0,0,0,0.0
treatment_4116,treatment,0,simulated,0,0,0,0.0
treatment_4117,treatment,0,simulated,0,0,0,0.0
treatment_4118,treatment,0,simulated,0,0,0,0.0
treatment_4119,treatment,1,simulated,0,0,0,0.0
treatment_4120,treatment,0,simulated,0,0,0,0.0
treatment_4121,treatment,0,simulated,0,0,0,0.0
treatment_4122,treatment,0,simulated,0,0,0,0.0
treatment_4123,treatment,0,simulated,0,0,0,0.0
treatment_4124,treatment,0,simulated,0,0,0,0.0
treatment_4125,treatment,1,simulated,0,0,0,0.0
treatment_4126,treatment,0,simulated,0,0,0,0.0
treatment_4127,treatment,0,simulated,0,0,0,0.0
treatment_4128,treatment,0,simulated,0,0,0,0.0
treatment_4129,treatment,0,simulated,0,0,0,0.0
treatment_4130,treatment,0,simulated,0,0,0,0.0
treatment_4131,treatment,0,simulated,0,0,0,0.0
treatment_4132,treatment,0,simulated,0,0,0,0.0
treatment_4133,treatment,0,simulated,0,0,0,0.0
treatment_4134,treatment,1,simulated,1,0,0,0.0
treatment_4135,treatment,0,simulated,0,0,0,0.0
treatment_4136,treatment,0,simulated,0,0,0,0.0
treatment_4137,treatment,0,simulated,0,0,0,0.0
treatment_4138,treatment,0,simulated,0,0,0,0.0
treatment_4139,treatment,1,simulated,1,0,0,0.0
treatment_4140,treatment,0,simulated,0,0,0,0.0
treatment_4141,treatment,1,simulated,0,0,0,0.0
treatment_4142,treatment,0,simulated,0,0,0,0.0
treatment_4143,treatment,0,simulated,0,0,0,0.0
treatment_4144,treatment,0,simulated,0,0,0,0.0
treatment_4145,treatment,0,simulated,0,0,0,0.0
treatment_4146,treatment,0,simulated,0,0,0,0.0
treatment_4147,treatment,0,simulated,0,0,0,0.0
treatment_4148,treatment,1,simulated,0,0,0,0.0
treatment_4149,treatment,1,simulated,0,0,0,0.0
treatment_4150,treatment,1,simulated,0,0,0,0.0
treatment_4151,treatment,0,simulated,0,0,0,0.0
treatment_4152,treatment,1,simulated,0,0,0,0.0
treatment_4153,treatment,0,simulated,0,0,0,0.0
treatment_4154,treatment,0,simulated,0,0,0,0.0
treatment_4155,treatment,0,simulated,0,0,0,0.0
treatment_4156,treatment,0,simulated,0,0,0,0.0
treatment_4157,treatment,0,simulated,0,0,0,0.0
treatment_4158,treatment,0,simulated,0,0,0,0.0
treatment_4159,treatment,0,simulated,0,0,0,0.0
treatment_4160,treatment,0,simulated,0,0,0,0.0
treatment_4161,treatment,0,simulated,0,0,0,0.0
treatment_4162,treatment,0,simulated,0,0,0,0.0
treatment_4163,treatment,0,simulated,0,0,0,0.0
treatment_4164,treatment,0,simulated,0,0,0,0.0
treatment_4165,treatment,0,simulated,0,0,0,0.0
treatment_4166,treatment,0,simulated,0,0,0,0.0
treatment_4167,treatment,1,simulated,0,0,0,0.0
treatment_4168,treatment,0,simulated,0,0,0,0.0
treatment_4169,treatment,0,simulated,0,0,0,0.0
treatment_4170,treatment,0,simulated,0,0,0,0.0
treatment_4171,treatment,0,simulated,0,0,0,0.0
treatment_4172,treatment,0,simulated,0,0,0,0.0
treatment_4173,treatment,1,simulated,0,0,0,0.0
treatment_4174,treatment,0,simulated,0,0,0,0.0
treatment_4175,treatment,0,simulated,0,0,0,0.0
treatment_4176,treatment,1,simulated,0,0,0,0.0
treatment_4177,treatment,0,simulated,0,0,0,0.0
treatment_4178,treatment,0,simulated,0,0,0,0.0
treatment_4179,treatment,0,simulated,0,0,0,0.0
treatment_4180,treatment,0,simulated,0,0,0,0.0
treatment_4181,treatment,0,simulated,0,0,0,0.0
treatment_4182,treatment,0,simulated,0,0,0,0.0
treatment_4183,treatment,0,simulated,0,0,0,0.0
treatment_4184,treatment,1,simulated,0,0,0,0.0
treatment_4185,treatment,1,simulated,0,0,0,0.0
treatment_4186,treatment,0,simulated,0,0,0,0.0
treatment_4187,treatment,0,simulated,0,0,1,0.0
treatment_4188,treatment,1,simulated,0,0,0,0.0
treatment_4189,treatment,0,simulated,0,0,0,0.0
treatment_4190,treatment,0,simulated,0,0,0,0.0
treatment_4191,treatment,1,simulated,0,0,0,0.0
treatment_4192,treatment,0,simulated,0,0,0,0.0
treatment_4193,treatment,0,simulated,0,0,0,0.0
treatment_4194,treatment,1,simulated,0,0,0,0.0
treatment_4195,treatment,0,simulated,0,0,0,0.0
treatment_4196,treatment,0,simulated,0,0,0,0.0
treatment_4197,treatment,1,simulated,0,0,0,0.0
treatment_4198,treatment,0,simulated,0,0,0,0.0
treatment_4199,treatment,0,simulated,0,0,0,0.0
treatment_4200,treatment,0,simulated,0,0,0,0.0
treatment_4201,treatment,0,simulated,0,0,0,0.0
treatment_4202,treatment,0,simulated,0,0,0,0.0
treatment_4203,treatment,1,simulated,0,0,0,0.0
treatment_4204,treatment,0,simulated,0,0,0,0.0
treatment_4205,treatment,0,simulated,0,0,0,0.0
treatment_4206,treatment,1,simulated,0,0,0,0.0
treatment_4207,treatment,1,simulated,0,0,0,0.0
treatment_4208,treatment,0,simulated,0,0,0,0.0
treatment_4209,treatment,0,simulated,0,0,0,0.0
treatment_4210,treatment,1,simulated,1,0,0,0.0
treatment_4211,treatment,0,simulated,0,0,0,0.0
treatment_4212,treatment,1,simulated,0,0,0,0.0
treatment_4213,treatment,1,simulated,0,0,0,0.0
treatment_4214,treatment,1,simulated,0,0,0,0.0
treatment_4215,treatment,1,simulated,0,0,0,0.0
treatment_4216,treatment,0,simulated,0,0,0,0.0
treatment_4217,treatment,0,simulated,0,0,0,0.0
treatment_4218,treatment,0,simulated,0,0,0,0.0
treatment_4219,treatment,0,simulated,0,0,0,0.0
treatment_4220,treatment,0,simulated,0,0,0,0.0
treatment_4221,treatment,0,simulated,0,0,1,0.0
treatment_4222,treatment,0,simulated,0,0,0,0.0
treatment_4223,treatment,1,simulated,0,0,0,0.0
treatment_4224,treatment,0,simulated,0,0,0,0.0
treatment_4225,treatment,1,simulated,0,0,0,0.0
treatment_4226,treatment,0,simulated,0,0,0,0.0
treatment_4227,treatment,1,simulated,0,0,0,0.0
treatment_4228,treatment,0,simulated,0,0,0,0.0
treatment_4229,treatment,1,simulated,0,0,0,0.0
treatment_4230,treatment,0,simulated,0,0,0,0.0
treatment_4231,treatment,0,simulated,0,0,0,0.0
treatment_4232,treatment,0,simulated,0,0,0,0.0
treatment_4233,treatment,0,simulated,0,0,0,0.0
treatment_4234,treatment,0,simulated,0,0,0,0.0
treatment_4235,treatment,0,simulated,0,0,0,0.0
treatment_4236,treatment,0,simulated,0,0,0,0.0
treatment_4237,treatment,1,simulated,0,0,0,0.0
treatment_4238,treatment,0,simulated,0,0,0,0.0
treatment_4239,treatment,0,simulated,0,0,0,0.0
treatment_4240,treatment,0,simulated,0,0,0,0.0
treatment_4241,treatment,0,simulated,0,0,0,0.0
treatment_4242,treatment,0,simulated,0,0,0,0.0
treatment_4243,treatment,1,simulated,0,0,0,0.0
treatment_4244,treatment,0,simulated,0,0,0,0.0
treatment_4245,treatment,0,simulated,0,0,0,0.0
treatment_4246,treatment,0,simulated,0,0,0,0.0
treatment_4247,treatment,0,simulated,0,0,0,0.0
treatment_4248,treatment,0,simulated,0,0,0,0.0
treatment_4249,treatment,0,simulated,0,0,0,0.0
treatment_4250,treatment,0,simulated,0,0,0,0.0
treatment_4251,treatment,0,simulated,0,0,0,0.0
treatment_4252,treatment,0,simulated,0,0,0,0.0
treatment_4253,treatment,0,simulated,0,0,0,0.0
treatment_4254,treatment,0,simulated,0,0,0,0.0
treatment_4255,treatment,0,simulated,0,0,0,0.0
treatment_4256,treatment,0,simulated,0,0,0,0.0
treatment_4257,treatment,0,simulated,0,0,0,0.0
treatment_4258,treatment,0,simulated,0,0,0,0.0
treatment_4259,treatment,0,simulated,0,0,0,0.0
treatment_4260,treatment,0,simulated,0,0,0,0.0
treatment_4261,treatment,0,simulated,0,0,0,0.0
treatment_4262,treatment,0,simulated,0,0,0,0.0
treatment_4263,treatment,0,simulated,0,0,0,0.0
treatment_4264,treatment,1,simulated,0,0,0,0.0
treatment_4265,treatment,0,simulated,0,0,0,0.0
treatment_4266,treatment,0,simulated,0,0,0,0.0
treatment_4267,treatment,0,simulated,0,0,0,0.0
treatment_4268,treatment,0,simulated,0,0,0,0.0
treatment_4269,treatment,0,simulated,0,0,0,0.0
treatment_4270,treatment,0,simulated,0,0,0,0.0
treatment_4271,treatment,0,simulated,0,0,0,0.0
treatment_4272,treatment,0,simulated,0,0,0,0.0
treatment_4273,treatment,0,simulated,0,0,0,0.0
treatment_4274,treatment,0,simulated,0,0,0,0.0
treatment_4275,treatment,1,simulated,0,1,0,32.35
treatment_4276,treatment,0,simulated,0,0,0,0.0
treatment_4277,treatment,0,simulated,0,0,0,0.0
treatment_4278,treatment,0,simulated,0,0,0,0.0
treatment_4279,treatment,0,simulated,0,0,0,0.0
treatment_4280,treatment,1,simulated,0,0,0,0.0
treatment_4281,treatment,0,simulated,0,0,0,0.0
treatment_4282,treatment,1,simulated,0,0,0,0.0
treatment_4283,treatment,0,simulated,0,0,0,0.0
treatment_4284,treatment,0,simulated,0,0,0,0.0
treatment_4285,treatment,0,simulated,0,0,0,0.0
treatment_4286,treatment,0,simulated,0,0,0,0.0
treatment_4287,treatment,0,simulated,0,0,0,0.0
treatment_4288,treatment,0,simulated,0,0,0,0.0
treatment_4289,treatment,1,simulated,0,0,0,0.0
treatment_4290,treatment,0,simulated,0,0,0,0.0
treatment_4291,treatment,0,simulated,0,0,0,0.0
treatment_4292,treatment,0,simulated,0,0,0,0.0
treatment_4293,treatment,0,simulated,0,0,0,0.0
treatment_4294,treatment,0,simulated,0,0,0,0.0
treatment_4295,treatment,0,simulated,0,0,0,0.0
treatment_4296,treatment,1,simulated,0,0,0,0.0
treatment_4297,treatment,1,simulated,0,0,0,0.0
treatment_4298,treatment,0,simulated,0,0,0,0.0
treatment_4299,treatment,1,simulated,0,0,0,0.0
treatment_4300,treatment,0,simulated,0,0,0,0.0
treatment_4301,treatment,0,simulated,0,0,0,0.0
treatment_4302,treatment,0,simulated,0,0,0,0.0
treatment_4303,treatment,0,simulated,0,0,0,0.0
treatment_4304,treatment,1,simulated,0,0,0,0.0
treatment_4305,treatment,1,simulated,0,0,0,0.0
treatment_4306,treatment,1,simulated,0,0,0,0.0
treatment_4307,treatment,0,simulated,0,0,0,0.0
treatment_4308,treatment,0,simulated,0,0,0,0.0
treatment_4309,treatment,1,simulated,1,0,0,0.0
treatment_4310,treatment,0,simulated,0,0,0,0.0
treatment_4311,treatment,0,simulated,0,0,0,0.0
treatment_4312,treatment,0,simulated,0,0,0,0.0
treatment_4313,treatment,0,simulated,0,0,0,0.0
treatment_4314,treatment,0,simulated,0,0,0,0.0
treatment_4315,treatment,1,simulated,1,0,0,0.0
treatment_4316,treatment,0,simulated,0,0,0,0.0
treatment_4317,treatment,0,simulated,0,0,0,0.0
treatment_4318,treatment,0,simulated,0,0,0,0.0
treatment_4319,treatment,0,simulated,0,0,0,0.0
treatment_4320,treatment,1,simulated,0,0,0,0.0
treatment_4321,treatment,1,simulated,0,0,0,0.0
treatment_4322,treatment,0,simulated,0,0,0,0.0
treatment_4323,treatment,0,simulated,0,0,0,0.0
treatment_4324,treatment,0,simulated,0,0,0,0.0
treatment_4325,treatment,0,simulated,0,0,0,0.0
treatment_4326,treatment,0,simulated,0,0,0,0.0
treatment_4327,treatment,0,simulated,0,0,0,0.0
treatment_4328,treatment,1,simulated,0,0,0,0.0
treatment_4329,treatment,0,simulated,0,0,0,0.0
treatment_4330,treatment,0,simulated,0,0,0,0.0
treatment_4331,treatment,0,simulated,0,0,0,0.0
treatment_4332,treatment,0,simulated,0,0,0,0.0
treatment_4333,treatment,0,simulated,0,0,0,0.0
treatment_4334,treatment,0,simulated,0,0,0,0.0
treatment_4335,treatment,1,simulated,0,0,0,0.0
treatment_4336,treatment,0,simulated,0,0,0,0.0
treatment_4337,treatment,0,simulated,0,0,0,0.0
treatment_4338,treatment,1,simulated,0,0,0,0.0
treatment_4339,treatment,1,simulated,0,0,0,0.0
treatment_4340,treatment,0,simulated,0,0,0,0.0
treatment_4341,treatment,0,simulated,0,0,0,0.0
treatment_4342,treatment,0,simulated,0,0,0,0.0
treatment_4343,treatment,0,simulated,0,0,0,0.0
treatment_4344,treatment,0,simulated,0,0,0,0.0
treatment_4345,treatment,1,simulated,0,0,0,0.0
treatment_4346,treatment,0,simulated,0,0,0,0.0
treatment_4347,treatment,0,simulated,0,0,0,0.0
treatment_4348,treatment,0,simulated,0,0,0,0.0
treatment_4349,treatment,0,simulated,0,0,0,0.0
treatment_4350,treatment,0,simulated,0,0,0,0.0
treatment_4351,treatment,0,simulated,0,0,0,0.0
treatment_4352,treatment,1,simulated,0,0,0,0.0
treatment_4353,treatment,0,simulated,0,0,0,0.0
treatment_4354,treatment,0,simulated,0,0,0,0.0
treatment_4355,treatment,0,simulated,0,0,0,0.0
treatment_4356,treatment,0,simulated,0,0,0,0.0
treatment_4357,treatment,0,simulated,0,0,0,0.0
treatment_4358,treatment,0,simulated,0,0,0,0.0
treatment_4359,treatment,1,simulated,0,0,0,0.0
treatment_4360,treatment,0,simulated,0,0,0,0.0
treatment_4361,treatment,0,simulated,0,0,0,0.0
treatment_4362,treatment,0,simulated,0,0,0,0.0
treatment_4363,treatment,1,simulated,0,0,0,0.0
treatment_4364,treatment,1,simulated,1,0,0,0.0
treatment_4365,treatment,0,simulated,0,0,0,0.0
treatment_4366,treatment,1,simulated,0,0,0,0.0
treatment_4367,treatment,0,simulated,0,0,0,0.0
treatment_4368,treatment,0,simulated,0,0,0,0.0
treatment_4369,treatment,0,simulated,0,0,0,0.0
treatment_4370,treatment,1,simulated,0,0,0,0.0
treatment_4371,treatment,1,simulated,1,0,0,0.0
treatment_4372,treatment,0,simulated,0,0,0,0.0
treatment_4373,treatment,1,simulated,0,0,0,0.0
treatment_4374,treatment,0,simulated,0,0,0,0.0
treatment_4375,treatment,1,simulated,0,0,0,0.0
treatment_4376,treatment,0,simulated,0,0,0,0.0
treatment_4377,treatment,0,simulated,0,0,0,0.0
treatment_4378,treatment,0,simulated,0,0,0,0.0
treatment_4379,treatment,0,simulated,0,0,0,0.0
treatment_4380,treatment,0,simulated,0,0,0,0.0
treatment_4381,treatment,1,simulated,0,0,0,0.0
treatment_4382,treatment,0,simulated,0,0,0,0.0
treatment_4383,treatment,0,simulated,0,0,0,0.0
treatment_4384,treatment,0,simulated,0,0,0,0.0
treatment_4385,treatment,0,simulated,0,0,0,0.0
treatment_4386,treatment,1,simulated,0,0,0,0.0
treatment_4387,treatment,0,simulated,0,0,0,0.0
treatment_4388,treatment,0,simulated,0,0,0,0.0
treatment_4389,treatment,0,simulated,0,0,0,0.0
treatment_4390,treatment,1,simulated,0,0,0,0.0
treatment_4391,treatment,1,simulated,0,0,0,0.0
treatment_4392,treatment,0,simulated,0,0,0,0.0
treatment_4393,treatment,0,simulated,0,0,0,0.0
treatment_4394,treatment,1,simulated,0,1,0,13.39
treatment_4395,treatment,0,simulated,0,0,0,0.0
treatment_4396,treatment,0,simulated,0,0,0,0.0
treatment_4397,treatment,0,simulated,0,0,0,0.0
treatment_4398,treatment,0,simulated,0,0,0,0.0
treatment_4399,treatment,0,simulated,0,0,0,0.0
treatment_4400,treatment,0,simulated,0,0,0,0.0
treatment_4401,treatment,0,simulated,0,0,0,0.0
treatment_4402,treatment,1,simulated,0,0,0,0.0
treatment_4403,treatment,0,simulated,0,0,0,0.0
treatment_4404,treatment,0,simulated,0,0,0,0.0
treatment_4405,treatment,0,simulated,0,0,0,0.0
treatment_4406,treatment,1,simulated,0,0,0,0.0
treatment_4407,treatment,1,simulated,0,0,0,0.0
treatment_4408,treatment,0,simulated,0,0,0,0.0
treatment_4409,treatment,1,simulated,0,0,0,0.0
treatment_4410,treatment,0,simulated,0,0,0,0.0
treatment_4411,treatment,0,simulated,0,0,0,0.0
treatment_4412,treatment,1,simulated,0,0,0,0.0
treatment_4413,treatment,0,simulated,0,0,0,0.0
treatment_4414,treatment,0,simulated,0,0,0,0.0
treatment_4415,treatment,0,simulated,0,0,0,0.0
treatment_4416,treatment,0,simulated,0,0,0,0.0
treatment_4417,treatment,1,simulated,0,0,0,0.0
treatment_4418,treatment,1,simulated,0,0,0,0.0
treatment_4419,treatment,0,simulated,0,0,0,0.0
treatment_4420,treatment,1,simulated,0,0,0,0.0
treatment_4421,treatment,0,simulated,0,0,0,0.0
treatment_4422,treatment,0,simulated,0,0,0,0.0
treatment_4423,treatment,1,simulated,0,0,0,0.0
treatment_4424,treatment,1,simulated,0,0,0,0.0
treatment_4425,treatment,1,simulated,0,0,0,0.0
treatment_4426,treatment,0,simulated,0,0,0,0.0
treatment_4427,treatment,1,simulated,1,0,0,0.0
treatment_4428,treatment,1,simulated,0,0,0,0.0
treatment_4429,treatment,0,simulated,0,0,0,0.0
treatment_4430,treatment,0,simulated,0,0,0,0.0
treatment_4431,treatment,0,simulated,0,0,0,0.0
treatment_4432,treatment,0,simulated,0,0,0,0.0
treatment_4433,treatment,0,simulated,0,0,0,0.0
treatment_4434,treatment,0,simulated,0,0,0,0.0
treatment_4435,treatment,0,simulated,0,0,0,0.0
treatment_4436,treatment,1,simulated,0,0,0,0.0
treatment_4437,treatment,1,simulated,0,0,0,0.0
treatment_4438,treatment,0,simulated,0,0,0,0.0
treatment_4439,treatment,0,simulated,0,0,0,0.0
treatment_4440,treatment,0,simulated,0,0,0,0.0
treatment_4441,treatment,0,simulated,0,0,0,0.0
treatment_4442,treatment,0,simulated,0,0,0,0.0
treatment_4443,treatment,1,simulated,0,0,0,0.0
treatment_4444,treatment,0,simulated,0,0,0,0.0
treatment_4445,treatment,0,simulated,0,0,0,0.0
treatment_4446,treatment,0,simulated,0,0,0,0.0
treatment_4447,treatment,0,simulated,0,0,0,0.0
treatment_4448,treatment,0,simulated,0,0,0,0.0
treatment_4449,treatment,1,simulated,0,0,0,0.0
treatment_4450,treatment,0,simulated,0,0,0,0.0
treatment_4451,treatment,0,simulated,0,0,0,0.0
treatment_4452,treatment,0,simulated,0,0,0,0.0
treatment_4453,treatment,0,simulated,0,0,0,0.0
treatment_4454,treatment,1,simulated,0,0,0,0.0
treatment_4455,treatment,0,simulated,0,0,0,0.0
treatment_4456,treatment,1,simulated,0,0,0,0.0
treatment_4457,treatment,0,simulated,0,0,0,0.0
treatment_4458,treatment,0,simulated,0,0,0,0.0
treatment_4459,treatment,0,simulated,0,0,0,0.0
treatment_4460,treatment,0,simulated,0,0,0,0.0
treatment_4461,treatment,0,simulated,0,0,0,0.0
treatment_4462,treatment,1,simulated,0,0,0,0.0
treatment_4463,treatment,0,simulated,0,0,0,0.0
treatment_4464,treatment,1,simulated,0,0,0,0.0
treatment_4465,treatment,0,simulated,0,0,0,0.0
treatment_4466,treatment,0,simulated,0,0,0,0.0
treatment_4467,treatment,0,simulated,0,0,0,0.0
treatment_4468,treatment,0,simulated,0,0,0,0.0
treatment_4469,treatment,0,simulated,0,0,0,0.0
treatment_4470,treatment,1,simulated,0,1,0,17.81
treatment_4471,treatment,1,simulated,0,0,0,0.0
treatment_4472,treatment,0,simulated,0,0,0,0.0
treatment_4473,treatment,0,simulated,0,0,0,0.0
treatment_4474,treatment,0,simulated,0,0,0,0.0
treatment_4475,treatment,0,simulated,0,0,0,0.0
treatment_4476,treatment,1,simulated,0,0,0,0.0
treatment_4477,treatment,0,simulated,0,0,0,0.0
treatment_4478,treatment,0,simulated,0,0,0,0.0
treatment_4479,treatment,0,simulated,0,0,0,0.0
treatment_4480,treatment,0,simulated,0,0,0,0.0
treatment_4481,treatment,0,simulated,0,0,0,0.0
treatment_4482,treatment,0,simulated,0,0,0,0.0
treatment_4483,treatment,0,simulated,0,0,0,0.0
treatment_4484,treatment,0,simulated,0,0,0,0.0
treatment_4485,treatment,0,simulated,0,0,0,0.0
treatment_4486,treatment,1,simulated,0,0,0,0.0
treatment_4487,treatment,1,simulated,0,0,0,0.0
treatment_4488,treatment,0,simulated,0,0,0,0.0
treatment_4489,treatment,0,simulated,0,0,0,0.0
treatment_4490,treatment,0,simulated,0,0,0,0.0
treatment_4491,treatment,0,simulated,0,0,0,0.0
treatment_4492,treatment,0,simulated,0,0,0,0.0
treatment_4493,treatment,0,simulated,0,0,0,0.0
treatment_4494,treatment,0,simulated,0,0,0,0.0
treatment_4495,treatment,0,simulated,0,0,0,0.0
treatment_4496,treatment,0,simulated,0,0,0,0.0
treatment_4497,treatment,0,simulated,0,0,0,0.0
treatment_4498,treatment,0,simulated,0,0,0,0.0
treatment_4499,treatment,0,simulated,0,0,0,0.0
treatment_4500,treatment,1,simulated,0,0,0,0.0
treatment_4501,treatment,1,simulated,0,0,0,0.0
treatment_4502,treatment,1,simulated,0,0,0,0.0
treatment_4503,treatment,1,simulated,0,0,0,0.0
treatment_4504,treatment,0,simulated,0,0,0,0.0
treatment_4505,treatment,1,simulated,0,0,0,0.0
treatment_4506,treatment,0,simulated,0,0,0,0.0
treatment_4507,treatment,1,simulated,0,0,0,0.0
treatment_4508,treatment,1,simulated,1,0,0,0.0
treatment_4509,treatment,0,simulated,0,0,0,0.0
treatment_4510,treatment,0,simulated,0,0,1,0.0
treatment_4511,treatment,1,simulated,0,0,0,0.0
treatment_4512,treatment,0,simulated,0,0,0,0.0
treatment_4513,treatment,0,simulated,0,0,0,0.0
treatment_4514,treatment,0,simulated,0,0,0,0.0
treatment_4515,treatment,0,simulated,0,0,0,0.0
treatment_4516,treatment,0,simulated,0,0,0,0.0
treatment_4517,treatment,1,simulated,0,0,0,0.0
treatment_4518,treatment,0,simulated,0,0,0,0.0
treatment_4519,treatment,0,simulated,0,0,0,0.0
treatment_4520,treatment,1,simulated,0,0,0,0.0
treatment_4521,treatment,0,simulated,0,0,0,0.0
treatment_4522,treatment,0,simulated,0,0,0,0.0
treatment_4523,treatment,0,simulated,0,0,0,0.0
treatment_4524,treatment,0,simulated,0,0,0,0.0
treatment_4525,treatment,0,simulated,0,0,0,0.0
treatment_4526,treatment,0,simulated,0,0,0,0.0
treatment_4527,treatment,0,simulated,0,0,0,0.0
treatment_4528,treatment,1,simulated,0,0,0,0.0
treatment_4529,treatment,0,simulated,0,0,0,0.0
treatment_4530,treatment,1,simulated,0,0,0,0.0
treatment_4531,treatment,0,simulated,0,0,0,0.0
treatment_4532,treatment,0,simulated,0,0,0,0.0
treatment_4533,treatment,1,simulated,0,0,0,0.0
treatment_4534,treatment,1,simulated,0,0,0,0.0
treatment_4535,treatment,0,simulated,0,0,0,0.0
treatment_4536,treatment,0,simulated,0,0,0,0.0
treatment_4537,treatment,1,simulated,0,0,0,0.0
treatment_4538,treatment,0,simulated,0,0,0,0.0
treatment_4539,treatment,0,simulated,0,0,0,0.0
treatment_4540,treatment,0,simulated,0,0,0,0.0
treatment_4541,treatment,1,simulated,0,0,0,0.0
treatment_4542,treatment,0,simulated,0,0,0,0.0
treatment_4543,treatment,1,simulated,1,0,0,0.0
treatment_4544,treatment,0,simulated,0,0,0,0.0
treatment_4545,treatment,0,simulated,0,0,0,0.0
treatment_4546,treatment,0,simulated,0,0,0,0.0
treatment_4547,treatment,1,simulated,0,0,0,0.0
treatment_4548,treatment,0,simulated,0,0,0,0.0
treatment_4549,treatment,0,simulated,0,0,0,0.0
treatment_4550,treatment,0,simulated,0,0,0,0.0
treatment_4551,treatment,1,simulated,0,0,0,0.0
treatment_4552,treatment,1,simulated,0,0,0,0.0
treatment_4553,treatment,0,simulated,0,0,0,0.0
treatment_4554,treatment,0,simulated,0,0,0,0.0
treatment_4555,treatment,0,simulated,0,0,0,0.0
treatment_4556,treatment,1,simulated,0,0,0,0.0
treatment_4557,treatment,0,simulated,0,0,0,0.0
treatment_4558,treatment,0,simulated,0,0,0,0.0
treatment_4559,treatment,0,simulated,0,0,0,0.0
treatment_4560,treatment,1,simulated,0,0,0,0.0
treatment_4561,treatment,0,simulated,0,0,0,0.0
treatment_4562,treatment,1,simulated,0,0,0,0.0
treatment_4563,treatment,0,simulated,0,0,0,0.0
treatment_4564,treatment,1,simulated,0,0,0,0.0
treatment_4565,treatment,1,simulated,1,0,0,0.0
treatment_4566,treatment,1,simulated,0,0,0,0.0
treatment_4567,treatment,1,simulated,1,0,0,0.0
treatment_4568,treatment,0,simulated,0,0,0,0.0
treatment_4569,treatment,1,simulated,0,0,0,0.0
treatment_4570,treatment,0,simulated,0,0,0,0.0
treatment_4571,treatment,0,simulated,0,0,0,0.0
treatment_4572,treatment,0,simulated,0,0,0,0.0
treatment_4573,treatment,1,simulated,1,0,0,0.0
treatment_4574,treatment,0,simulated,0,0,0,0.0
treatment_4575,treatment,1,simulated,0,0,0,0.0
treatment_4576,treatment,0,simulated,0,0,0,0.0
treatment_4577,treatment,0,simulated,0,0,0,0.0
treatment_4578,treatment,0,simulated,0,0,0,0.0
treatment_4579,treatment,0,simulated,0,0,0,0.0
treatment_4580,treatment,0,simulated,0,0,0,0.0
treatment_4581,treatment,0,simulated,0,0,0,0.0
treatment_4582,treatment,0,simulated,0,0,0,0.0
treatment_4583,treatment,1,simulated,0,0,0,0.0
treatment_4584,treatment,0,simulated,0,0,0,0.0
treatment_4585,treatment,0,simulated,0,0,0,0.0
treatment_4586,treatment,0,simulated,0,0,0,0.0
treatment_4587,treatment,0,simulated,0,0,0,0.0
treatment_4588,treatment,0,simulated,0,0,0,0.0
treatment_4589,treatment,1,simulated,0,0,0,0.0
treatment_4590,treatment,0,simulated,0,0,0,0.0
treatment_4591,treatment,0,simulated,0,0,0,0.0
treatment_4592,treatment,0,simulated,0,0,0,0.0
treatment_4593,treatment,0,simulated,0,0,0,0.0
treatment_4594,treatment,0,simulated,0,0,0,0.0
treatment_4595,treatment,0,simulated,0,0,0,0.0
treatment_4596,treatment,0,simulated,0,0,0,0.0
treatment_4597,treatment,1,simulated,0,0,0,0.0
treatment_4598,treatment,1,simulated,0,0,0,0.0
treatment_4599,treatment,0,simulated,0,0,0,0.0
treatment_4600,treatment,0,simulated,0,0,0,0.0
treatment_4601,treatment,1,simulated,1,0,0,0.0
treatment_4602,treatment,1,simulated,0,0,0,0.0
treatment_4603,treatment,1,simulated,0,0,0,0.0
treatment_4604,treatment,1,simulated,0,0,0,0.0
treatment_4605,treatment,0,simulated,0,0,0,0.0
treatment_4606,treatment,0,simulated,0,0,0,0.0
treatment_4607,treatment,0,simulated,0,0,0,0.0
treatment_4608,treatment,0,simulated,0,0,0,0.0
treatment_4609,treatment,1,simulated,0,0,0,0.0
treatment_4610,treatment,1,simulated,0,0,0,0.0
treatment_4611,treatment,0,simulated,0,0,0,0.0
treatment_4612,treatment,0,simulated,0,0,0,0.0
treatment_4613,treatment,0,simulated,0,0,0,0.0
treatment_4614,treatment,1,simulated,0,0,0,0.0
treatment_4615,treatment,0,simulated,0,0,0,0.0
treatment_4616,treatment,0,simulated,0,0,0,0.0
treatment_4617,treatment,0,simulated,0,0,0,0.0
treatment_4618,treatment,0,simulated,0,0,0,0.0
treatment_4619,treatment,0,simulated,0,0,0,0.0
treatment_4620,treatment,0,simulated,0,0,0,0.0
treatment_4621,treatment,1,simulated,0,0,0,0.0
treatment_4622,treatment,1,simulated,0,0,0,0.0
treatment_4623,treatment,0,simulated,0,0,0,0.0
treatment_4624,treatment,1,simulated,1,0,0,0.0
treatment_4625,treatment,0,simulated,0,0,0,0.0
treatment_4626,treatment,1,simulated,0,0,0,0.0
treatment_4627,treatment,0,simulated,0,0,0,0.0
treatment_4628,treatment,0,simulated,0,0,0,0.0
treatment_4629,treatment,0,simulated,0,0,0,0.0
treatment_4630,treatment,0,simulated,0,0,0,0.0
treatment_4631,treatment,0,simulated,0,0,0,0.0
treatment_4632,treatment,1,simulated,0,0,0,0.0
treatment_4633,treatment,0,simulated,0,0,0,0.0
treatment_4634,treatment,0,simulated,0,0,0,0.0
treatment_4635,treatment,0,simulated,0,0,0,0.0
treatment_4636,treatment,0,simulated,0,0,0,0.0
treatment_4637,treatment,0,simulated,0,0,0,0.0
treatment_4638,treatment,0,simulated,0,0,0,0.0
treatment_4639,treatment,0,simulated,0,0,0,0.0
treatment_4640,treatment,0,simulated,0,0,0,0.0
treatment_4641,treatment,0,simulated,0,0,0,0.0
treatment_4642,treatment,0,simulated,0,0,0,0.0
treatment_4643,treatment,0,simulated,0,0,0,0.0
treatment_4644,treatment,1,simulated,0,0,0,0.0
treatment_4645,treatment,0,simulated,0,0,0,0.0
treatment_4646,treatment,0,simulated,0,0,0,0.0
treatment_4647,treatment,0,simulated,0,0,0,0.0
treatment_4648,treatment,0,simulated,0,0,0,0.0
treatment_4649,treatment,0,simulated,0,0,0,0.0
treatment_4650,treatment,0,simulated,0,0,0,0.0
treatment_4651,treatment,0,simulated,0,0,0,0.0
treatment_4652,treatment,0,simulated,0,0,0,0.0
treatment_4653,treatment,0,simulated,0,0,0,0.0
treatment_4654,treatment,0,simulated,0,0,0,0.0
treatment_4655,treatment,0,simulated,0,0,0,0.0
treatment_4656,treatment,1,simulated,0,0,0,0.0
treatment_4657,treatment,1,simulated,0,0,0,0.0
treatment_4658,treatment,0,simulated,0,0,0,0.0
treatment_4659,treatment,0,simulated,0,0,0,0.0
treatment_4660,treatment,0,simulated,0,0,0,0.0
treatment_4661,treatment,1,simulated,0,0,0,0.0
treatment_4662,treatment,0,simulated,0,0,0,0.0
treatment_4663,treatment,1,simulated,1,0,0,0.0
treatment_4664,treatment,0,simulated,0,0,0,0.0
treatment_4665,treatment,0,simulated,0,0,0,0.0
treatment_4666,treatment,0,simulated,0,0,0,0.0
treatment_4667,treatment,0,simulated,0,0,0,0.0
treatment_4668,treatment,0,simulated,0,0,0,0.0
treatment_4669,treatment,0,simulated,0,0,0,0.0
treatment_4670,treatment,0,simulated,0,0,0,0.0
treatment_4671,treatment,1,simulated,1,0,0,0.0
treatment_4672,treatment,0,simulated,0,0,0,0.0
treatment_4673,treatment,0,simulated,0,0,0,0.0
treatment_4674,treatment,0,simulated,0,0,0,0.0
treatment_4675,treatment,0,simulated,0,0,0,0.0
treatment_4676,treatment,0,simulated,0,0,0,0.0
treatment_4677,treatment,0,simulated,0,0,0,0.0
treatment_4678,treatment,0,simulated,0,0,0,0.0
treatment_4679,treatment,0,simulated,0,0,0,0.0
treatment_4680,treatment,0,simulated,0,0,0,0.0
treatment_4681,treatment,0,simulated,0,0,0,0.0
treatment_4682,treatment,0,simulated,0,0,0,0.0
treatment_4683,treatment,1,simulated,1,0,0,0.0
treatment_4684,treatment,0,simulated,0,0,0,0.0
treatment_4685,treatment,0,simulated,0,0,0,0.0
treatment_4686,treatment,0,simulated,0,0,0,0.0
treatment_4687,treatment,0,simulated,0,0,0,0.0
treatment_4688,treatment,1,simulated,0,1,0,26.2
treatment_4689,treatment,1,simulated,0,0,0,0.0
treatment_4690,treatment,0,simulated,0,0,0,0.0
treatment_4691,treatment,0,simulated,0,0,0,0.0
treatment_4692,treatment,0,simulated,0,0,0,0.0
treatment_4693,treatment,0,simulated,0,0,0,0.0
treatment_4694,treatment,1,simulated,0,0,0,0.0
treatment_4695,treatment,0,simulated,0,0,0,0.0
treatment_4696,treatment,0,simulated,0,0,0,0.0
treatment_4697,treatment,0,simulated,0,0,0,0.0
treatment_4698,treatment,0,simulated,0,0,0,0.0
treatment_4699,treatment,1,simulated,0,0,0,0.0
treatment_4700,treatment,0,simulated,0,0,0,0.0
treatment_4701,treatment,0,simulated,0,0,0,0.0
treatment_4702,treatment,0,simulated,0,0,0,0.0
treatment_4703,treatment,0,simulated,0,0,1,0.0
treatment_4704,treatment,0,simulated,0,0,0,0.0
treatment_4705,treatment,0,simulated,0,0,0,0.0
treatment_4706,treatment,0,simulated,0,0,0,0.0
treatment_4707,treatment,0,simulated,0,0,0,0.0
treatment_4708,treatment,0,simulated,0,0,0,0.0
treatment_4709,treatment,0,simulated,0,0,0,0.0
treatment_4710,treatment,0,simulated,0,0,0,0.0
treatment_4711,treatment,0,simulated,0,0,0,0.0
treatment_4712,treatment,0,simulated,0,0,0,0.0
treatment_4713,treatment,0,simulated,0,0,0,0.0
treatment_4714,treatment,0,simulated,0,0,0,0.0
treatment_4715,treatment,0,simulated,0,0,0,0.0
treatment_4716,treatment,0,simulated,0,0,0,0.0
treatment_4717,treatment,0,simulated,0,0,0,0.0
treatment_4718,treatment,0,simulated,0,0,0,0.0
treatment_4719,treatment,1,simulated,1,0,0,0.0
treatment_4720,treatment,0,simulated,0,0,0,0.0
treatment_4721,treatment,0,simulated,0,0,0,0.0
treatment_4722,treatment,0,simulated,0,0,0,0.0
treatment_4723,treatment,0,simulated,0,0,0,0.0
treatment_4724,treatment,0,simulated,0,0,0,0.0
treatment_4725,treatment,0,simulated,0,0,0,0.0
treatment_4726,treatment,1,simulated,0,0,0,0.0
treatment_4727,treatment,0,simulated,0,0,0,0.0
treatment_4728,treatment,0,simulated,0,0,0,0.0
treatment_4729,treatment,0,simulated,0,0,0,0.0
treatment_4730,treatment,0,simulated,0,0,0,0.0
treatment_4731,treatment,0,simulated,0,0,0,0.0
treatment_4732,treatment,0,simulated,0,0,0,0.0
treatment_4733,treatment,0,simulated,0,0,0,0.0
treatment_4734,treatment,0,simulated,0,0,0,0.0
treatment_4735,treatment,0,simulated,0,0,0,0.0
treatment_4736,treatment,0,simulated,0,0,0,0.0
treatment_4737,treatment,0,simulated,0,0,0,0.0
treatment_4738,treatment,1,simulated,0,0,0,0.0
treatment_4739,treatment,1,simulated,0,1,0,18.62
treatment_4740,treatment,0,simulated,0,0,0,0.0
treatment_4741,treatment,0,simulated,0,0,0,0.0
treatment_4742,treatment,1,simulated,0,0,0,0.0
treatment_4743,treatment,0,simulated,0,0,0,0.0
treatment_4744,treatment,0,simulated,0,0,0,0.0
treatment_4745,treatment,1,simulated,1,0,0,0.0
treatment_4746,treatment,0,simulated,0,0,0,0.0
treatment_4747,treatment,0,simulated,0,0,0,0.0
treatment_4748,treatment,0,simulated,0,0,0,0.0
treatment_4749,treatment,0,simulated,0,0,0,0.0
treatment_4750,treatment,1,simulated,0,0,0,0.0
treatment_4751,treatment,0,simulated,0,0,0,0.0
treatment_4752,treatment,0,simulated,0,0,0,0.0
treatment_4753,treatment,0,simulated,0,0,0,0.0
treatment_4754,treatment,0,simulated,0,0,0,0.0
treatment_4755,treatment,0,simulated,0,0,0,0.0
treatment_4756,treatment,0,simulated,0,0,0,0.0
treatment_4757,treatment,1,simulated,1,0,0,0.0
treatment_4758,treatment,0,simulated,0,0,0,0.0
treatment_4759,treatment,0,simulated,0,0,0,0.0
treatment_4760,treatment,0,simulated,0,0,0,0.0
treatment_4761,treatment,0,simulated,0,0,0,0.0
treatment_4762,treatment,0,simulated,0,0,0,0.0
treatment_4763,treatment,0,simulated,0,0,0,0.0
treatment_4764,treatment,0,simulated,0,0,0,0.0
treatment_4765,treatment,0,simulated,0,0,0,0.0
treatment_4766,treatment,0,simulated,0,0,0,0.0
treatment_4767,treatment,0,simulated,0,0,0,0.0
treatment_4768,treatment,0,simulated,0,0,0,0.0
treatment_4769,treatment,0,simulated,0,0,0,0.0
treatment_4770,treatment,0,simulated,0,0,0,0.0
treatment_4771,treatment,0,simulated,0,0,0,0.0
treatment_4772,treatment,0,simulated,0,0,0,0.0
treatment_4773,treatment,0,simulated,0,0,0,0.0
treatment_4774,treatment,1,simulated,0,0,1,0.0
treatment_4775,treatment,0,simulated,0,0,0,0.0
treatment_4776,treatment,0,simulated,0,0,0,0.0
treatment_4777,treatment,0,simulated,0,0,0,0.0
treatment_4778,treatment,0,simulated,0,0,0,0.0
treatment_4779,treatment,0,simulated,0,0,0,0.0
treatment_4780,treatment,0,simulated,0,0,0,0.0
treatment_4781,treatment,0,simulated,0,0,0,0.0
treatment_4782,treatment,0,simulated,0,0,0,0.0
treatment_4783,treatment,0,simulated,0,0,0,0.0
treatment_4784,treatment,1,simulated,0,0,0,0.0
treatment_4785,treatment,1,simulated,0,0,0,0.0
treatment_4786,treatment,1,simulated,0,0,0,0.0
treatment_4787,treatment,0,simulated,0,0,0,0.0
treatment_4788,treatment,0,simulated,0,0,0,0.0
treatment_4789,treatment,0,simulated,0,0,0,0.0
treatment_4790,treatment,0,simulated,0,0,0,0.0
treatment_4791,treatment,0,simulated,0,0,0,0.0
treatment_4792,treatment,0,simulated,0,0,0,0.0
treatment_4793,treatment,0,simulated,0,0,0,0.0
treatment_4794,treatment,0,simulated,0,0,0,0.0
treatment_4795,treatment,0,simulated,0,0,0,0.0
treatment_4796,treatment,0,simulated,0,0,0,0.0
treatment_4797,treatment,1,simulated,0,0,0,0.0
treatment_4798,treatment,0,simulated,0,0,0,0.0
treatment_4799,treatment,0,simulated,0,0,0,0.0
treatment_4800,treatment,0,simulated,0,0,0,0.0
treatment_4801,treatment,1,simulated,0,0,0,0.0
treatment_4802,treatment,0,simulated,0,0,0,0.0
treatment_4803,treatment,1,simulated,0,0,0,0.0
treatment_4804,treatment,0,simulated,0,0,0,0.0
treatment_4805,treatment,0,simulated,0,0,0,0.0
treatment_4806,treatment,0,simulated,0,0,0,0.0
treatment_4807,treatment,0,simulated,0,0,0,0.0
treatment_4808,treatment,0,simulated,0,0,0,0.0
treatment_4809,treatment,1,simulated,0,0,0,0.0
treatment_4810,treatment,0,simulated,0,0,0,0.0
treatment_4811,treatment,0,simulated,0,0,0,0.0
treatment_4812,treatment,0,simulated,0,0,0,0.0
treatment_4813,treatment,0,simulated,0,0,0,0.0
treatment_4814,treatment,0,simulated,0,0,0,0.0
treatment_4815,treatment,0,simulated,0,0,0,0.0
treatment_4816,treatment,1,simulated,0,0,0,0.0
treatment_4817,treatment,0,simulated,0,0,0,0.0
treatment_4818,treatment,1,simulated,0,0,0,0.0
treatment_4819,treatment,0,simulated,0,0,0,0.0
treatment_4820,treatment,0,simulated,0,0,0,0.0
treatment_4821,treatment,0,simulated,0,0,0,0.0
treatment_4822,treatment,1,simulated,0,0,0,0.0
treatment_4823,treatment,1,simulated,0,0,0,0.0
treatment_4824,treatment,0,simulated,0,0,0,0.0
treatment_4825,treatment,1,simulated,0,0,0,0.0
treatment_4826,treatment,0,simulated,0,0,0,0.0
treatment_4827,treatment,1,simulated,0,0,0,0.0
treatment_4828,treatment,1,simulated,0,0,0,0.0
treatment_4829,treatment,1,simulated,0,0,0,0.0
treatment_4830,treatment,0,simulated,0,0,0,0.0
treatment_4831,treatment,0,simulated,0,0,0,0.0
treatment_4832,treatment,0,simulated,0,0,0,0.0
treatment_4833,treatment,1,simulated,0,0,0,0.0
treatment_4834,treatment,0,simulated,0,0,0,0.0
treatment_4835,treatment,0,simulated,0,0,0,0.0
treatment_4836,treatment,0,simulated,0,0,0,0.0
treatment_4837,treatment,0,simulated,0,0,0,0.0
treatment_4838,treatment,0,simulated,0,0,0,0.0
treatment_4839,treatment,1,simulated,0,0,0,0.0
treatment_4840,treatment,0,simulated,0,0,0,0.0
treatment_4841,treatment,0,simulated,0,0,0,0.0
treatment_4842,treatment,0,simulated,0,0,0,0.0
treatment_4843,treatment,1,simulated,1,0,0,0.0
treatment_4844,treatment,0,simulated,0,0,0,0.0
treatment_4845,treatment,0,simulated,0,0,0,0.0
treatment_4846,treatment,1,simulated,0,1,0,21.24
treatment_4847,treatment,0,simulated,0,0,0,0.0
treatment_4848,treatment,0,simulated,0,0,0,0.0
treatment_4849,treatment,0,simulated,0,0,0,0.0
treatment_4850,treatment,0,simulated,0,0,0,0.0
treatment_4851,treatment,1,simulated,0,0,0,0.0
treatment_4852,treatment,0,simulated,0,0,0,0.0
treatment_4853,treatment,0,simulated,0,0,0,0.0
treatment_4854,treatment,0,simulated,0,0,0,0.0
treatment_4855,treatment,0,simulated,0,0,0,0.0
treatment_4856,treatment,1,simulated,0,0,0,0.0
treatment_4857,treatment,0,simulated,0,0,0,0.0
treatment_4858,treatment,0,simulated,0,0,0,0.0
treatment_4859,treatment,0,simulated,0,0,0,0.0
treatment_4860,treatment,1,simulated,0,0,0,0.0
treatment_4861,treatment,0,simulated,0,0,0,0.0
treatment_4862,treatment,0,simulated,0,0,0,0.0
treatment_4863,treatment,1,simulated,0,0,0,0.0
treatment_4864,treatment,0,simulated,0,0,0,0.0
treatment_4865,treatment,1,simulated,1,0,0,0.0
treatment_4866,treatment,0,simulated,0,0,0,0.0
treatment_4867,treatment,0,simulated,0,0,0,0.0
treatment_4868,treatment,0,simulated,0,0,0,0.0
treatment_4869,treatment,0,simulated,0,0,0,0.0
treatment_4870,treatment,0,simulated,0,0,0,0.0
treatment_4871,treatment,0,simulated,0,0,0,0.0
treatment_4872,treatment,0,simulated,0,0,0,0.0
treatment_4873,treatment,0,simulated,0,0,0,0.0
treatment_4874,treatment,0,simulated,0,0,0,0.0
treatment_4875,treatment,1,simulated,0,0,0,0.0
treatment_4876,treatment,0,simulated,0,0,0,0.0
treatment_4877,treatment,0,simulated,0,0,0,0.0
treatment_4878,treatment,0,simulated,0,0,0,0.0
treatment_4879,treatment,0,simulated,0,0,0,0.0
treatment_4880,treatment,1,simulated,0,0,0,0.0
treatment_4881,treatment,1,simulated,0,0,0,0.0
treatment_4882,treatment,1,simulated,0,0,0,0.0
treatment_4883,treatment,0,simulated,0,0,0,0.0
treatment_4884,treatment,1,simulated,0,0,0,0.0
treatment_4885,treatment,0,simulated,0,0,0,0.0
treatment_4886,treatment,1,simulated,0,1,0,33.91
treatment_4887,treatment,1,simulated,0,0,0,0.0
treatment_4888,treatment,1,simulated,0,0,0,0.0
treatment_4889,treatment,0,simulated,0,0,0,0.0
treatment_4890,treatment,0,simulated,0,0,0,0.0
treatment_4891,treatment,0,simulated,0,0,0,0.0
treatment_4892,treatment,1,simulated,0,0,0,0.0
treatment_4893,treatment,1,simulated,0,0,0,0.0
treatment_4894,treatment,0,simulated,0,0,0,0.0
treatment_4895,treatment,0,simulated,0,0,0,0.0
treatment_4896,treatment,0,simulated,0,0,0,0.0
treatment_4897,treatment,0,simulated,0,0,0,0.0
treatment_4898,treatment,0,simulated,0,0,0,0.0
treatment_4899,treatment,0,simulated,0,0,0,0.0
treatment_4900,treatment,1,simulated,0,0,0,0.0
treatment_4901,treatment,1,simulated,0,0,0,0.0
treatment_4902,treatment,0,simulated,0,0,0,0.0
treatment_4903,treatment,0,simulated,0,0,0,0.0
treatment_4904,treatment,0,simulated,0,0,0,0.0
treatment_4905,treatment,0,simulated,0,0,0,0.0
treatment_4906,treatment,0,simulated,0,0,0,0.0
treatment_4907,treatment,1,simulated,0,0,0,0.0
treatment_4908,treatment,1,simulated,0,0,0,0.0
treatment_4909,treatment,1,simulated,1,0,0,0.0
treatment_4910,treatment,0,simulated,0,0,0,0.0
treatment_4911,treatment,1,simulated,0,0,0,0.0
treatment_4912,treatment,1,simulated,0,0,0,0.0
treatment_4913,treatment,0,simulated,0,0,0,0.0
treatment_4914,treatment,0,simulated,0,0,0,0.0
treatment_4915,treatment,0,simulated,0,0,0,0.0
treatment_4916,treatment,0,simulated,0,0,0,0.0
treatment_4917,treatment,0,simulated,0,0,0,0.0
treatment_4918,treatment,0,simulated,0,0,0,0.0
treatment_4919,treatment,0,simulated,0,0,0,0.0
treatment_4920,treatment,0,simulated,0,0,0,0.0
treatment_4921,treatment,0,simulated,0,0,0,0.0
treatment_4922,treatment,0,simulated,0,0,0,0.0
treatment_4923,treatment,0,simulated,0,0,0,0.0
treatment_4924,treatment,1,simulated,0,0,0,0.0
treatment_4925,treatment,0,simulated,0,0,0,0.0
treatment_4926,treatment,1,simulated,0,0,0,0.0
treatment_4927,treatment,0,simulated,0,0,0,0.0
treatment_4928,treatment,1,simulated,0,0,0,0.0
treatment_4929,treatment,1,simulated,1,0,0,0.0
treatment_4930,treatment,0,simulated,0,0,0,0.0
treatment_4931,treatment,1,simulated,0,0,0,0.0
treatment_4932,treatment,0,simulated,0,0,0,0.0
treatment_4933,treatment,1,simulated,0,0,0,0.0
treatment_4934,treatment,0,simulated,0,0,0,0.0
treatment_4935,treatment,0,simulated,0,0,0,0.0
treatment_4936,treatment,0,simulated,0,0,0,0.0
treatment_4937,treatment,0,simulated,0,0,0,0.0
treatment_4938,treatment,0,simulated,0,0,0,0.0
treatment_4939,treatment,0,simulated,0,0,0,0.0
treatment_4940,treatment,0,simulated,0,0,0,0.0
treatment_4941,treatment,0,simulated,0,0,0,0.0
treatment_4942,treatment,1,simulated,0,0,0,0.0
treatment_4943,treatment,0,simulated,0,0,0,0.0
treatment_4944,treatment,0,simulated,0,0,0,0.0
treatment_4945,treatment,0,simulated,0,0,0,0.0
treatment_4946,treatment,0,simulated,0,0,0,0.0
treatment_4947,treatment,0,simulated,0,0,0,0.0
treatment_4948,treatment,0,simulated,0,0,0,0.0
treatment_4949,treatment,1,simulated,0,0,0,0.0
treatment_4950,treatment,0,simulated,0,0,0,0.0
treatment_4951,treatment,1,simulated,0,1,0,24.83
treatment_4952,treatment,1,simulated,0,0,0,0.0
treatment_4953,treatment,0,simulated,0,0,0,0.0
treatment_4954,treatment,0,simulated,0,0,0,0.0
treatment_4955,treatment,0,simulated,0,0,0,0.0
treatment_4956,treatment,0,simulated,0,0,0,0.0
treatment_4957,treatment,0,simulated,0,0,0,0.0
treatment_4958,treatment,0,simulated,0,0,0,0.0
treatment_4959,treatment,1,simulated,0,0,0,0.0
treatment_4960,treatment,1,simulated,0,0,0,0.0
treatment_4961,treatment,0,simulated,0,0,0,0.0
treatment_4962,treatment,0,simulated,0,0,0,0.0
treatment_4963,treatment,0,simulated,0,0,0,0.0
treatment_4964,treatment,1,simulated,0,0,0,0.0
treatment_4965,treatment,0,simulated,0,0,0,0.0
treatment_4966,treatment,1,simulated,0,0,0,0.0
treatment_4967,treatment,0,simulated,0,0,0,0.0
treatment_4968,treatment,1,simulated,0,0,0,0.0
treatment_4969,treatment,0,simulated,0,0,0,0.0
treatment_4970,treatment,1,simulated,0,0,0,0.0
treatment_4971,treatment,0,simulated,0,0,0,0.0
treatment_4972,treatment,0,simulated,0,0,0,0.0
treatment_4973,treatment,0,simulated,0,0,0,0.0
treatment_4974,treatment,0,simulated,0,0,0,0.0
treatment_4975,treatment,0,simulated,0,0,0,0.0
treatment_4976,treatment,1,simulated,0,0,0,0.0
treatment_4977,treatment,1,simulated,0,0,0,0.0
treatment_4978,treatment,1,simulated,0,0,0,0.0
treatment_4979,treatment,0,simulated,0,0,0,0.0
treatment_4980,treatment,1,simulated,1,0,0,0.0
treatment_4981,treatment,0,simulated,0,0,1,0.0
treatment_4982,treatment,0,simulated,0,0,0,0.0
treatment_4983,treatment,0,simulated,0,0,0,0.0
treatment_4984,treatment,0,simulated,0,0,0,0.0
treatment_4985,treatment,0,simulated,0,0,0,0.0
treatment_4986,treatment,0,simulated,0,0,0,0.0
treatment_4987,treatment,1,simulated,0,0,0,0.0
treatment_4988,treatment,0,simulated,0,0,0,0.0
treatment_4989,treatment,1,simulated,0,0,0,0.0
treatment_4990,treatment,1,simulated,0,0,0,0.0
treatment_4991,treatment,1,simulated,0,0,0,0.0
treatment_4992,treatment,0,simulated,0,0,0,0.0
treatment_4993,treatment,1,simulated,0,0,0,0.0
treatment_4994,treatment,0,simulated,0,0,0,0.0
treatment_4995,treatment,1,simulated,0,0,0,0.0
treatment_4996,treatment,0,simulated,0,0,0,0.0
treatment_4997,treatment,0,simulated,0,0,0,0.0
treatment_4998,treatment,0,simulated,0,0,0,0.0
treatment_4999,treatment,0,simulated,0,0,0,0.0
treatment_5000,treatment,0,simulated,0,0,0,0.0
treatment_5001,treatment,1,simulated,0,0,0,0.0
treatment_5002,treatment,0,simulated,0,0,0,0.0
treatment_5003,treatment,1,simulated,0,0,0,0.0
treatment_5004,treatment,1,simulated,0,0,0,0.0
treatment_5005,treatment,1,simulated,0,0,0,0.0
treatment_5006,treatment,0,simulated,0,0,0,0.0
treatment_5007,treatment,1,simulated,0,0,0,0.0
treatment_5008,treatment,0,simulated,0,0,0,0.0
treatment_5009,treatment,0,simulated,0,0,0,0.0
treatment_5010,treatment,0,simulated,0,0,0,0.0
treatment_5011,treatment,0,simulated,0,0,0,0.0
treatment_5012,treatment,0,simulated,0,0,0,0.0
treatment_5013,treatment,0,simulated,0,0,0,0.0
treatment_5014,treatment,0,simulated,0,0,0,0.0
treatment_5015,treatment,0,simulated,0,0,0,0.0
treatment_5016,treatment,0,simulated,0,0,0,0.0
treatment_5017,treatment,1,simulated,0,0,0,0.0
treatment_5018,treatment,0,simulated,0,0,0,0.0
treatment_5019,treatment,0,simulated,0,0,0,0.0
treatment_5020,treatment,0,simulated,0,0,0,0.0
treatment_5021,treatment,0,simulated,0,0,0,0.0
treatment_5022,treatment,1,simulated,0,0,0,0.0
treatment_5023,treatment,0,simulated,0,0,0,0.0
treatment_5024,treatment,0,simulated,0,0,0,0.0
treatment_5025,treatment,0,simulated,0,0,0,0.0
treatment_5026,treatment,1,simulated,0,0,0,0.0
treatment_5027,treatment,0,simulated,0,0,0,0.0
treatment_5028,treatment,0,simulated,0,0,0,0.0
treatment_5029,treatment,0,simulated,0,0,0,0.0
treatment_5030,treatment,0,simulated,0,0,0,0.0
treatment_5031,treatment,0,simulated,0,0,0,0.0
treatment_5032,treatment,0,simulated,0,0,0,0.0
treatment_5033,treatment,1,simulated,0,0,0,0.0
treatment_5034,treatment,0,simulated,0,0,0,0.0
treatment_5035,treatment,1,simulated,0,0,0,0.0
treatment_5036,treatment,0,simulated,0,0,0,0.0
treatment_5037,treatment,0,simulated,0,0,0,0.0
treatment_5038,treatment,0,simulated,0,0,0,0.0
treatment_5039,treatment,1,simulated,0,0,0,0.0
treatment_5040,treatment,0,simulated,0,0,0,0.0
treatment_5041,treatment,1,simulated,0,0,0,0.0
treatment_5042,treatment,1,simulated,0,0,0,0.0
treatment_5043,treatment,0,simulated,0,0,0,0.0
treatment_5044,treatment,1,simulated,0,0,0,0.0
treatment_5045,treatment,1,simulated,0,0,0,0.0
treatment_5046,treatment,0,simulated,0,0,0,0.0
treatment_5047,treatment,0,simulated,0,0,0,0.0
treatment_5048,treatment,0,simulated,0,0,0,0.0
treatment_5049,treatment,1,simulated,0,0,0,0.0
treatment_5050,treatment,1,simulated,0,0,0,0.0
treatment_5051,treatment,1,simulated,0,1,0,24.65
treatment_5052,treatment,0,simulated,0,0,0,0.0
treatment_5053,treatment,0,simulated,0,0,0,0.0
treatment_5054,treatment,0,simulated,0,0,0,0.0
treatment_5055,treatment,1,simulated,0,0,0,0.0
treatment_5056,treatment,0,simulated,0,0,0,0.0
treatment_5057,treatment,1,simulated,0,0,0,0.0
treatment_5058,treatment,0,simulated,0,0,0,0.0
treatment_5059,treatment,0,simulated,0,0,0,0.0
treatment_5060,treatment,1,simulated,1,0,0,0.0
treatment_5061,treatment,0,simulated,0,0,0,0.0
treatment_5062,treatment,0,simulated,0,0,0,0.0
treatment_5063,treatment,0,simulated,0,0,0,0.0
treatment_5064,treatment,0,simulated,0,0,0,0.0
treatment_5065,treatment,0,simulated,0,0,0,0.0
treatment_5066,treatment,0,simulated,0,0,0,0.0
treatment_5067,treatment,1,simulated,0,0,0,0.0
treatment_5068,treatment,0,simulated,0,0,0,0.0
treatment_5069,treatment,0,simulated,0,0,0,0.0
treatment_5070,treatment,1,simulated,0,0,0,0.0
treatment_5071,treatment,0,simulated,0,0,0,0.0
treatment_5072,treatment,0,simulated,0,0,0,0.0
treatment_5073,treatment,0,simulated,0,0,0,0.0
treatment_5074,treatment,0,simulated,0,0,0,0.0
treatment_5075,treatment,0,simulated,0,0,0,0.0
treatment_5076,treatment,1,simulated,0,0,0,0.0
treatment_5077,treatment,1,simulated,0,0,0,0.0
treatment_5078,treatment,1,simulated,0,0,0,0.0
treatment_5079,treatment,1,simulated,0,0,0,0.0
treatment_5080,treatment,0,simulated,0,0,0,0.0
treatment_5081,treatment,0,simulated,0,0,0,0.0
treatment_5082,treatment,0,simulated,0,0,0,0.0
treatment_5083,treatment,0,simulated,0,0,0,0.0
treatment_5084,treatment,0,simulated,0,0,0,0.0
treatment_5085,treatment,0,simulated,0,0,0,0.0
treatment_5086,treatment,0,simulated,0,0,0,0.0
treatment_5087,treatment,0,simulated,0,0,0,0.0
treatment_5088,treatment,0,simulated,0,0,0,0.0
treatment_5089,treatment,0,simulated,0,0,0,0.0
treatment_5090,treatment,0,simulated,0,0,0,0.0
treatment_5091,treatment,0,simulated,0,0,0,0.0
treatment_5092,treatment,0,simulated,0,0,0,0.0
treatment_5093,treatment,0,simulated,0,0,0,0.0
treatment_5094,treatment,1,simulated,1,0,0,0.0
treatment_5095,treatment,0,simulated,0,0,0,0.0
treatment_5096,treatment,0,simulated,0,0,0,0.0
treatment_5097,treatment,1,simulated,0,0,0,0.0
treatment_5098,treatment,0,simulated,0,0,0,0.0
treatment_5099,treatment,0,simulated,0,0,0,0.0
treatment_5100,treatment,0,simulated,0,0,0,0.0
treatment_5101,treatment,0,simulated,0,0,0,0.0
treatment_5102,treatment,0,simulated,0,0,0,0.0
treatment_5103,treatment,1,simulated,0,0,0,0.0
treatment_5104,treatment,0,simulated,0,0,0,0.0
treatment_5105,treatment,0,simulated,0,0,0,0.0
treatment_5106,treatment,1,simulated,1,0,0,0.0
treatment_5107,treatment,0,simulated,0,0,0,0.0
treatment_5108,treatment,0,simulated,0,0,0,0.0
treatment_5109,treatment,0,simulated,0,0,0,0.0
treatment_5110,treatment,0,simulated,0,0,0,0.0
treatment_5111,treatment,0,simulated,0,0,0,0.0
treatment_5112,treatment,0,simulated,0,0,0,0.0
treatment_5113,treatment,1,simulated,0,0,0,0.0
treatment_5114,treatment,0,simulated,0,0,0,0.0
treatment_5115,treatment,1,simulated,0,0,0,0.0
treatment_5116,treatment,0,simulated,0,0,0,0.0
treatment_5117,treatment,0,simulated,0,0,0,0.0
treatment_5118,treatment,0,simulated,0,0,0,0.0
treatment_5119,treatment,0,simulated,0,0,0,0.0
treatment_5120,treatment,1,simulated,0,0,0,0.0
treatment_5121,treatment,0,simulated,0,0,0,0.0
treatment_5122,treatment,0,simulated,0,0,0,0.0
treatment_5123,treatment,1,simulated,0,0,0,0.0
treatment_5124,treatment,1,simulated,1,0,0,0.0
treatment_5125,treatment,0,simulated,0,0,0,0.0
treatment_5126,treatment,0,simulated,0,0,0,0.0
treatment_5127,treatment,0,simulated,0,0,0,0.0
treatment_5128,treatment,1,simulated,0,0,0,0.0
treatment_5129,treatment,0,simulated,0,0,0,0.0
treatment_5130,treatment,0,simulated,0,0,0,0.0
treatment_5131,treatment,0,simulated,0,0,0,0.0
treatment_5132,treatment,1,simulated,0,0,0,0.0
treatment_5133,treatment,0,simulated,0,0,0,0.0
treatment_5134,treatment,0,simulated,0,0,0,0.0
treatment_5135,treatment,0,simulated,0,0,0,0.0
treatment_5136,treatment,0,simulated,0,0,0,0.0
treatment_5137,treatment,0,simulated,0,0,0,0.0
treatment_5138,treatment,1,simulated,0,0,0,0.0
treatment_5139,treatment,0,simulated,0,0,0,0.0
treatment_5140,treatment,0,simulated,0,0,0,0.0
treatment_5141,treatment,1,simulated,0,0,0,0.0
treatment_5142,treatment,0,simulated,0,0,0,0.0
treatment_5143,treatment,0,simulated,0,0,0,0.0
treatment_5144,treatment,0,simulated,0,0,0,0.0
treatment_5145,treatment,0,simulated,0,0,0,0.0
treatment_5146,treatment,1,simulated,0,0,0,0.0
treatment_5147,treatment,0,simulated,0,0,0,0.0
treatment_5148,treatment,0,simulated,0,0,0,0.0
treatment_5149,treatment,0,simulated,0,0,0,0.0
treatment_5150,treatment,0,simulated,0,0,0,0.0
treatment_5151,treatment,0,simulated,0,0,0,0.0
treatment_5152,treatment,1,simulated,1,0,0,0.0
treatment_5153,treatment,1,simulated,0,0,0,0.0
treatment_5154,treatment,0,simulated,0,0,0,0.0
treatment_5155,treatment,0,simulated,0,0,0,0.0
treatment_5156,treatment,0,simulated,0,0,0,0.0
treatment_5157,treatment,0,simulated,0,0,0,0.0
treatment_5158,treatment,1,simulated,0,0,0,0.0
treatment_5159,treatment,0,simulated,0,0,0,0.0
treatment_5160,treatment,0,simulated,0,0,0,0.0
treatment_5161,treatment,0,simulated,0,0,0,0.0
treatment_5162,treatment,0,simulated,0,0,0,0.0
treatment_5163,treatment,0,simulated,0,0,0,0.0
treatment_5164,treatment,1,simulated,1,0,0,0.0
treatment_5165,treatment,1,simulated,1,0,0,0.0
treatment_5166,treatment,0,simulated,0,0,0,0.0
treatment_5167,treatment,0,simulated,0,0,0,0.0
treatment_5168,treatment,0,simulated,0,0,0,0.0
treatment_5169,treatment,1,simulated,0,0,0,0.0
treatment_5170,treatment,0,simulated,0,0,0,0.0
treatment_5171,treatment,0,simulated,0,0,0,0.0
treatment_5172,treatment,0,simulated,0,0,0,0.0
treatment_5173,treatment,1,simulated,0,0,0,0.0
treatment_5174,treatment,1,simulated,0,0,0,0.0
treatment_5175,treatment,0,simulated,0,0,0,0.0
treatment_5176,treatment,0,simulated,0,0,0,0.0
treatment_5177,treatment,0,simulated,0,0,0,0.0
treatment_5178,treatment,0,simulated,0,0,0,0.0
treatment_5179,treatment,0,simulated,0,0,0,0.0
treatment_5180,treatment,0,simulated,0,0,0,0.0
treatment_5181,treatment,1,simulated,0,0,0,0.0
treatment_5182,treatment,0,simulated,0,0,0,0.0
treatment_5183,treatment,0,simulated,0,0,0,0.0
treatment_5184,treatment,1,simulated,0,0,0,0.0
treatment_5185,treatment,0,simulated,0,0,0,0.0
treatment_5186,treatment,0,simulated,0,0,0,0.0
treatment_5187,treatment,0,simulated,0,0,0,0.0
treatment_5188,treatment,0,simulated,0,0,0,0.0
treatment_5189,treatment,0,simulated,0,0,0,0.0
treatment_5190,treatment,0,simulated,0,0,0,0.0
treatment_5191,treatment,0,simulated,0,0,0,0.0
treatment_5192,treatment,1,simulated,0,0,0,0.0
treatment_5193,treatment,0,simulated,0,0,0,0.0
treatment_5194,treatment,0,simulated,0,0,0,0.0
treatment_5195,treatment,0,simulated,0,0,0,0.0
treatment_5196,treatment,1,simulated,0,0,0,0.0
treatment_5197,treatment,0,simulated,0,0,0,0.0
treatment_5198,treatment,1,simulated,0,0,0,0.0
treatment_5199,treatment,0,simulated,0,0,0,0.0
treatment_5200,treatment,0,simulated,0,0,0,0.0
treatment_5201,treatment,1,simulated,0,0,0,0.0
treatment_5202,treatment,0,simulated,0,0,0,0.0
treatment_5203,treatment,0,simulated,0,0,0,0.0
treatment_5204,treatment,0,simulated,0,0,0,0.0
treatment_5205,treatment,1,simulated,0,0,0,0.0
treatment_5206,treatment,0,simulated,0,0,0,0.0
treatment_5207,treatment,1,simulated,0,0,0,0.0
treatment_5208,treatment,0,simulated,0,0,0,0.0
treatment_5209,treatment,0,simulated,0,0,0,0.0
treatment_5210,treatment,0,simulated,0,0,0,0.0
treatment_5211,treatment,0,simulated,0,0,0,0.0
treatment_5212,treatment,1,simulated,0,0,0,0.0
treatment_5213,treatment,0,simulated,0,0,0,0.0
treatment_5214,treatment,0,simulated,0,0,0,0.0
treatment_5215,treatment,1,simulated,0,0,0,0.0
treatment_5216,treatment,0,simulated,0,0,0,0.0
treatment_5217,treatment,0,simulated,0,0,0,0.0
treatment_5218,treatment,0,simulated,0,0,0,0.0
treatment_5219,treatment,0,simulated,0,0,0,0.0
treatment_5220,treatment,0,simulated,0,0,0,0.0
treatment_5221,treatment,0,simulated,0,0,0,0.0
treatment_5222,treatment,0,simulated,0,0,0,0.0
treatment_5223,treatment,0,simulated,0,0,0,0.0
treatment_5224,treatment,0,simulated,0,0,0,0.0
treatment_5225,treatment,0,simulated,0,0,0,0.0
treatment_5226,treatment,0,simulated,0,0,0,0.0
treatment_5227,treatment,0,simulated,0,0,0,0.0
treatment_5228,treatment,0,simulated,0,0,0,0.0
treatment_5229,treatment,0,simulated,0,0,0,0.0
treatment_5230,treatment,0,simulated,0,0,0,0.0
treatment_5231,treatment,1,simulated,1,0,0,0.0
treatment_5232,treatment,0,simulated,0,0,0,0.0
treatment_5233,treatment,0,simulated,0,0,0,0.0
treatment_5234,treatment,1,simulated,0,0,0,0.0
treatment_5235,treatment,0,simulated,0,0,0,0.0
treatment_5236,treatment,1,simulated,0,0,0,0.0
treatment_5237,treatment,1,simulated,0,0,0,0.0
treatment_5238,treatment,0,simulated,0,0,0,0.0
treatment_5239,treatment,0,simulated,0,0,0,0.0
treatment_5240,treatment,0,simulated,0,0,0,0.0
treatment_5241,treatment,0,simulated,0,0,0,0.0
treatment_5242,treatment,1,simulated,0,0,0,0.0
treatment_5243,treatment,1,simulated,0,0,0,0.0
treatment_5244,treatment,0,simulated,0,0,0,0.0
treatment_5245,treatment,0,simulated,0,0,0,0.0
treatment_5246,treatment,0,simulated,0,0,0,0.0
treatment_5247,treatment,0,simulated,0,0,0,0.0
treatment_5248,treatment,1,simulated,0,0,0,0.0
treatment_5249,treatment,1,simulated,0,0,0,0.0
treatment_5250,treatment,0,simulated,0,0,0,0.0
treatment_5251,treatment,0,simulated,0,0,0,0.0
treatment_5252,treatment,0,simulated,0,0,0,0.0
treatment_5253,treatment,0,simulated,0,0,0,0.0
treatment_5254,treatment,0,simulated,0,0,0,0.0
treatment_5255,treatment,0,simulated,0,0,0,0.0
treatment_5256,treatment,0,simulated,0,0,0,0.0
treatment_5257,treatment,1,simulated,0,0,0,0.0
treatment_5258,treatment,0,simulated,0,0,0,0.0
treatment_5259,treatment,0,simulated,0,0,0,0.0
treatment_5260,treatment,1,simulated,0,0,0,0.0
treatment_5261,treatment,1,simulated,0,0,0,0.0
treatment_5262,treatment,1,simulated,0,0,0,0.0
treatment_5263,treatment,0,simulated,0,0,0,0.0
treatment_5264,treatment,0,simulated,0,0,0,0.0
treatment_5265,treatment,0,simulated,0,0,0,0.0
treatment_5266,treatment,1,simulated,0,0,0,0.0
treatment_5267,treatment,0,simulated,0,0,0,0.0
treatment_5268,treatment,1,simulated,0,0,0,0.0
treatment_5269,treatment,0,simulated,0,0,0,0.0
treatment_5270,treatment,0,simulated,0,0,0,0.0
treatment_5271,treatment,1,simulated,0,0,0,0.0
treatment_5272,treatment,0,simulated,0,0,0,0.0
treatment_5273,treatment,0,simulated,0,0,0,0.0
treatment_5274,treatment,0,simulated,0,0,0,0.0
treatment_5275,treatment,0,simulated,0,0,0,0.0
treatment_5276,treatment,0,simulated,0,0,0,0.0
treatment_5277,treatment,0,simulated,0,0,0,0.0
treatment_5278,treatment,1,simulated,0,0,0,0.0
treatment_5279,treatment,0,simulated,0,0,0,0.0
treatment_5280,treatment,0,simulated,0,0,0,0.0
treatment_5281,treatment,1,simulated,0,0,0,0.0
treatment_5282,treatment,0,simulated,0,0,0,0.0
treatment_5283,treatment,0,simulated,0,0,0,0.0
treatment_5284,treatment,0,simulated,0,0,0,0.0
treatment_5285,treatment,0,simulated,0,0,0,0.0
treatment_5286,treatment,1,simulated,0,0,0,0.0
treatment_5287,treatment,0,simulated,0,0,0,0.0
treatment_5288,treatment,0,simulated,0,0,0,0.0
treatment_5289,treatment,1,simulated,0,0,0,0.0
treatment_5290,treatment,0,simulated,0,0,0,0.0
treatment_5291,treatment,0,simulated,0,0,0,0.0
treatment_5292,treatment,0,simulated,0,0,1,0.0
treatment_5293,treatment,0,simulated,0,0,0,0.0
treatment_5294,treatment,1,simulated,0,0,0,0.0
treatment_5295,treatment,0,simulated,0,0,0,0.0
treatment_5296,treatment,0,simulated,0,0,0,0.0
treatment_5297,treatment,0,simulated,0,0,0,0.0
treatment_5298,treatment,0,simulated,0,0,0,0.0
treatment_5299,treatment,0,simulated,0,0,0,0.0
treatment_5300,treatment,1,simulated,0,0,0,0.0
treatment_5301,treatment,1,simulated,0,0,0,0.0
treatment_5302,treatment,1,simulated,0,0,0,0.0
treatment_5303,treatment,1,simulated,0,0,0,0.0
treatment_5304,treatment,0,simulated,0,0,0,0.0
treatment_5305,treatment,0,simulated,0,0,0,0.0
treatment_5306,treatment,0,simulated,0,0,0,0.0
treatment_5307,treatment,0,simulated,0,0,0,0.0
treatment_5308,treatment,1,simulated,1,0,0,0.0
treatment_5309,treatment,0,simulated,0,0,0,0.0
treatment_5310,treatment,0,simulated,0,0,0,0.0
treatment_5311,treatment,0,simulated,0,0,0,0.0
treatment_5312,treatment,0,simulated,0,0,0,0.0
treatment_5313,treatment,0,simulated,0,0,0,0.0
treatment_5314,treatment,1,simulated,0,0,1,0.0
treatment_5315,treatment,0,simulated,0,0,0,0.0
treatment_5316,treatment,0,simulated,0,0,0,0.0
treatment_5317,treatment,0,simulated,0,0,0,0.0
treatment_5318,treatment,0,simulated,0,0,0,0.0
treatment_5319,treatment,0,simulated,0,0,0,0.0
treatment_5320,treatment,1,simulated,0,0,0,0.0
treatment_5321,treatment,1,simulated,0,0,0,0.0
treatment_5322,treatment,0,simulated,0,0,0,0.0
treatment_5323,treatment,0,simulated,0,0,0,0.0
treatment_5324,treatment,0,simulated,0,0,0,0.0
treatment_5325,treatment,0,simulated,0,0,0,0.0
treatment_5326,treatment,0,simulated,0,0,0,0.0
treatment_5327,treatment,1,simulated,0,0,0,0.0
treatment_5328,treatment,1,simulated,0,0,0,0.0
treatment_5329,treatment,0,simulated,0,0,0,0.0
treatment_5330,treatment,0,simulated,0,0,0,0.0
treatment_5331,treatment,1,simulated,0,0,0,0.0
treatment_5332,treatment,0,simulated,0,0,0,0.0
treatment_5333,treatment,0,simulated,0,0,0,0.0
treatment_5334,treatment,0,simulated,0,0,0,0.0
treatment_5335,treatment,0,simulated,0,0,0,0.0
treatment_5336,treatment,0,simulated,0,0,0,0.0
treatment_5337,treatment,0,simulated,0,0,0,0.0
treatment_5338,treatment,0,simulated,0,0,0,0.0
treatment_5339,treatment,0,simulated,0,0,0,0.0
treatment_5340,treatment,0,simulated,0,0,0,0.0
treatment_5341,treatment,0,simulated,0,0,0,0.0
treatment_5342,treatment,0,simulated,0,0,0,0.0
treatment_5343,treatment,0,simulated,0,0,0,0.0
treatment_5344,treatment,0,simulated,0,0,0,0.0
treatment_5345,treatment,0,simulated,0,0,0,0.0
treatment_5346,treatment,0,simulated,0,0,0,0.0
treatment_5347,treatment,0,simulated,0,0,0,0.0
treatment_5348,treatment,0,simulated,0,0,0,0.0
treatment_5349,treatment,0,simulated,0,0,0,0.0
treatment_5350,treatment,0,simulated,0,0,0,0.0
treatment_5351,treatment,0,simulated,0,0,0,0.0
treatment_5352,treatment,0,simulated,0,0,0,0.0
treatment_5353,treatment,1,simulated,0,0,0,0.0
treatment_5354,treatment,1,simulated,0,0,0,0.0
treatment_5355,treatment,0,simulated,0,0,0,0.0
treatment_5356,treatment,1,simulated,0,0,0,0.0
treatment_5357,treatment,0,simulated,0,0,0,0.0
treatment_5358,treatment,0,simulated,0,0,0,0.0
treatment_5359,treatment,0,simulated,0,0,0,0.0
treatment_5360,treatment,1,simulated,0,0,0,0.0
treatment_5361,treatment,0,simulated,0,0,0,0.0
treatment_5362,treatment,0,simulated,0,0,0,0.0
treatment_5363,treatment,1,simulated,0,0,0,0.0
treatment_5364,treatment,0,simulated,0,0,0,0.0
treatment_5365,treatment,0,simulated,0,0,0,0.0
treatment_5366,treatment,0,simulated,0,0,0,0.0
treatment_5367,treatment,1,simulated,0,0,0,0.0
treatment_5368,treatment,0,simulated,0,0,0,0.0
treatment_5369,treatment,1,simulated,1,0,0,0.0
treatment_5370,treatment,0,simulated,0,0,0,0.0
treatment_5371,treatment,0,simulated,0,0,0,0.0
treatment_5372,treatment,1,simulated,0,0,0,0.0
treatment_5373,treatment,1,simulated,1,0,0,0.0
treatment_5374,treatment,0,simulated,0,0,0,0.0
treatment_5375,treatment,0,simulated,0,0,0,0.0
treatment_5376,treatment,0,simulated,0,0,0,0.0
treatment_5377,treatment,0,simulated,0,0,0,0.0
treatment_5378,treatment,0,simulated,0,0,0,0.0
treatment_5379,treatment,1,simulated,0,0,0,0.0
treatment_5380,treatment,0,simulated,0,0,0,0.0
treatment_5381,treatment,0,simulated,0,0,0,0.0
treatment_5382,treatment,0,simulated,0,0,0,0.0
treatment_5383,treatment,0,simulated,0,0,0,0.0
treatment_5384,treatment,0,simulated,0,0,0,0.0
treatment_5385,treatment,0,simulated,0,0,0,0.0
treatment_5386,treatment,0,simulated,0,0,0,0.0
treatment_5387,treatment,0,simulated,0,0,0,0.0
treatment_5388,treatment,0,simulated,0,0,0,0.0
treatment_5389,treatment,0,simulated,0,0,0,0.0
treatment_5390,treatment,0,simulated,0,0,0,0.0
treatment_5391,treatment,0,simulated,0,0,0,0.0
treatment_5392,treatment,0,simulated,0,0,0,0.0
treatment_5393,treatment,0,simulated,0,0,0,0.0
treatment_5394,treatment,0,simulated,0,0,0,0.0
treatment_5395,treatment,0,simulated,0,0,0,0.0
treatment_5396,treatment,1,simulated,0,0,0,0.0
treatment_5397,treatment,1,simulated,0,0,0,0.0
treatment_5398,treatment,0,simulated,0,0,0,0.0
treatment_5399,treatment,0,simulated,0,0,0,0.0
treatment_5400,treatment,1,simulated,0,0,0,0.0
treatment_5401,treatment,0,simulated,0,0,0,0.0
treatment_5402,treatment,1,simulated,0,0,0,0.0
treatment_5403,treatment,1,simulated,0,0,0,0.0
treatment_5404,treatment,0,simulated,0,0,0,0.0
treatment_5405,treatment,0,simulated,0,0,0,0.0
treatment_5406,treatment,0,simulated,0,0,0,0.0
treatment_5407,treatment,0,simulated,0,0,0,0.0
treatment_5408,treatment,1,simulated,0,0,0,0.0
treatment_5409,treatment,0,simulated,0,0,0,0.0
treatment_5410,treatment,0,simulated,0,0,0,0.0
treatment_5411,treatment,0,simulated,0,0,0,0.0
treatment_5412,treatment,1,simulated,0,0,0,0.0
treatment_5413,treatment,0,simulated,0,0,0,0.0
treatment_5414,treatment,1,simulated,0,0,0,0.0
treatment_5415,treatment,0,simulated,0,0,0,0.0
treatment_5416,treatment,1,simulated,0,0,0,0.0
treatment_5417,treatment,0,simulated,0,0,0,0.0
treatment_5418,treatment,0,simulated,0,0,0,0.0
treatment_5419,treatment,0,simulated,0,0,0,0.0
treatment_5420,treatment,0,simulated,0,0,0,0.0
treatment_5421,treatment,0,simulated,0,0,0,0.0
treatment_5422,treatment,1,simulated,0,0,0,0.0
treatment_5423,treatment,1,simulated,0,0,0,0.0
treatment_5424,treatment,1,simulated,0,0,0,0.0
treatment_5425,treatment,0,simulated,0,0,0,0.0
treatment_5426,treatment,0,simulated,0,0,0,0.0
treatment_5427,treatment,1,simulated,0,0,0,0.0
treatment_5428,treatment,0,simulated,0,0,0,0.0
treatment_5429,treatment,0,simulated,0,0,0,0.0
treatment_5430,treatment,0,simulated,0,0,0,0.0
treatment_5431,treatment,0,simulated,0,0,0,0.0
treatment_5432,treatment,0,simulated,0,0,0,0.0
treatment_5433,treatment,0,simulated,0,0,0,0.0
treatment_5434,treatment,0,simulated,0,0,0,0.0
treatment_5435,treatment,1,simulated,0,0,0,0.0
treatment_5436,treatment,0,simulated,0,0,0,0.0
treatment_5437,treatment,0,simulated,0,0,0,0.0
treatment_5438,treatment,1,simulated,0,0,0,0.0
treatment_5439,treatment,0,simulated,0,0,0,0.0
treatment_5440,treatment,0,simulated,0,0,0,0.0
treatment_5441,treatment,0,simulated,0,0,0,0.0
treatment_5442,treatment,0,simulated,0,0,0,0.0
treatment_5443,treatment,0,simulated,0,0,0,0.0
treatment_5444,treatment,0,simulated,0,0,0,0.0
treatment_5445,treatment,1,simulated,0,0,1,0.0
treatment_5446,treatment,0,simulated,0,0,0,0.0
treatment_5447,treatment,0,simulated,0,0,0,0.0
treatment_5448,treatment,0,simulated,0,0,0,0.0
